Command line invocation:
    /Applications/Xcode.app/Contents/Developer/usr/bin/xcodebuild -scheme Swiftfin -destination "platform=iOS Simulator,name=iPhone 16,OS=18.5" build

Resolve Package Graph


Resolved source packages:
  Files: https://github.com/JohnSundell/Files @ 4.2.0
  PulseLogHandler: https://github.com/kean/PulseLogHandler @ 5.1.0
  KeychainSwift: https://github.com/evgenyneu/keychain-swift @ 24.0.0
  Pulse: https://github.com/kean/Pulse @ 5.1.4
  swift-numerics: https://github.com/apple/swift-numerics @ 1.0.2
  Defaults: https://github.com/sindresorhus/Defaults @ 8.2.0
  SVGKit: https://github.com/SVGKit/SVGKit @ 3.0.0
  Mantis: https://github.com/guoyingtao/Mantis @ 2.21.0
  swift-collections: https://github.com/apple/swift-collections.git @ 1.0.5
  CollectionVGrid: https://github.com/LePips/CollectionVGrid @ main (09b979a)
  CollectionHStack: https://github.com/LePips/CollectionHStack @ main (ce86c82)
  URLQueryEncoder: https://github.com/CreateAPI/URLQueryEncoder @ 0.2.1
  swift-log: https://github.com/apple/swift-log.git @ 1.5.4
  CoreStore: https://github.com/JohnEstropia/CoreStore.git @ 9.3.0
  VLCUI: https://github.com/LePips/VLCUI @ main (9e0285b)
  DifferenceKit: https://github.com/ra1028/DifferenceKit @ 1.3.0
  SwizzleSwift: https://github.com/MarioIannotta/SwizzleSwift @ master (e2d31c6)
  swiftui-introspect: https://github.com/siteline/SwiftUI-Introspect @ 1.2.0
  JellyfinAPI: https://github.com/jellyfin/jellyfin-sdk-swift.git @ 0.5.2
  Factory: https://github.com/hmlongco/Factory @ 2.5.3
  Get: https://github.com/kean/Get @ 2.2.1
  TVOSPicker: https://github.com/ViacomInc/TVOSPicker @ 0.3.0
  CocoaLumberjack: https://github.com/CocoaLumberjack/CocoaLumberjack.git @ 3.8.5
  PreferencesView: /Users/andrejvysny/andrejvysny/Swiftfin/PreferencesView @ local
  swift-algorithms: https://github.com/apple/swift-algorithms.git @ 1.2.0
  swift-identified-collections: https://github.com/pointfreeco/swift-identified-collections @ 1.1.0
  UDPBroadcast: https://github.com/gunterhager/UDPBroadcastConnection @ 5.0.5
  BlurHashKit: https://github.com/LePips/BlurHashKit @ 1.2.0
  Nuke: https://github.com/kean/Nuke @ 12.7.0

ComputePackagePrebuildTargetDependencyGraph

Prepare packages

CreateBuildRequest

SendProjectDescription

CreateBuildOperation

ComputeTargetDependencyGraph
note: Building targets in dependency order
note: Target dependency graph (66 targets)
    Target 'Swiftfin iOS' in project 'Swiftfin'
        ➜ Explicit dependency on target 'Pulse' in project 'Pulse'
        ➜ Explicit dependency on target 'Defaults' in project 'Defaults'
        ➜ Explicit dependency on target 'Algorithms' in project 'swift-algorithms'
        ➜ Explicit dependency on target 'CollectionVGrid' in project 'CollectionVGrid'
        ➜ Explicit dependency on target 'PulseUI' in project 'Pulse'
        ➜ Explicit dependency on target 'PulseLogHandler' in project 'PulseLogHandler'
        ➜ Explicit dependency on target 'OrderedCollections' in project 'swift-collections'
        ➜ Explicit dependency on target 'Factory' in project 'Factory'
        ➜ Explicit dependency on target 'JellyfinAPI' in project 'JellyfinAPI'
        ➜ Explicit dependency on target 'CollectionHStack' in project 'CollectionHStack'
        ➜ Explicit dependency on target 'KeychainSwift' in project 'KeychainSwift'
        ➜ Explicit dependency on target 'Files' in project 'Files'
        ➜ Explicit dependency on target 'Mantis' in project 'Mantis'
        ➜ Explicit dependency on target 'IdentifiedCollections' in project 'swift-identified-collections'
        ➜ Explicit dependency on target 'BlurHashKit' in project 'BlurHashKit'
        ➜ Explicit dependency on target 'UDPBroadcast' in project 'UDPBroadcast'
        ➜ Explicit dependency on target 'SVGKit' in project 'SVGKit'
        ➜ Explicit dependency on target 'VLCUI' in project 'VLCUI'
        ➜ Explicit dependency on target 'CoreStore' in project 'CoreStore'
        ➜ Explicit dependency on target 'SwiftUIIntrospect' in project 'swiftui-introspect'
        ➜ Explicit dependency on target 'Nuke' in project 'Nuke'
        ➜ Explicit dependency on target 'PreferencesView' in project 'PreferencesView'
        ➜ Explicit dependency on target 'NukeUI' in project 'Nuke'
        ➜ Explicit dependency on target 'SwizzleSwift' in project 'SwizzleSwift'
    Target 'NukeUI' in project 'Nuke'
        ➜ Explicit dependency on target 'NukeUI' in project 'Nuke'
        ➜ Explicit dependency on target 'Nuke' in project 'Nuke'
    Target 'NukeUI' in project 'Nuke'
        ➜ Explicit dependency on target 'Nuke' in project 'Nuke'
    Target 'PreferencesView' in project 'PreferencesView'
        ➜ Explicit dependency on target 'PreferencesView' in project 'PreferencesView'
        ➜ Explicit dependency on target 'SwizzleSwift' in project 'SwizzleSwift'
    Target 'PreferencesView' in project 'PreferencesView'
        ➜ Explicit dependency on target 'SwizzleSwift' in project 'SwizzleSwift'
    Target 'SwizzleSwift' in project 'SwizzleSwift'
        ➜ Explicit dependency on target 'SwizzleSwift' in project 'SwizzleSwift'
    Target 'SwizzleSwift' in project 'SwizzleSwift' (no dependencies)
    Target 'Nuke' in project 'Nuke'
        ➜ Explicit dependency on target 'Nuke' in project 'Nuke'
    Target 'Nuke' in project 'Nuke' (no dependencies)
    Target 'SwiftUIIntrospect' in project 'swiftui-introspect'
        ➜ Explicit dependency on target 'SwiftUIIntrospect' in project 'swiftui-introspect'
    Target 'SwiftUIIntrospect' in project 'swiftui-introspect' (no dependencies)
    Target 'CoreStore' in project 'CoreStore'
        ➜ Explicit dependency on target 'CoreStore' in project 'CoreStore'
    Target 'CoreStore' in project 'CoreStore' (no dependencies)
    Target 'VLCUI' in project 'VLCUI'
        ➜ Explicit dependency on target 'VLCUI' in project 'VLCUI'
    Target 'VLCUI' in project 'VLCUI' (no dependencies)
    Target 'SVGKit' in project 'SVGKit'
        ➜ Explicit dependency on target 'SVGKit' in project 'SVGKit'
        ➜ Explicit dependency on target 'CocoaLumberjack' in project 'CocoaLumberjack'
    Target 'SVGKit' in project 'SVGKit'
        ➜ Explicit dependency on target 'CocoaLumberjack' in project 'CocoaLumberjack'
    Target 'CocoaLumberjack' in project 'CocoaLumberjack'
        ➜ Explicit dependency on target 'CocoaLumberjack' in project 'CocoaLumberjack'
        ➜ Explicit dependency on target 'CocoaLumberjack_CocoaLumberjack' in project 'CocoaLumberjack'
    Target 'CocoaLumberjack' in project 'CocoaLumberjack'
        ➜ Explicit dependency on target 'CocoaLumberjack_CocoaLumberjack' in project 'CocoaLumberjack'
    Target 'CocoaLumberjack_CocoaLumberjack' in project 'CocoaLumberjack' (no dependencies)
    Target 'UDPBroadcast' in project 'UDPBroadcast'
        ➜ Explicit dependency on target 'UDPBroadcast' in project 'UDPBroadcast'
    Target 'UDPBroadcast' in project 'UDPBroadcast' (no dependencies)
    Target 'BlurHashKit' in project 'BlurHashKit'
        ➜ Explicit dependency on target 'BlurHashKit' in project 'BlurHashKit'
    Target 'BlurHashKit' in project 'BlurHashKit' (no dependencies)
    Target 'IdentifiedCollections' in project 'swift-identified-collections'
        ➜ Explicit dependency on target 'IdentifiedCollections' in project 'swift-identified-collections'
        ➜ Explicit dependency on target 'OrderedCollections' in project 'swift-collections'
    Target 'IdentifiedCollections' in project 'swift-identified-collections'
        ➜ Explicit dependency on target 'OrderedCollections' in project 'swift-collections'
    Target 'Mantis' in project 'Mantis'
        ➜ Explicit dependency on target 'Mantis' in project 'Mantis'
        ➜ Explicit dependency on target 'Mantis_Mantis' in project 'Mantis'
    Target 'Mantis' in project 'Mantis'
        ➜ Explicit dependency on target 'Mantis_Mantis' in project 'Mantis'
    Target 'Mantis_Mantis' in project 'Mantis' (no dependencies)
    Target 'Files' in project 'Files'
        ➜ Explicit dependency on target 'Files' in project 'Files'
    Target 'Files' in project 'Files' (no dependencies)
    Target 'KeychainSwift' in project 'KeychainSwift'
        ➜ Explicit dependency on target 'KeychainSwift' in project 'KeychainSwift'
    Target 'KeychainSwift' in project 'KeychainSwift' (no dependencies)
    Target 'CollectionHStack' in project 'CollectionHStack'
        ➜ Explicit dependency on target 'CollectionHStack' in project 'CollectionHStack'
        ➜ Explicit dependency on target 'DifferenceKit' in project 'DifferenceKit'
    Target 'CollectionHStack' in project 'CollectionHStack'
        ➜ Explicit dependency on target 'DifferenceKit' in project 'DifferenceKit'
    Target 'JellyfinAPI' in project 'JellyfinAPI'
        ➜ Explicit dependency on target 'JellyfinAPI' in project 'JellyfinAPI'
        ➜ Explicit dependency on target 'Get' in project 'Get'
        ➜ Explicit dependency on target 'URLQueryEncoder' in project 'URLQueryEncoder'
    Target 'JellyfinAPI' in project 'JellyfinAPI'
        ➜ Explicit dependency on target 'Get' in project 'Get'
        ➜ Explicit dependency on target 'URLQueryEncoder' in project 'URLQueryEncoder'
    Target 'URLQueryEncoder' in project 'URLQueryEncoder'
        ➜ Explicit dependency on target 'URLQueryEncoder' in project 'URLQueryEncoder'
    Target 'URLQueryEncoder' in project 'URLQueryEncoder' (no dependencies)
    Target 'Get' in project 'Get'
        ➜ Explicit dependency on target 'Get' in project 'Get'
    Target 'Get' in project 'Get' (no dependencies)
    Target 'Factory' in project 'Factory'
        ➜ Explicit dependency on target 'Factory' in project 'Factory'
        ➜ Explicit dependency on target 'Factory_Factory' in project 'Factory'
    Target 'Factory' in project 'Factory'
        ➜ Explicit dependency on target 'Factory_Factory' in project 'Factory'
    Target 'Factory_Factory' in project 'Factory' (no dependencies)
    Target 'OrderedCollections' in project 'swift-collections'
        ➜ Explicit dependency on target 'OrderedCollections' in project 'swift-collections'
    Target 'OrderedCollections' in project 'swift-collections' (no dependencies)
    Target 'PulseLogHandler' in project 'PulseLogHandler'
        ➜ Explicit dependency on target 'PulseLogHandler' in project 'PulseLogHandler'
        ➜ Explicit dependency on target 'Pulse' in project 'Pulse'
        ➜ Explicit dependency on target 'Logging' in project 'swift-log'
    Target 'PulseLogHandler' in project 'PulseLogHandler'
        ➜ Explicit dependency on target 'Pulse' in project 'Pulse'
        ➜ Explicit dependency on target 'Logging' in project 'swift-log'
    Target 'Logging' in project 'swift-log'
        ➜ Explicit dependency on target 'Logging' in project 'swift-log'
    Target 'Logging' in project 'swift-log' (no dependencies)
    Target 'PulseUI' in project 'Pulse'
        ➜ Explicit dependency on target 'PulseUI' in project 'Pulse'
        ➜ Explicit dependency on target 'Pulse' in project 'Pulse'
    Target 'PulseUI' in project 'Pulse'
        ➜ Explicit dependency on target 'Pulse' in project 'Pulse'
    Target 'CollectionVGrid' in project 'CollectionVGrid'
        ➜ Explicit dependency on target 'CollectionVGrid' in project 'CollectionVGrid'
        ➜ Explicit dependency on target 'DifferenceKit' in project 'DifferenceKit'
    Target 'CollectionVGrid' in project 'CollectionVGrid'
        ➜ Explicit dependency on target 'DifferenceKit' in project 'DifferenceKit'
    Target 'DifferenceKit' in project 'DifferenceKit'
        ➜ Explicit dependency on target 'DifferenceKit' in project 'DifferenceKit'
    Target 'DifferenceKit' in project 'DifferenceKit' (no dependencies)
    Target 'Algorithms' in project 'swift-algorithms'
        ➜ Explicit dependency on target 'Algorithms' in project 'swift-algorithms'
        ➜ Explicit dependency on target 'RealModule' in project 'swift-numerics'
    Target 'Algorithms' in project 'swift-algorithms'
        ➜ Explicit dependency on target 'RealModule' in project 'swift-numerics'
    Target 'RealModule' in project 'swift-numerics'
        ➜ Explicit dependency on target 'RealModule' in project 'swift-numerics'
        ➜ Explicit dependency on target '_NumericsShims' in project 'swift-numerics'
    Target 'RealModule' in project 'swift-numerics'
        ➜ Explicit dependency on target '_NumericsShims' in project 'swift-numerics'
    Target '_NumericsShims' in project 'swift-numerics' (no dependencies)
    Target 'Defaults' in project 'Defaults'
        ➜ Explicit dependency on target 'Defaults' in project 'Defaults'
        ➜ Explicit dependency on target 'Defaults_Defaults' in project 'Defaults'
    Target 'Defaults' in project 'Defaults'
        ➜ Explicit dependency on target 'Defaults_Defaults' in project 'Defaults'
    Target 'Defaults_Defaults' in project 'Defaults' (no dependencies)
    Target 'Pulse' in project 'Pulse'
        ➜ Explicit dependency on target 'Pulse' in project 'Pulse'
    Target 'Pulse' in project 'Pulse' (no dependencies)

GatherProvisioningInputs

CreateBuildDescription

ExecuteExternalTool /Applications/Xcode.app/Contents/Developer/Toolchains/XcodeDefault.xctoolchain/usr/bin/clang -v -E -dM -arch arm64 -isysroot /Applications/Xcode.app/Contents/Developer/Platforms/iPhoneSimulator.platform/Developer/SDKs/iPhoneSimulator18.5.sdk -x c -c /dev/null

ExecuteExternalTool /Applications/Xcode.app/Contents/Developer/Toolchains/XcodeDefault.xctoolchain/usr/bin/swiftc --version

ExecuteExternalTool /Applications/Xcode.app/Contents/Developer/Toolchains/XcodeDefault.xctoolchain/usr/bin/clang -v -E -dM -arch arm64 -isysroot /Applications/Xcode.app/Contents/Developer/Platforms/iPhoneSimulator.platform/Developer/SDKs/iPhoneSimulator18.5.sdk -x objective-c -c /dev/null

ExecuteExternalTool /Applications/Xcode.app/Contents/Developer/Toolchains/XcodeDefault.xctoolchain/usr/bin/clang -v -E -dM -isysroot /Applications/Xcode.app/Contents/Developer/Platforms/iPhoneSimulator.platform/Developer/SDKs/iPhoneSimulator18.5.sdk -x c -c /dev/null

ExecuteExternalTool /Applications/Xcode.app/Contents/Developer/usr/bin/actool --print-asset-tag-combinations --output-format xml1 /Users/andrejvysny/andrejvysny/Swiftfin/Swiftfin/Resources/Assets.xcassets

ExecuteExternalTool /Applications/Xcode.app/Contents/Developer/Toolchains/XcodeDefault.xctoolchain/usr/bin/ld -version_details

ReadFileContents /Applications/Xcode.app/Contents/Developer/Toolchains/XcodeDefault.xctoolchain/usr/share/docc/features.json

ExecuteExternalTool /Applications/Xcode.app/Contents/Developer/usr/bin/actool --version --output-format xml1

Build description signature: 7bffb8a3c9c5e788de4b582c08d5473e
Build description path: /Users/andrejvysny/Library/Developer/Xcode/DerivedData/Swiftfin-fgghtvigwpcaqzejbcbexicnucjq/Build/Intermediates.noindex/XCBuildData/7bffb8a3c9c5e788de4b582c08d5473e.xcbuilddata
ClangStatCache /Applications/Xcode.app/Contents/Developer/Toolchains/XcodeDefault.xctoolchain/usr/bin/clang-stat-cache /Applications/Xcode.app/Contents/Developer/Platforms/iPhoneSimulator.platform/Developer/SDKs/iPhoneSimulator18.5.sdk /Users/andrejvysny/Library/Developer/Xcode/DerivedData/SDKStatCaches.noindex/iphonesimulator18.5-22F76-d5fc8ad4295d2ef488fb7d0f804ce0c4.sdkstatcache
    cd /Users/andrejvysny/andrejvysny/Swiftfin/Swiftfin.xcodeproj
    /Applications/Xcode.app/Contents/Developer/Toolchains/XcodeDefault.xctoolchain/usr/bin/clang-stat-cache /Applications/Xcode.app/Contents/Developer/Platforms/iPhoneSimulator.platform/Developer/SDKs/iPhoneSimulator18.5.sdk -o /Users/andrejvysny/Library/Developer/Xcode/DerivedData/SDKStatCaches.noindex/iphonesimulator18.5-22F76-d5fc8ad4295d2ef488fb7d0f804ce0c4.sdkstatcache

ProcessInfoPlistFile /Users/andrejvysny/Library/Developer/Xcode/DerivedData/Swiftfin-fgghtvigwpcaqzejbcbexicnucjq/Build/Products/Debug-iphonesimulator/Defaults_Defaults.bundle/Info.plist /Users/andrejvysny/Library/Developer/Xcode/DerivedData/Swiftfin-fgghtvigwpcaqzejbcbexicnucjq/Build/Intermediates.noindex/Defaults.build/Debug-iphonesimulator/Defaults_Defaults.build/empty-Defaults_Defaults.plist (in target 'Defaults_Defaults' from project 'Defaults')
    cd /Users/andrejvysny/Library/Developer/Xcode/DerivedData/Swiftfin-fgghtvigwpcaqzejbcbexicnucjq/SourcePackages/checkouts/Defaults
    builtin-infoPlistUtility /Users/andrejvysny/Library/Developer/Xcode/DerivedData/Swiftfin-fgghtvigwpcaqzejbcbexicnucjq/Build/Intermediates.noindex/Defaults.build/Debug-iphonesimulator/Defaults_Defaults.build/empty-Defaults_Defaults.plist -producttype com.apple.product-type.bundle -expandbuildsettings -format binary -platform iphonesimulator -o /Users/andrejvysny/Library/Developer/Xcode/DerivedData/Swiftfin-fgghtvigwpcaqzejbcbexicnucjq/Build/Products/Debug-iphonesimulator/Defaults_Defaults.bundle/Info.plist

ProcessInfoPlistFile /Users/andrejvysny/Library/Developer/Xcode/DerivedData/Swiftfin-fgghtvigwpcaqzejbcbexicnucjq/Build/Products/Debug-iphonesimulator/Factory_Factory.bundle/Info.plist /Users/andrejvysny/Library/Developer/Xcode/DerivedData/Swiftfin-fgghtvigwpcaqzejbcbexicnucjq/Build/Intermediates.noindex/Factory.build/Debug-iphonesimulator/Factory_Factory.build/empty-Factory_Factory.plist (in target 'Factory_Factory' from project 'Factory')
    cd /Users/andrejvysny/Library/Developer/Xcode/DerivedData/Swiftfin-fgghtvigwpcaqzejbcbexicnucjq/SourcePackages/checkouts/Factory
    builtin-infoPlistUtility /Users/andrejvysny/Library/Developer/Xcode/DerivedData/Swiftfin-fgghtvigwpcaqzejbcbexicnucjq/Build/Intermediates.noindex/Factory.build/Debug-iphonesimulator/Factory_Factory.build/empty-Factory_Factory.plist -producttype com.apple.product-type.bundle -expandbuildsettings -format binary -platform iphonesimulator -o /Users/andrejvysny/Library/Developer/Xcode/DerivedData/Swiftfin-fgghtvigwpcaqzejbcbexicnucjq/Build/Products/Debug-iphonesimulator/Factory_Factory.bundle/Info.plist

ProcessInfoPlistFile /Users/andrejvysny/Library/Developer/Xcode/DerivedData/Swiftfin-fgghtvigwpcaqzejbcbexicnucjq/Build/Products/Debug-iphonesimulator/Mantis_Mantis.bundle/Info.plist /Users/andrejvysny/Library/Developer/Xcode/DerivedData/Swiftfin-fgghtvigwpcaqzejbcbexicnucjq/Build/Intermediates.noindex/Mantis.build/Debug-iphonesimulator/Mantis_Mantis.build/empty-Mantis_Mantis.plist (in target 'Mantis_Mantis' from project 'Mantis')
    cd /Users/andrejvysny/Library/Developer/Xcode/DerivedData/Swiftfin-fgghtvigwpcaqzejbcbexicnucjq/SourcePackages/checkouts/Mantis
    builtin-infoPlistUtility /Users/andrejvysny/Library/Developer/Xcode/DerivedData/Swiftfin-fgghtvigwpcaqzejbcbexicnucjq/Build/Intermediates.noindex/Mantis.build/Debug-iphonesimulator/Mantis_Mantis.build/empty-Mantis_Mantis.plist -producttype com.apple.product-type.bundle -expandbuildsettings -format binary -platform iphonesimulator -o /Users/andrejvysny/Library/Developer/Xcode/DerivedData/Swiftfin-fgghtvigwpcaqzejbcbexicnucjq/Build/Products/Debug-iphonesimulator/Mantis_Mantis.bundle/Info.plist

ProcessInfoPlistFile /Users/andrejvysny/Library/Developer/Xcode/DerivedData/Swiftfin-fgghtvigwpcaqzejbcbexicnucjq/Build/Products/Debug-iphonesimulator/CocoaLumberjack_CocoaLumberjack.bundle/Info.plist /Users/andrejvysny/Library/Developer/Xcode/DerivedData/Swiftfin-fgghtvigwpcaqzejbcbexicnucjq/Build/Intermediates.noindex/CocoaLumberjack.build/Debug-iphonesimulator/CocoaLumberjack_CocoaLumberjack.build/empty-CocoaLumberjack_CocoaLumberjack.plist (in target 'CocoaLumberjack_CocoaLumberjack' from project 'CocoaLumberjack')
    cd /Users/andrejvysny/Library/Developer/Xcode/DerivedData/Swiftfin-fgghtvigwpcaqzejbcbexicnucjq/SourcePackages/checkouts/CocoaLumberjack
    builtin-infoPlistUtility /Users/andrejvysny/Library/Developer/Xcode/DerivedData/Swiftfin-fgghtvigwpcaqzejbcbexicnucjq/Build/Intermediates.noindex/CocoaLumberjack.build/Debug-iphonesimulator/CocoaLumberjack_CocoaLumberjack.build/empty-CocoaLumberjack_CocoaLumberjack.plist -producttype com.apple.product-type.bundle -expandbuildsettings -format binary -platform iphonesimulator -o /Users/andrejvysny/Library/Developer/Xcode/DerivedData/Swiftfin-fgghtvigwpcaqzejbcbexicnucjq/Build/Products/Debug-iphonesimulator/CocoaLumberjack_CocoaLumberjack.bundle/Info.plist

ProcessProductPackaging /Users/andrejvysny/andrejvysny/Swiftfin/Swiftfin/Resources/Swiftfin.entitlements /Users/andrejvysny/Library/Developer/Xcode/DerivedData/Swiftfin-fgghtvigwpcaqzejbcbexicnucjq/Build/Intermediates.noindex/Swiftfin.build/Debug-iphonesimulator/Swiftfin\ iOS.build/Swiftfin\ iOS.app.xcent (in target 'Swiftfin iOS' from project 'Swiftfin')
    cd /Users/andrejvysny/andrejvysny/Swiftfin
    
    Entitlements:
    
    {
}
    
    builtin-productPackagingUtility /Users/andrejvysny/andrejvysny/Swiftfin/Swiftfin/Resources/Swiftfin.entitlements -entitlements -format xml -o /Users/andrejvysny/Library/Developer/Xcode/DerivedData/Swiftfin-fgghtvigwpcaqzejbcbexicnucjq/Build/Intermediates.noindex/Swiftfin.build/Debug-iphonesimulator/Swiftfin\ iOS.build/Swiftfin\ iOS.app.xcent

WriteAuxiliaryFile /Users/andrejvysny/Library/Developer/Xcode/DerivedData/Swiftfin-fgghtvigwpcaqzejbcbexicnucjq/Build/Intermediates.noindex/Swiftfin.build/Debug-iphonesimulator/Swiftfin\ iOS.build/Objects-normal/arm64/Swiftfin\ iOS.LinkFileList (in target 'Swiftfin iOS' from project 'Swiftfin')
    cd /Users/andrejvysny/andrejvysny/Swiftfin
    write-file /Users/andrejvysny/Library/Developer/Xcode/DerivedData/Swiftfin-fgghtvigwpcaqzejbcbexicnucjq/Build/Intermediates.noindex/Swiftfin.build/Debug-iphonesimulator/Swiftfin\ iOS.build/Objects-normal/arm64/Swiftfin\ iOS.LinkFileList

WriteAuxiliaryFile /Users/andrejvysny/Library/Developer/Xcode/DerivedData/Swiftfin-fgghtvigwpcaqzejbcbexicnucjq/Build/Intermediates.noindex/Swiftfin.build/Debug-iphonesimulator/Swiftfin\ iOS.build/Objects-normal/arm64/Swiftfin\ iOS.SwiftConstValuesFileList (in target 'Swiftfin iOS' from project 'Swiftfin')
    cd /Users/andrejvysny/andrejvysny/Swiftfin
    write-file /Users/andrejvysny/Library/Developer/Xcode/DerivedData/Swiftfin-fgghtvigwpcaqzejbcbexicnucjq/Build/Intermediates.noindex/Swiftfin.build/Debug-iphonesimulator/Swiftfin\ iOS.build/Objects-normal/arm64/Swiftfin\ iOS.SwiftConstValuesFileList

WriteAuxiliaryFile /Users/andrejvysny/Library/Developer/Xcode/DerivedData/Swiftfin-fgghtvigwpcaqzejbcbexicnucjq/Build/Intermediates.noindex/Swiftfin.build/Debug-iphonesimulator/Swiftfin\ iOS.build/Objects-normal/arm64/Swiftfin\ iOS.SwiftFileList (in target 'Swiftfin iOS' from project 'Swiftfin')
    cd /Users/andrejvysny/andrejvysny/Swiftfin
    write-file /Users/andrejvysny/Library/Developer/Xcode/DerivedData/Swiftfin-fgghtvigwpcaqzejbcbexicnucjq/Build/Intermediates.noindex/Swiftfin.build/Debug-iphonesimulator/Swiftfin\ iOS.build/Objects-normal/arm64/Swiftfin\ iOS.SwiftFileList

ProcessProductPackaging /Users/andrejvysny/andrejvysny/Swiftfin/Swiftfin/Resources/Swiftfin.entitlements /Users/andrejvysny/Library/Developer/Xcode/DerivedData/Swiftfin-fgghtvigwpcaqzejbcbexicnucjq/Build/Intermediates.noindex/Swiftfin.build/Debug-iphonesimulator/Swiftfin\ iOS.build/Swiftfin\ iOS.app-Simulated.xcent (in target 'Swiftfin iOS' from project 'Swiftfin')
    cd /Users/andrejvysny/andrejvysny/Swiftfin
    
    Entitlements:
    
    {
    "application-identifier" = "\"\".org.jellyfin.swiftfin";
}
    
    builtin-productPackagingUtility /Users/andrejvysny/andrejvysny/Swiftfin/Swiftfin/Resources/Swiftfin.entitlements -entitlements -format xml -o /Users/andrejvysny/Library/Developer/Xcode/DerivedData/Swiftfin-fgghtvigwpcaqzejbcbexicnucjq/Build/Intermediates.noindex/Swiftfin.build/Debug-iphonesimulator/Swiftfin\ iOS.build/Swiftfin\ iOS.app-Simulated.xcent

ProcessProductPackagingDER /Users/andrejvysny/Library/Developer/Xcode/DerivedData/Swiftfin-fgghtvigwpcaqzejbcbexicnucjq/Build/Intermediates.noindex/Swiftfin.build/Debug-iphonesimulator/Swiftfin\ iOS.build/Swiftfin\ iOS.app-Simulated.xcent /Users/andrejvysny/Library/Developer/Xcode/DerivedData/Swiftfin-fgghtvigwpcaqzejbcbexicnucjq/Build/Intermediates.noindex/Swiftfin.build/Debug-iphonesimulator/Swiftfin\ iOS.build/Swiftfin\ iOS.app-Simulated.xcent.der (in target 'Swiftfin iOS' from project 'Swiftfin')
    cd /Users/andrejvysny/andrejvysny/Swiftfin
    /usr/bin/derq query -f xml -i /Users/andrejvysny/Library/Developer/Xcode/DerivedData/Swiftfin-fgghtvigwpcaqzejbcbexicnucjq/Build/Intermediates.noindex/Swiftfin.build/Debug-iphonesimulator/Swiftfin\ iOS.build/Swiftfin\ iOS.app-Simulated.xcent -o /Users/andrejvysny/Library/Developer/Xcode/DerivedData/Swiftfin-fgghtvigwpcaqzejbcbexicnucjq/Build/Intermediates.noindex/Swiftfin.build/Debug-iphonesimulator/Swiftfin\ iOS.build/Swiftfin\ iOS.app-Simulated.xcent.der --raw

ProcessProductPackagingDER /Users/andrejvysny/Library/Developer/Xcode/DerivedData/Swiftfin-fgghtvigwpcaqzejbcbexicnucjq/Build/Intermediates.noindex/Swiftfin.build/Debug-iphonesimulator/Swiftfin\ iOS.build/Swiftfin\ iOS.app.xcent /Users/andrejvysny/Library/Developer/Xcode/DerivedData/Swiftfin-fgghtvigwpcaqzejbcbexicnucjq/Build/Intermediates.noindex/Swiftfin.build/Debug-iphonesimulator/Swiftfin\ iOS.build/Swiftfin\ iOS.app.xcent.der (in target 'Swiftfin iOS' from project 'Swiftfin')
    cd /Users/andrejvysny/andrejvysny/Swiftfin
    /usr/bin/derq query -f xml -i /Users/andrejvysny/Library/Developer/Xcode/DerivedData/Swiftfin-fgghtvigwpcaqzejbcbexicnucjq/Build/Intermediates.noindex/Swiftfin.build/Debug-iphonesimulator/Swiftfin\ iOS.build/Swiftfin\ iOS.app.xcent -o /Users/andrejvysny/Library/Developer/Xcode/DerivedData/Swiftfin-fgghtvigwpcaqzejbcbexicnucjq/Build/Intermediates.noindex/Swiftfin.build/Debug-iphonesimulator/Swiftfin\ iOS.build/Swiftfin\ iOS.app.xcent.der --raw

PhaseScriptExecution Alphabetize\ Strings /Users/andrejvysny/Library/Developer/Xcode/DerivedData/Swiftfin-fgghtvigwpcaqzejbcbexicnucjq/Build/Intermediates.noindex/Swiftfin.build/Debug-iphonesimulator/Swiftfin\ iOS.build/Script-4EC71FBC2D16201C00D0B3A8.sh (in target 'Swiftfin iOS' from project 'Swiftfin')
    cd /Users/andrejvysny/andrejvysny/Swiftfin
    export ACTION\=build
    export AD_HOC_CODE_SIGNING_ALLOWED\=YES
    export AGGREGATE_TRACKED_DOMAINS\=YES
    export ALLOW_BUILD_REQUEST_OVERRIDES\=NO
    export ALLOW_TARGET_PLATFORM_SPECIALIZATION\=NO
    export ALTERNATE_GROUP\=staff
    export ALTERNATE_MODE\=u+w,go-w,a+rX
    export ALTERNATE_OWNER\=andrejvysny
    export ALTERNATIVE_DISTRIBUTION_WEB\=NO
    export ALWAYS_EMBED_SWIFT_STANDARD_LIBRARIES\=NO
    export ALWAYS_SEARCH_USER_PATHS\=NO
    export ALWAYS_USE_SEPARATE_HEADERMAPS\=NO
    export APPLICATION_EXTENSION_API_ONLY\=NO
    export APPLY_RULES_IN_COPY_FILES\=NO
    export APPLY_RULES_IN_COPY_HEADERS\=NO
    export APP_SHORTCUTS_ENABLE_FLEXIBLE_MATCHING\=YES
    export ARCHS\=arm64
    export ARCHS_STANDARD\=arm64\ x86_64
    export ARCHS_STANDARD_32_64_BIT\=arm64\ x86_64
    export ARCHS_STANDARD_64_BIT\=arm64\ x86_64
    export ARCHS_STANDARD_INCLUDING_64_BIT\=arm64\ x86_64
    export ARCHS_UNIVERSAL_IPHONE_OS\=arm64\ x86_64
    export ASSETCATALOG_COMPILER_APPICON_NAME\=AppIcon-primary-primary
    export ASSETCATALOG_COMPILER_GENERATE_SWIFT_ASSET_SYMBOL_EXTENSIONS\=YES
    export ASSETCATALOG_COMPILER_INCLUDE_ALL_APPICON_ASSETS\=YES
    export ASSETCATALOG_FILTER_FOR_DEVICE_MODEL\=iPhone17,3
    export ASSETCATALOG_FILTER_FOR_DEVICE_OS_VERSION\=18.5
    export ASSETCATALOG_FILTER_FOR_THINNING_DEVICE_CONFIGURATION\=iPhone17,3
    export AUTOMATICALLY_MERGE_DEPENDENCIES\=NO
    export AVAILABLE_PLATFORMS\=android\ appletvos\ appletvsimulator\ driverkit\ iphoneos\ iphonesimulator\ macosx\ qnx\ watchos\ watchsimulator\ xros\ xrsimulator
    export AppIdentifierPrefix\=\"\".
    export BITCODE_GENERATION_MODE\=marker
    export BUILD_ACTIVE_RESOURCES_ONLY\=YES
    export BUILD_COMPONENTS\=headers\ build
    export BUILD_DIR\=/Users/andrejvysny/Library/Developer/Xcode/DerivedData/Swiftfin-fgghtvigwpcaqzejbcbexicnucjq/Build/Products
    export BUILD_LIBRARY_FOR_DISTRIBUTION\=NO
    export BUILD_ROOT\=/Users/andrejvysny/Library/Developer/Xcode/DerivedData/Swiftfin-fgghtvigwpcaqzejbcbexicnucjq/Build/Products
    export BUILD_STYLE\=
    export BUILD_VARIANTS\=normal
    export BUILT_PRODUCTS_DIR\=/Users/andrejvysny/Library/Developer/Xcode/DerivedData/Swiftfin-fgghtvigwpcaqzejbcbexicnucjq/Build/Products/Debug-iphonesimulator
    export BUNDLE_CONTENTS_FOLDER_PATH_deep\=Contents/
    export BUNDLE_EXECUTABLE_FOLDER_NAME_deep\=MacOS
    export BUNDLE_EXTENSIONS_FOLDER_PATH\=Extensions
    export BUNDLE_FORMAT\=shallow
    export BUNDLE_FRAMEWORKS_FOLDER_PATH\=Frameworks
    export BUNDLE_PLUGINS_FOLDER_PATH\=PlugIns
    export BUNDLE_PRIVATE_HEADERS_FOLDER_PATH\=PrivateHeaders
    export BUNDLE_PUBLIC_HEADERS_FOLDER_PATH\=Headers
    export CACHE_ROOT\=/var/folders/z5/x_0nvl9n33nd463_mpr617p00000gn/C/com.apple.DeveloperTools/16.4-16F6/Xcode
    export CCHROOT\=/var/folders/z5/x_0nvl9n33nd463_mpr617p00000gn/C/com.apple.DeveloperTools/16.4-16F6/Xcode
    export CHMOD\=/bin/chmod
    export CHOWN\=/usr/sbin/chown
    export CLANG_ANALYZER_LOCALIZABILITY_NONLOCALIZED\=YES
    export CLANG_ANALYZER_NONNULL\=YES
    export CLANG_ANALYZER_NUMBER_OBJECT_CONVERSION\=YES_AGGRESSIVE
    export CLANG_CACHE_FINE_GRAINED_OUTPUTS\=YES
    export CLANG_CXX_LANGUAGE_STANDARD\=gnu++14
    export CLANG_CXX_LIBRARY\=libc++
    export CLANG_ENABLE_EXPLICIT_MODULES\=YES
    export CLANG_ENABLE_MODULES\=YES
    export CLANG_ENABLE_OBJC_ARC\=YES
    export CLANG_ENABLE_OBJC_WEAK\=YES
    export CLANG_MODULES_BUILD_SESSION_FILE\=/Users/andrejvysny/Library/Developer/Xcode/DerivedData/ModuleCache.noindex/Session.modulevalidation
    export CLANG_WARN_BLOCK_CAPTURE_AUTORELEASING\=YES
    export CLANG_WARN_BOOL_CONVERSION\=YES
    export CLANG_WARN_COMMA\=YES
    export CLANG_WARN_CONSTANT_CONVERSION\=YES
    export CLANG_WARN_DEPRECATED_OBJC_IMPLEMENTATIONS\=YES
    export CLANG_WARN_DIRECT_OBJC_ISA_USAGE\=YES_ERROR
    export CLANG_WARN_DOCUMENTATION_COMMENTS\=YES
    export CLANG_WARN_EMPTY_BODY\=YES
    export CLANG_WARN_ENUM_CONVERSION\=YES
    export CLANG_WARN_INFINITE_RECURSION\=YES
    export CLANG_WARN_INT_CONVERSION\=YES
    export CLANG_WARN_NON_LITERAL_NULL_CONVERSION\=YES
    export CLANG_WARN_OBJC_IMPLICIT_RETAIN_SELF\=YES
    export CLANG_WARN_OBJC_LITERAL_CONVERSION\=YES
    export CLANG_WARN_OBJC_ROOT_CLASS\=YES_ERROR
    export CLANG_WARN_QUOTED_INCLUDE_IN_FRAMEWORK_HEADER\=YES
    export CLANG_WARN_RANGE_LOOP_ANALYSIS\=YES
    export CLANG_WARN_STRICT_PROTOTYPES\=YES
    export CLANG_WARN_SUSPICIOUS_MOVE\=YES
    export CLANG_WARN_UNGUARDED_AVAILABILITY\=YES_AGGRESSIVE
    export CLANG_WARN_UNREACHABLE_CODE\=YES
    export CLANG_WARN__DUPLICATE_METHOD_MATCH\=YES
    export CLASS_FILE_DIR\=/Users/andrejvysny/Library/Developer/Xcode/DerivedData/Swiftfin-fgghtvigwpcaqzejbcbexicnucjq/Build/Intermediates.noindex/Swiftfin.build/Debug-iphonesimulator/Swiftfin\ iOS.build/JavaClasses
    export CLEAN_PRECOMPS\=YES
    export CLONE_HEADERS\=NO
    export CODESIGNING_FOLDER_PATH\=/Users/andrejvysny/Library/Developer/Xcode/DerivedData/Swiftfin-fgghtvigwpcaqzejbcbexicnucjq/Build/Products/Debug-iphonesimulator/Swiftfin\ iOS.app
    export CODE_SIGNING_ALLOWED\=YES
    export CODE_SIGNING_REQUIRED\=YES
    export CODE_SIGN_CONTEXT_CLASS\=XCiPhoneSimulatorCodeSignContext
    export CODE_SIGN_ENTITLEMENTS\=Swiftfin/Resources/Swiftfin.entitlements
    export CODE_SIGN_IDENTITY\=Apple\ Development
    export CODE_SIGN_INJECT_BASE_ENTITLEMENTS\=YES
    export CODE_SIGN_STYLE\=Automatic
    export COLOR_DIAGNOSTICS\=NO
    export COMBINE_HIDPI_IMAGES\=NO
    export COMPILATION_CACHE_CAS_PATH\=/Users/andrejvysny/Library/Developer/Xcode/DerivedData/CompilationCache.noindex
    export COMPILATION_CACHE_KEEP_CAS_DIRECTORY\=YES
    export COMPILER_INDEX_STORE_ENABLE\=Default
    export COMPOSITE_SDK_DIRS\=/Users/andrejvysny/Library/Developer/Xcode/DerivedData/Swiftfin-fgghtvigwpcaqzejbcbexicnucjq/Build/Intermediates.noindex/CompositeSDKs
    export COMPRESS_PNG_FILES\=YES
    export CONFIGURATION\=Debug
    export CONFIGURATION_BUILD_DIR\=/Users/andrejvysny/Library/Developer/Xcode/DerivedData/Swiftfin-fgghtvigwpcaqzejbcbexicnucjq/Build/Products/Debug-iphonesimulator
    export CONFIGURATION_TEMP_DIR\=/Users/andrejvysny/Library/Developer/Xcode/DerivedData/Swiftfin-fgghtvigwpcaqzejbcbexicnucjq/Build/Intermediates.noindex/Swiftfin.build/Debug-iphonesimulator
    export CONTENTS_FOLDER_PATH\=Swiftfin\ iOS.app
    export CONTENTS_FOLDER_PATH_SHALLOW_BUNDLE_NO\=Swiftfin\ iOS.app/Contents
    export CONTENTS_FOLDER_PATH_SHALLOW_BUNDLE_YES\=Swiftfin\ iOS.app
    export COPYING_PRESERVES_HFS_DATA\=NO
    export COPY_HEADERS_RUN_UNIFDEF\=NO
    export COPY_PHASE_STRIP\=NO
    export CORRESPONDING_DEVICE_PLATFORM_DIR\=/Applications/Xcode.app/Contents/Developer/Platforms/iPhoneOS.platform
    export CORRESPONDING_DEVICE_PLATFORM_NAME\=iphoneos
    export CORRESPONDING_DEVICE_SDK_DIR\=/Applications/Xcode.app/Contents/Developer/Platforms/iPhoneOS.platform/Developer/SDKs/iPhoneOS18.5.sdk
    export CORRESPONDING_DEVICE_SDK_NAME\=iphoneos18.5
    export CP\=/bin/cp
    export CREATE_INFOPLIST_SECTION_IN_BINARY\=NO
    export CURRENT_ARCH\=undefined_arch
    export CURRENT_PROJECT_VERSION\=78
    export CURRENT_VARIANT\=normal
    export DEAD_CODE_STRIPPING\=YES
    export DEBUGGING_SYMBOLS\=YES
    export DEBUG_INFORMATION_FORMAT\=dwarf
    export DEBUG_INFORMATION_VERSION\=compiler-default
    export DEFAULT_COMPILER\=com.apple.compilers.llvm.clang.1_0
    export DEFAULT_DEXT_INSTALL_PATH\=/System/Library/DriverExtensions
    export DEFAULT_KEXT_INSTALL_PATH\=/System/Library/Extensions
    export DEFINES_MODULE\=NO
    export DEPLOYMENT_LOCATION\=NO
    export DEPLOYMENT_POSTPROCESSING\=NO
    export DEPLOYMENT_TARGET_SETTING_NAME\=IPHONEOS_DEPLOYMENT_TARGET
    export DEPLOYMENT_TARGET_SUGGESTED_VALUES\=12.0\ 12.1\ 12.2\ 12.3\ 12.4\ 13.0\ 13.1\ 13.2\ 13.3\ 13.4\ 13.5\ 13.6\ 14.0\ 14.1\ 14.2\ 14.3\ 14.4\ 14.5\ 14.6\ 14.7\ 15.0\ 15.1\ 15.2\ 15.3\ 15.4\ 15.5\ 15.6\ 16.0\ 16.1\ 16.2\ 16.3\ 16.4\ 16.5\ 16.6\ 17.0\ 17.1\ 17.2\ 17.3\ 17.4\ 17.5\ 17.6\ 18.0\ 18.1\ 18.2\ 18.3\ 18.4\ 18.5
    export DERIVED_FILES_DIR\=/Users/andrejvysny/Library/Developer/Xcode/DerivedData/Swiftfin-fgghtvigwpcaqzejbcbexicnucjq/Build/Intermediates.noindex/Swiftfin.build/Debug-iphonesimulator/Swiftfin\ iOS.build/DerivedSources
    export DERIVED_FILE_DIR\=/Users/andrejvysny/Library/Developer/Xcode/DerivedData/Swiftfin-fgghtvigwpcaqzejbcbexicnucjq/Build/Intermediates.noindex/Swiftfin.build/Debug-iphonesimulator/Swiftfin\ iOS.build/DerivedSources
    export DERIVED_SOURCES_DIR\=/Users/andrejvysny/Library/Developer/Xcode/DerivedData/Swiftfin-fgghtvigwpcaqzejbcbexicnucjq/Build/Intermediates.noindex/Swiftfin.build/Debug-iphonesimulator/Swiftfin\ iOS.build/DerivedSources
    export DEVELOPER_APPLICATIONS_DIR\=/Applications/Xcode.app/Contents/Developer/Applications
    export DEVELOPER_BIN_DIR\=/Applications/Xcode.app/Contents/Developer/usr/bin
    export DEVELOPER_DIR\=/Applications/Xcode.app/Contents/Developer
    export DEVELOPER_FRAMEWORKS_DIR\=/Applications/Xcode.app/Contents/Developer/Library/Frameworks
    export DEVELOPER_FRAMEWORKS_DIR_QUOTED\=/Applications/Xcode.app/Contents/Developer/Library/Frameworks
    export DEVELOPER_LIBRARY_DIR\=/Applications/Xcode.app/Contents/Developer/Library
    export DEVELOPER_SDK_DIR\=/Applications/Xcode.app/Contents/Developer/Platforms/MacOSX.platform/Developer/SDKs
    export DEVELOPER_TOOLS_DIR\=/Applications/Xcode.app/Contents/Developer/Tools
    export DEVELOPER_USR_DIR\=/Applications/Xcode.app/Contents/Developer/usr
    export DEVELOPMENT_LANGUAGE\=en
    export DEVELOPMENT_TEAM\=\"\"
    export DIAGNOSE_MISSING_TARGET_DEPENDENCIES\=YES
    export DIFF\=/usr/bin/diff
    export DOCUMENTATION_FOLDER_PATH\=Swiftfin\ iOS.app/en.lproj/Documentation
    export DONT_GENERATE_INFOPLIST_FILE\=NO
    export DSTROOT\=/tmp/Swiftfin.dst
    export DT_TOOLCHAIN_DIR\=/Applications/Xcode.app/Contents/Developer/Toolchains/XcodeDefault.xctoolchain
    export DWARF_DSYM_FILE_NAME\=Swiftfin\ iOS.app.dSYM
    export DWARF_DSYM_FILE_SHOULD_ACCOMPANY_PRODUCT\=NO
    export DWARF_DSYM_FOLDER_PATH\=/Users/andrejvysny/Library/Developer/Xcode/DerivedData/Swiftfin-fgghtvigwpcaqzejbcbexicnucjq/Build/Products/Debug-iphonesimulator
    export DYNAMIC_LIBRARY_EXTENSION\=dylib
    export EAGER_COMPILATION_ALLOW_SCRIPTS\=NO
    export EAGER_LINKING\=NO
    export EFFECTIVE_PLATFORM_NAME\=-iphonesimulator
    export EMBEDDED_CONTENT_CONTAINS_SWIFT\=NO
    export EMBED_ASSET_PACKS_IN_PRODUCT_BUNDLE\=NO
    export EMBED_PACKAGE_RESOURCE_BUNDLE_NAMES\=\ CocoaLumberjack_CocoaLumberjack\ Mantis_Mantis\ Factory_Factory\ Defaults_Defaults
    export ENABLE_APP_SANDBOX\=NO
    export ENABLE_BITCODE\=NO
    export ENABLE_CODE_COVERAGE\=YES
    export ENABLE_DEBUG_DYLIB\=YES
    export ENABLE_DEFAULT_HEADER_SEARCH_PATHS\=YES
    export ENABLE_DEFAULT_SEARCH_PATHS\=YES
    export ENABLE_HARDENED_RUNTIME\=NO
    export ENABLE_HEADER_DEPENDENCIES\=YES
    export ENABLE_INCOMING_NETWORK_CONNECTIONS\=NO
    export ENABLE_ON_DEMAND_RESOURCES\=YES
    export ENABLE_OUTGOING_NETWORK_CONNECTIONS\=NO
    export ENABLE_PREVIEWS\=NO
    export ENABLE_RESOURCE_ACCESS_AUDIO_INPUT\=NO
    export ENABLE_RESOURCE_ACCESS_BLUETOOTH\=NO
    export ENABLE_RESOURCE_ACCESS_CALENDARS\=NO
    export ENABLE_RESOURCE_ACCESS_CAMERA\=NO
    export ENABLE_RESOURCE_ACCESS_CONTACTS\=NO
    export ENABLE_RESOURCE_ACCESS_LOCATION\=NO
    export ENABLE_RESOURCE_ACCESS_PRINTING\=NO
    export ENABLE_RESOURCE_ACCESS_USB\=NO
    export ENABLE_SDK_IMPORTS\=NO
    export ENABLE_STRICT_OBJC_MSGSEND\=YES
    export ENABLE_TESTABILITY\=YES
    export ENABLE_TESTING_SEARCH_PATHS\=NO
    export ENABLE_USER_SCRIPT_SANDBOXING\=NO
    export ENABLE_XOJIT_PREVIEWS\=YES
    export ENFORCE_VALID_ARCHS\=YES
    export ENTITLEMENTS_ALLOWED\=NO
    export ENTITLEMENTS_DESTINATION\=__entitlements
    export ENTITLEMENTS_REQUIRED\=NO
    export EXCLUDED_INSTALLSRC_SUBDIRECTORY_PATTERNS\=.DS_Store\ .svn\ .git\ .hg\ CVS
    export EXCLUDED_RECURSIVE_SEARCH_PATH_SUBDIRECTORIES\=\*.nib\ \*.lproj\ \*.framework\ \*.gch\ \*.xcode\*\ \*.xcassets\ \(\*\)\ .DS_Store\ CVS\ .svn\ .git\ .hg\ \*.pbproj\ \*.pbxproj
    export EXECUTABLES_FOLDER_PATH\=Swiftfin\ iOS.app/Executables
    export EXECUTABLE_BLANK_INJECTION_DYLIB_PATH\=Swiftfin\ iOS.app/__preview.dylib
    export EXECUTABLE_DEBUG_DYLIB_INSTALL_NAME\=@rpath/Swiftfin\ iOS.debug.dylib
    export EXECUTABLE_DEBUG_DYLIB_PATH\=Swiftfin\ iOS.app/Swiftfin\ iOS.debug.dylib
    export EXECUTABLE_FOLDER_PATH\=Swiftfin\ iOS.app
    export EXECUTABLE_FOLDER_PATH_SHALLOW_BUNDLE_NO\=Swiftfin\ iOS.app/MacOS
    export EXECUTABLE_FOLDER_PATH_SHALLOW_BUNDLE_YES\=Swiftfin\ iOS.app
    export EXECUTABLE_NAME\=Swiftfin\ iOS
    export EXECUTABLE_PATH\=Swiftfin\ iOS.app/Swiftfin\ iOS
    export EXPANDED_CODE_SIGN_IDENTITY\=-
    export EXPANDED_CODE_SIGN_IDENTITY_NAME\=Sign\ to\ Run\ Locally
    export EXTENSIONS_FOLDER_PATH\=Swiftfin\ iOS.app/Extensions
    export FILE_LIST\=/Users/andrejvysny/Library/Developer/Xcode/DerivedData/Swiftfin-fgghtvigwpcaqzejbcbexicnucjq/Build/Intermediates.noindex/Swiftfin.build/Debug-iphonesimulator/Swiftfin\ iOS.build/Objects/LinkFileList
    export FIXED_FILES_DIR\=/Users/andrejvysny/Library/Developer/Xcode/DerivedData/Swiftfin-fgghtvigwpcaqzejbcbexicnucjq/Build/Intermediates.noindex/Swiftfin.build/Debug-iphonesimulator/Swiftfin\ iOS.build/FixedFiles
    export FRAMEWORKS_FOLDER_PATH\=Swiftfin\ iOS.app/Frameworks
    export FRAMEWORK_FLAG_PREFIX\=-framework
    export FRAMEWORK_SEARCH_PATHS\=/Users/andrejvysny/Library/Developer/Xcode/DerivedData/Swiftfin-fgghtvigwpcaqzejbcbexicnucjq/Build/Products/Debug-iphonesimulator/PackageFrameworks\ /Users/andrejvysny/Library/Developer/Xcode/DerivedData/Swiftfin-fgghtvigwpcaqzejbcbexicnucjq/Build/Products/Debug-iphonesimulator/PackageFrameworks\ /Users/andrejvysny/Library/Developer/Xcode/DerivedData/Swiftfin-fgghtvigwpcaqzejbcbexicnucjq/Build/Products/Debug-iphonesimulator/PackageFrameworks\ /Users/andrejvysny/Library/Developer/Xcode/DerivedData/Swiftfin-fgghtvigwpcaqzejbcbexicnucjq/Build/Products/Debug-iphonesimulator/PackageFrameworks\ /Users/andrejvysny/Library/Developer/Xcode/DerivedData/Swiftfin-fgghtvigwpcaqzejbcbexicnucjq/Build/Products/Debug-iphonesimulator/PackageFrameworks\ /Users/andrejvysny/Library/Developer/Xcode/DerivedData/Swiftfin-fgghtvigwpcaqzejbcbexicnucjq/Build/Products/Debug-iphonesimulator/PackageFrameworks\ /Users/andrejvysny/Library/Developer/Xcode/DerivedData/Swiftfin-fgghtvigwpcaqzejbcbexicnucjq/Build/Products/Debug-iphonesimulator/PackageFrameworks\ /Users/andrejvysny/Library/Developer/Xcode/DerivedData/Swiftfin-fgghtvigwpcaqzejbcbexicnucjq/Build/Products/Debug-iphonesimulator/PackageFrameworks\ /Users/andrejvysny/Library/Developer/Xcode/DerivedData/Swiftfin-fgghtvigwpcaqzejbcbexicnucjq/Build/Products/Debug-iphonesimulator/PackageFrameworks\ /Users/andrejvysny/Library/Developer/Xcode/DerivedData/Swiftfin-fgghtvigwpcaqzejbcbexicnucjq/Build/Products/Debug-iphonesimulator/PackageFrameworks\ /Users/andrejvysny/Library/Developer/Xcode/DerivedData/Swiftfin-fgghtvigwpcaqzejbcbexicnucjq/Build/Products/Debug-iphonesimulator/PackageFrameworks\ /Users/andrejvysny/Library/Developer/Xcode/DerivedData/Swiftfin-fgghtvigwpcaqzejbcbexicnucjq/Build/Products/Debug-iphonesimulator/PackageFrameworks\ /Users/andrejvysny/Library/Developer/Xcode/DerivedData/Swiftfin-fgghtvigwpcaqzejbcbexicnucjq/Build/Products/Debug-iphonesimulator/PackageFrameworks\ /Users/andrejvysny/Library/Developer/Xcode/DerivedData/Swiftfin-fgghtvigwpcaqzejbcbexicnucjq/Build/Products/Debug-iphonesimulator/PackageFrameworks\ /Users/andrejvysny/Library/Developer/Xcode/DerivedData/Swiftfin-fgghtvigwpcaqzejbcbexicnucjq/Build/Products/Debug-iphonesimulator/PackageFrameworks\ /Users/andrejvysny/Library/Developer/Xcode/DerivedData/Swiftfin-fgghtvigwpcaqzejbcbexicnucjq/Build/Products/Debug-iphonesimulator/PackageFrameworks\ /Users/andrejvysny/Library/Developer/Xcode/DerivedData/Swiftfin-fgghtvigwpcaqzejbcbexicnucjq/Build/Products/Debug-iphonesimulator/PackageFrameworks\ /Users/andrejvysny/Library/Developer/Xcode/DerivedData/Swiftfin-fgghtvigwpcaqzejbcbexicnucjq/Build/Products/Debug-iphonesimulator/PackageFrameworks\ /Users/andrejvysny/Library/Developer/Xcode/DerivedData/Swiftfin-fgghtvigwpcaqzejbcbexicnucjq/Build/Products/Debug-iphonesimulator/PackageFrameworks\ /Users/andrejvysny/Library/Developer/Xcode/DerivedData/Swiftfin-fgghtvigwpcaqzejbcbexicnucjq/Build/Products/Debug-iphonesimulator/PackageFrameworks\ /Users/andrejvysny/Library/Developer/Xcode/DerivedData/Swiftfin-fgghtvigwpcaqzejbcbexicnucjq/Build/Products/Debug-iphonesimulator/PackageFrameworks\ /Users/andrejvysny/Library/Developer/Xcode/DerivedData/Swiftfin-fgghtvigwpcaqzejbcbexicnucjq/Build/Products/Debug-iphonesimulator/PackageFrameworks\ /Users/andrejvysny/Library/Developer/Xcode/DerivedData/Swiftfin-fgghtvigwpcaqzejbcbexicnucjq/Build/Products/Debug-iphonesimulator/PackageFrameworks\ /Users/andrejvysny/Library/Developer/Xcode/DerivedData/Swiftfin-fgghtvigwpcaqzejbcbexicnucjq/Build/Products/Debug-iphonesimulator/PackageFrameworks\ /Users/andrejvysny/Library/Developer/Xcode/DerivedData/Swiftfin-fgghtvigwpcaqzejbcbexicnucjq/Build/Products/Debug-iphonesimulator/PackageFrameworks\ /Users/andrejvysny/Library/Developer/Xcode/DerivedData/Swiftfin-fgghtvigwpcaqzejbcbexicnucjq/Build/Products/Debug-iphonesimulator/PackageFrameworks\ /Users/andrejvysny/Library/Developer/Xcode/DerivedData/Swiftfin-fgghtvigwpcaqzejbcbexicnucjq/Build/Products/Debug-iphonesimulator/PackageFrameworks\ /Users/andrejvysny/Library/Developer/Xcode/DerivedData/Swiftfin-fgghtvigwpcaqzejbcbexicnucjq/Build/Products/Debug-iphonesimulator/PackageFrameworks\ /Users/andrejvysny/Library/Developer/Xcode/DerivedData/Swiftfin-fgghtvigwpcaqzejbcbexicnucjq/Build/Products/Debug-iphonesimulator/PackageFrameworks\ /Users/andrejvysny/Library/Developer/Xcode/DerivedData/Swiftfin-fgghtvigwpcaqzejbcbexicnucjq/Build/Products/Debug-iphonesimulator/PackageFrameworks\ /Users/andrejvysny/Library/Developer/Xcode/DerivedData/Swiftfin-fgghtvigwpcaqzejbcbexicnucjq/Build/Products/Debug-iphonesimulator/PackageFrameworks\ /Users/andrejvysny/Library/Developer/Xcode/DerivedData/Swiftfin-fgghtvigwpcaqzejbcbexicnucjq/Build/Products/Debug-iphonesimulator\ 
    export FRAMEWORK_VERSION\=A
    export FULL_PRODUCT_NAME\=Swiftfin\ iOS.app
    export FUSE_BUILD_PHASES\=YES
    export FUSE_BUILD_SCRIPT_PHASES\=NO
    export GCC3_VERSION\=3.3
    export GCC_C_LANGUAGE_STANDARD\=gnu11
    export GCC_DYNAMIC_NO_PIC\=NO
    export GCC_INLINES_ARE_PRIVATE_EXTERN\=YES
    export GCC_NO_COMMON_BLOCKS\=YES
    export GCC_OBJC_LEGACY_DISPATCH\=YES
    export GCC_OPTIMIZATION_LEVEL\=0
    export GCC_PFE_FILE_C_DIALECTS\=c\ objective-c\ c++\ objective-c++
    export GCC_PREPROCESSOR_DEFINITIONS\=DEBUG\=1\ 
    export GCC_SYMBOLS_PRIVATE_EXTERN\=NO
    export GCC_TREAT_WARNINGS_AS_ERRORS\=NO
    export GCC_VERSION\=com.apple.compilers.llvm.clang.1_0
    export GCC_VERSION_IDENTIFIER\=com_apple_compilers_llvm_clang_1_0
    export GCC_WARN_64_TO_32_BIT_CONVERSION\=YES
    export GCC_WARN_ABOUT_RETURN_TYPE\=YES_ERROR
    export GCC_WARN_UNDECLARED_SELECTOR\=YES
    export GCC_WARN_UNINITIALIZED_AUTOS\=YES_AGGRESSIVE
    export GCC_WARN_UNUSED_FUNCTION\=YES
    export GCC_WARN_UNUSED_VARIABLE\=YES
    export GENERATED_MODULEMAP_DIR\=/Users/andrejvysny/Library/Developer/Xcode/DerivedData/Swiftfin-fgghtvigwpcaqzejbcbexicnucjq/Build/Intermediates.noindex/GeneratedModuleMaps-iphonesimulator
    export GENERATE_INFOPLIST_FILE\=NO
    export GENERATE_INTERMEDIATE_TEXT_BASED_STUBS\=YES
    export GENERATE_MASTER_OBJECT_FILE\=NO
    export GENERATE_PKGINFO_FILE\=YES
    export GENERATE_PROFILING_CODE\=NO
    export GENERATE_TEXT_BASED_STUBS\=NO
    export GID\=20
    export GROUP\=staff
    export HEADERMAP_INCLUDES_FLAT_ENTRIES_FOR_TARGET_BEING_BUILT\=YES
    export HEADERMAP_INCLUDES_FRAMEWORK_ENTRIES_FOR_ALL_PRODUCT_TYPES\=YES
    export HEADERMAP_INCLUDES_FRAMEWORK_ENTRIES_FOR_TARGETS_NOT_BEING_BUILT\=YES
    export HEADERMAP_INCLUDES_NONPUBLIC_NONPRIVATE_HEADERS\=YES
    export HEADERMAP_INCLUDES_PROJECT_HEADERS\=YES
    export HEADERMAP_USES_FRAMEWORK_PREFIX_ENTRIES\=YES
    export HEADERMAP_USES_VFS\=NO
    export HEADER_SEARCH_PATHS\=/Users/andrejvysny/Library/Developer/Xcode/DerivedData/Swiftfin-fgghtvigwpcaqzejbcbexicnucjq/SourcePackages/checkouts/swift-numerics/Sources/_NumericsShims/include\ /Users/andrejvysny/Library/Developer/Xcode/DerivedData/Swiftfin-fgghtvigwpcaqzejbcbexicnucjq/SourcePackages/checkouts/CocoaLumberjack/Sources/CocoaLumberjack/include\ /Users/andrejvysny/Library/Developer/Xcode/DerivedData/Swiftfin-fgghtvigwpcaqzejbcbexicnucjq/SourcePackages/checkouts/SVGKit/Source/include\ /Users/andrejvysny/Library/Developer/Xcode/DerivedData/Swiftfin-fgghtvigwpcaqzejbcbexicnucjq/Build/Products/Debug-iphonesimulator/include\ 
    export HIDE_BITCODE_SYMBOLS\=YES
    export HOME\=/Users/andrejvysny
    export HOST_ARCH\=arm64
    export HOST_PLATFORM\=macosx
    export ICONV\=/usr/bin/iconv
    export IMPLICIT_DEPENDENCY_DOMAIN\=default
    export INFOPLIST_ENABLE_CFBUNDLEICONS_MERGE\=YES
    export INFOPLIST_EXPAND_BUILD_SETTINGS\=YES
    export INFOPLIST_FILE\=Swiftfin/Resources/Info.plist
    export INFOPLIST_KEY_CFBundleDisplayName\=Swiftfin
    export INFOPLIST_KEY_LSApplicationCategoryType\=public.app-category.entertainment
    export INFOPLIST_OUTPUT_FORMAT\=binary
    export INFOPLIST_PATH\=Swiftfin\ iOS.app/Info.plist
    export INFOPLIST_PREPROCESS\=NO
    export INFOSTRINGS_PATH\=Swiftfin\ iOS.app/en.lproj/InfoPlist.strings
    export INLINE_PRIVATE_FRAMEWORKS\=NO
    export INSTALLAPI_IGNORE_SKIP_INSTALL\=YES
    export INSTALLHDRS_COPY_PHASE\=NO
    export INSTALLHDRS_SCRIPT_PHASE\=NO
    export INSTALL_DIR\=/tmp/Swiftfin.dst/Applications
    export INSTALL_GROUP\=staff
    export INSTALL_MODE_FLAG\=u+w,go-w,a+rX
    export INSTALL_OWNER\=andrejvysny
    export INSTALL_PATH\=/Applications
    export INSTALL_ROOT\=/tmp/Swiftfin.dst
    export IPHONEOS_DEPLOYMENT_TARGET\=16.6
    export IS_UNOPTIMIZED_BUILD\=YES
    export JAVAC_DEFAULT_FLAGS\=-J-Xms64m\ -J-XX:NewSize\=4M\ -J-Dfile.encoding\=UTF8
    export JAVA_APP_STUB\=/System/Library/Frameworks/JavaVM.framework/Resources/MacOS/JavaApplicationStub
    export JAVA_ARCHIVE_CLASSES\=YES
    export JAVA_ARCHIVE_TYPE\=JAR
    export JAVA_COMPILER\=/usr/bin/javac
    export JAVA_FOLDER_PATH\=Swiftfin\ iOS.app/Java
    export JAVA_FRAMEWORK_RESOURCES_DIRS\=Resources
    export JAVA_JAR_FLAGS\=cv
    export JAVA_SOURCE_SUBDIR\=.
    export JAVA_USE_DEPENDENCIES\=YES
    export JAVA_ZIP_FLAGS\=-urg
    export JIKES_DEFAULT_FLAGS\=+E\ +OLDCSO
    export KEEP_PRIVATE_EXTERNS\=NO
    export LD_DEPENDENCY_INFO_FILE\=/Users/andrejvysny/Library/Developer/Xcode/DerivedData/Swiftfin-fgghtvigwpcaqzejbcbexicnucjq/Build/Intermediates.noindex/Swiftfin.build/Debug-iphonesimulator/Swiftfin\ iOS.build/Objects-normal/undefined_arch/Swiftfin\ iOS_dependency_info.dat
    export LD_ENTITLEMENTS_SECTION\=/Users/andrejvysny/Library/Developer/Xcode/DerivedData/Swiftfin-fgghtvigwpcaqzejbcbexicnucjq/Build/Intermediates.noindex/Swiftfin.build/Debug-iphonesimulator/Swiftfin\ iOS.build/Swiftfin\ iOS.app-Simulated.xcent
    export LD_ENTITLEMENTS_SECTION_DER\=/Users/andrejvysny/Library/Developer/Xcode/DerivedData/Swiftfin-fgghtvigwpcaqzejbcbexicnucjq/Build/Intermediates.noindex/Swiftfin.build/Debug-iphonesimulator/Swiftfin\ iOS.build/Swiftfin\ iOS.app-Simulated.xcent.der
    export LD_EXPORT_SYMBOLS\=YES
    export LD_GENERATE_MAP_FILE\=NO
    export LD_MAP_FILE_PATH\=/Users/andrejvysny/Library/Developer/Xcode/DerivedData/Swiftfin-fgghtvigwpcaqzejbcbexicnucjq/Build/Intermediates.noindex/Swiftfin.build/Debug-iphonesimulator/Swiftfin\ iOS.build/Swiftfin\ iOS-LinkMap-normal-undefined_arch.txt
    export LD_NO_PIE\=NO
    export LD_QUOTE_LINKER_ARGUMENTS_FOR_COMPILER_DRIVER\=YES
    export LD_RUNPATH_SEARCH_PATHS\=/Users/andrejvysny/Library/Developer/Xcode/DerivedData/Swiftfin-fgghtvigwpcaqzejbcbexicnucjq/Build/Products/Debug-iphonesimulator/PackageFrameworks\ /Users/andrejvysny/Library/Developer/Xcode/DerivedData/Swiftfin-fgghtvigwpcaqzejbcbexicnucjq/Build/Products/Debug-iphonesimulator/PackageFrameworks\ /Users/andrejvysny/Library/Developer/Xcode/DerivedData/Swiftfin-fgghtvigwpcaqzejbcbexicnucjq/Build/Products/Debug-iphonesimulator/PackageFrameworks\ /Users/andrejvysny/Library/Developer/Xcode/DerivedData/Swiftfin-fgghtvigwpcaqzejbcbexicnucjq/Build/Products/Debug-iphonesimulator/PackageFrameworks\ /Users/andrejvysny/Library/Developer/Xcode/DerivedData/Swiftfin-fgghtvigwpcaqzejbcbexicnucjq/Build/Products/Debug-iphonesimulator/PackageFrameworks\ /Users/andrejvysny/Library/Developer/Xcode/DerivedData/Swiftfin-fgghtvigwpcaqzejbcbexicnucjq/Build/Products/Debug-iphonesimulator/PackageFrameworks\ /Users/andrejvysny/Library/Developer/Xcode/DerivedData/Swiftfin-fgghtvigwpcaqzejbcbexicnucjq/Build/Products/Debug-iphonesimulator/PackageFrameworks\ /Users/andrejvysny/Library/Developer/Xcode/DerivedData/Swiftfin-fgghtvigwpcaqzejbcbexicnucjq/Build/Products/Debug-iphonesimulator/PackageFrameworks\ /Users/andrejvysny/Library/Developer/Xcode/DerivedData/Swiftfin-fgghtvigwpcaqzejbcbexicnucjq/Build/Products/Debug-iphonesimulator/PackageFrameworks\ /Users/andrejvysny/Library/Developer/Xcode/DerivedData/Swiftfin-fgghtvigwpcaqzejbcbexicnucjq/Build/Products/Debug-iphonesimulator/PackageFrameworks\ /Users/andrejvysny/Library/Developer/Xcode/DerivedData/Swiftfin-fgghtvigwpcaqzejbcbexicnucjq/Build/Products/Debug-iphonesimulator/PackageFrameworks\ /Users/andrejvysny/Library/Developer/Xcode/DerivedData/Swiftfin-fgghtvigwpcaqzejbcbexicnucjq/Build/Products/Debug-iphonesimulator/PackageFrameworks\ /Users/andrejvysny/Library/Developer/Xcode/DerivedData/Swiftfin-fgghtvigwpcaqzejbcbexicnucjq/Build/Products/Debug-iphonesimulator/PackageFrameworks\ /Users/andrejvysny/Library/Developer/Xcode/DerivedData/Swiftfin-fgghtvigwpcaqzejbcbexicnucjq/Build/Products/Debug-iphonesimulator/PackageFrameworks\ /Users/andrejvysny/Library/Developer/Xcode/DerivedData/Swiftfin-fgghtvigwpcaqzejbcbexicnucjq/Build/Products/Debug-iphonesimulator/PackageFrameworks\ /Users/andrejvysny/Library/Developer/Xcode/DerivedData/Swiftfin-fgghtvigwpcaqzejbcbexicnucjq/Build/Products/Debug-iphonesimulator/PackageFrameworks\ /Users/andrejvysny/Library/Developer/Xcode/DerivedData/Swiftfin-fgghtvigwpcaqzejbcbexicnucjq/Build/Products/Debug-iphonesimulator/PackageFrameworks\ /Users/andrejvysny/Library/Developer/Xcode/DerivedData/Swiftfin-fgghtvigwpcaqzejbcbexicnucjq/Build/Products/Debug-iphonesimulator/PackageFrameworks\ /Users/andrejvysny/Library/Developer/Xcode/DerivedData/Swiftfin-fgghtvigwpcaqzejbcbexicnucjq/Build/Products/Debug-iphonesimulator/PackageFrameworks\ /Users/andrejvysny/Library/Developer/Xcode/DerivedData/Swiftfin-fgghtvigwpcaqzejbcbexicnucjq/Build/Products/Debug-iphonesimulator/PackageFrameworks\ /Users/andrejvysny/Library/Developer/Xcode/DerivedData/Swiftfin-fgghtvigwpcaqzejbcbexicnucjq/Build/Products/Debug-iphonesimulator/PackageFrameworks\ /Users/andrejvysny/Library/Developer/Xcode/DerivedData/Swiftfin-fgghtvigwpcaqzejbcbexicnucjq/Build/Products/Debug-iphonesimulator/PackageFrameworks\ /Users/andrejvysny/Library/Developer/Xcode/DerivedData/Swiftfin-fgghtvigwpcaqzejbcbexicnucjq/Build/Products/Debug-iphonesimulator/PackageFrameworks\ /Users/andrejvysny/Library/Developer/Xcode/DerivedData/Swiftfin-fgghtvigwpcaqzejbcbexicnucjq/Build/Products/Debug-iphonesimulator/PackageFrameworks\ /Users/andrejvysny/Library/Developer/Xcode/DerivedData/Swiftfin-fgghtvigwpcaqzejbcbexicnucjq/Build/Products/Debug-iphonesimulator/PackageFrameworks\ /Users/andrejvysny/Library/Developer/Xcode/DerivedData/Swiftfin-fgghtvigwpcaqzejbcbexicnucjq/Build/Products/Debug-iphonesimulator/PackageFrameworks\ /Users/andrejvysny/Library/Developer/Xcode/DerivedData/Swiftfin-fgghtvigwpcaqzejbcbexicnucjq/Build/Products/Debug-iphonesimulator/PackageFrameworks\ /Users/andrejvysny/Library/Developer/Xcode/DerivedData/Swiftfin-fgghtvigwpcaqzejbcbexicnucjq/Build/Products/Debug-iphonesimulator/PackageFrameworks\ /Users/andrejvysny/Library/Developer/Xcode/DerivedData/Swiftfin-fgghtvigwpcaqzejbcbexicnucjq/Build/Products/Debug-iphonesimulator/PackageFrameworks\ /Users/andrejvysny/Library/Developer/Xcode/DerivedData/Swiftfin-fgghtvigwpcaqzejbcbexicnucjq/Build/Products/Debug-iphonesimulator/PackageFrameworks\ /Users/andrejvysny/Library/Developer/Xcode/DerivedData/Swiftfin-fgghtvigwpcaqzejbcbexicnucjq/Build/Products/Debug-iphonesimulator/PackageFrameworks\ \ @executable_path/Frameworks
    export LD_RUNPATH_SEARCH_PATHS_YES\=@loader_path/../Frameworks
    export LD_SHARED_CACHE_ELIGIBLE\=Automatic
    export LD_WARN_DUPLICATE_LIBRARIES\=NO
    export LD_WARN_UNUSED_DYLIBS\=NO
    export LEGACY_DEVELOPER_DIR\=/Applications/Xcode.app/Contents/PlugIns/Xcode3Core.ideplugin/Contents/SharedSupport/Developer
    export LEX\=lex
    export LIBRARY_DEXT_INSTALL_PATH\=/Library/DriverExtensions
    export LIBRARY_FLAG_NOSPACE\=YES
    export LIBRARY_FLAG_PREFIX\=-l
    export LIBRARY_KEXT_INSTALL_PATH\=/Library/Extensions
    export LIBRARY_SEARCH_PATHS\=/Users/andrejvysny/Library/Developer/Xcode/DerivedData/Swiftfin-fgghtvigwpcaqzejbcbexicnucjq/Build/Products/Debug-iphonesimulator\ 
    export LINKER_DISPLAYS_MANGLED_NAMES\=NO
    export LINK_FILE_LIST_normal_arm64\=/Users/andrejvysny/Library/Developer/Xcode/DerivedData/Swiftfin-fgghtvigwpcaqzejbcbexicnucjq/Build/Intermediates.noindex/Swiftfin.build/Debug-iphonesimulator/Swiftfin\ iOS.build/Objects-normal/arm64/Swiftfin\ iOS.LinkFileList
    export LINK_OBJC_RUNTIME\=YES
    export LINK_WITH_STANDARD_LIBRARIES\=YES
    export LLVM_TARGET_TRIPLE_OS_VERSION\=ios16.6
    export LLVM_TARGET_TRIPLE_SUFFIX\=-simulator
    export LLVM_TARGET_TRIPLE_VENDOR\=apple
    export LM_AUX_CONST_METADATA_LIST_PATH_normal_arm64\=/Users/andrejvysny/Library/Developer/Xcode/DerivedData/Swiftfin-fgghtvigwpcaqzejbcbexicnucjq/Build/Intermediates.noindex/Swiftfin.build/Debug-iphonesimulator/Swiftfin\ iOS.build/Objects-normal/arm64/Swiftfin\ iOS.SwiftConstValuesFileList
    export LOCALIZATION_EXPORT_SUPPORTED\=YES
    export LOCALIZATION_PREFERS_STRING_CATALOGS\=NO
    export LOCALIZED_RESOURCES_FOLDER_PATH\=Swiftfin\ iOS.app/en.lproj
    export LOCALIZED_STRING_MACRO_NAMES\=NSLocalizedString\ CFCopyLocalizedString
    export LOCALIZED_STRING_SWIFTUI_SUPPORT\=YES
    export LOCAL_ADMIN_APPS_DIR\=/Applications/Utilities
    export LOCAL_APPS_DIR\=/Applications
    export LOCAL_DEVELOPER_DIR\=/Library/Developer
    export LOCAL_LIBRARY_DIR\=/Library
    export LOCROOT\=/Users/andrejvysny/andrejvysny/Swiftfin
    export LOCSYMROOT\=/Users/andrejvysny/andrejvysny/Swiftfin
    export MACH_O_TYPE\=mh_execute
    export MAC_OS_X_PRODUCT_BUILD_VERSION\=24G90
    export MAC_OS_X_VERSION_ACTUAL\=150601
    export MAC_OS_X_VERSION_MAJOR\=150000
    export MAC_OS_X_VERSION_MINOR\=150600
    export MAKE_MERGEABLE\=NO
    export MARKETING_VERSION\=1.0.0
    export MERGEABLE_LIBRARY\=NO
    export MERGED_BINARY_TYPE\=none
    export MERGE_LINKED_LIBRARIES\=NO
    export METAL_LIBRARY_FILE_BASE\=default
    export METAL_LIBRARY_OUTPUT_DIR\=/Users/andrejvysny/Library/Developer/Xcode/DerivedData/Swiftfin-fgghtvigwpcaqzejbcbexicnucjq/Build/Products/Debug-iphonesimulator/Swiftfin\ iOS.app
    export MODULES_FOLDER_PATH\=Swiftfin\ iOS.app/Modules
    export MODULE_CACHE_DIR\=/Users/andrejvysny/Library/Developer/Xcode/DerivedData/ModuleCache.noindex
    export MTL_ENABLE_DEBUG_INFO\=INCLUDE_SOURCE
    export MTL_FAST_MATH\=YES
    export NATIVE_ARCH\=arm64
    export NATIVE_ARCH_32_BIT\=arm
    export NATIVE_ARCH_64_BIT\=arm64
    export NATIVE_ARCH_ACTUAL\=arm64
    export NO_COMMON\=YES
    export OBJC_ABI_VERSION\=2
    export OBJECT_FILE_DIR\=/Users/andrejvysny/Library/Developer/Xcode/DerivedData/Swiftfin-fgghtvigwpcaqzejbcbexicnucjq/Build/Intermediates.noindex/Swiftfin.build/Debug-iphonesimulator/Swiftfin\ iOS.build/Objects
    export OBJECT_FILE_DIR_normal\=/Users/andrejvysny/Library/Developer/Xcode/DerivedData/Swiftfin-fgghtvigwpcaqzejbcbexicnucjq/Build/Intermediates.noindex/Swiftfin.build/Debug-iphonesimulator/Swiftfin\ iOS.build/Objects-normal
    export OBJROOT\=/Users/andrejvysny/Library/Developer/Xcode/DerivedData/Swiftfin-fgghtvigwpcaqzejbcbexicnucjq/Build/Intermediates.noindex
    export ONLY_ACTIVE_ARCH\=YES
    export OS\=MACOS
    export OSAC\=/usr/bin/osacompile
    export OTHER_CFLAGS\=-fmodule-map-file\=/Users/andrejvysny/Library/Developer/Xcode/DerivedData/Swiftfin-fgghtvigwpcaqzejbcbexicnucjq/Build/Intermediates.noindex/GeneratedModuleMaps-iphonesimulator/Defaults.modulemap\ -fmodule-map-file\=/Users/andrejvysny/Library/Developer/Xcode/DerivedData/Swiftfin-fgghtvigwpcaqzejbcbexicnucjq/Build/Intermediates.noindex/GeneratedModuleMaps-iphonesimulator/RealModule.modulemap\ -fmodule-map-file\=/Users/andrejvysny/Library/Developer/Xcode/DerivedData/Swiftfin-fgghtvigwpcaqzejbcbexicnucjq/Build/Intermediates.noindex/GeneratedModuleMaps-iphonesimulator/Algorithms.modulemap\ -fmodule-map-file\=/Users/andrejvysny/Library/Developer/Xcode/DerivedData/Swiftfin-fgghtvigwpcaqzejbcbexicnucjq/Build/Intermediates.noindex/GeneratedModuleMaps-iphonesimulator/CollectionVGrid.modulemap\ -fmodule-map-file\=/Users/andrejvysny/Library/Developer/Xcode/DerivedData/Swiftfin-fgghtvigwpcaqzejbcbexicnucjq/Build/Intermediates.noindex/GeneratedModuleMaps-iphonesimulator/Pulse.modulemap\ -fmodule-map-file\=/Users/andrejvysny/Library/Developer/Xcode/DerivedData/Swiftfin-fgghtvigwpcaqzejbcbexicnucjq/Build/Intermediates.noindex/GeneratedModuleMaps-iphonesimulator/PulseUI.modulemap\ -fmodule-map-file\=/Users/andrejvysny/Library/Developer/Xcode/DerivedData/Swiftfin-fgghtvigwpcaqzejbcbexicnucjq/Build/Intermediates.noindex/GeneratedModuleMaps-iphonesimulator/Logging.modulemap\ -fmodule-map-file\=/Users/andrejvysny/Library/Developer/Xcode/DerivedData/Swiftfin-fgghtvigwpcaqzejbcbexicnucjq/Build/Intermediates.noindex/GeneratedModuleMaps-iphonesimulator/PulseLogHandler.modulemap\ -fmodule-map-file\=/Users/andrejvysny/Library/Developer/Xcode/DerivedData/Swiftfin-fgghtvigwpcaqzejbcbexicnucjq/Build/Intermediates.noindex/GeneratedModuleMaps-iphonesimulator/OrderedCollections.modulemap\ -fmodule-map-file\=/Users/andrejvysny/Library/Developer/Xcode/DerivedData/Swiftfin-fgghtvigwpcaqzejbcbexicnucjq/Build/Intermediates.noindex/GeneratedModuleMaps-iphonesimulator/Factory.modulemap\ -fmodule-map-file\=/Users/andrejvysny/Library/Developer/Xcode/DerivedData/Swiftfin-fgghtvigwpcaqzejbcbexicnucjq/Build/Intermediates.noindex/GeneratedModuleMaps-iphonesimulator/Get.modulemap\ -fmodule-map-file\=/Users/andrejvysny/Library/Developer/Xcode/DerivedData/Swiftfin-fgghtvigwpcaqzejbcbexicnucjq/Build/Intermediates.noindex/GeneratedModuleMaps-iphonesimulator/URLQueryEncoder.modulemap\ -fmodule-map-file\=/Users/andrejvysny/Library/Developer/Xcode/DerivedData/Swiftfin-fgghtvigwpcaqzejbcbexicnucjq/Build/Intermediates.noindex/GeneratedModuleMaps-iphonesimulator/JellyfinAPI.modulemap\ -fmodule-map-file\=/Users/andrejvysny/Library/Developer/Xcode/DerivedData/Swiftfin-fgghtvigwpcaqzejbcbexicnucjq/Build/Intermediates.noindex/GeneratedModuleMaps-iphonesimulator/DifferenceKit.modulemap\ -fmodule-map-file\=/Users/andrejvysny/Library/Developer/Xcode/DerivedData/Swiftfin-fgghtvigwpcaqzejbcbexicnucjq/Build/Intermediates.noindex/GeneratedModuleMaps-iphonesimulator/CollectionHStack.modulemap\ -fmodule-map-file\=/Users/andrejvysny/Library/Developer/Xcode/DerivedData/Swiftfin-fgghtvigwpcaqzejbcbexicnucjq/Build/Intermediates.noindex/GeneratedModuleMaps-iphonesimulator/KeychainSwift.modulemap\ -fmodule-map-file\=/Users/andrejvysny/Library/Developer/Xcode/DerivedData/Swiftfin-fgghtvigwpcaqzejbcbexicnucjq/Build/Intermediates.noindex/GeneratedModuleMaps-iphonesimulator/Files.modulemap\ -fmodule-map-file\=/Users/andrejvysny/Library/Developer/Xcode/DerivedData/Swiftfin-fgghtvigwpcaqzejbcbexicnucjq/Build/Intermediates.noindex/GeneratedModuleMaps-iphonesimulator/Mantis.modulemap\ -fmodule-map-file\=/Users/andrejvysny/Library/Developer/Xcode/DerivedData/Swiftfin-fgghtvigwpcaqzejbcbexicnucjq/Build/Intermediates.noindex/GeneratedModuleMaps-iphonesimulator/IdentifiedCollections.modulemap\ -fmodule-map-file\=/Users/andrejvysny/Library/Developer/Xcode/DerivedData/Swiftfin-fgghtvigwpcaqzejbcbexicnucjq/Build/Intermediates.noindex/GeneratedModuleMaps-iphonesimulator/BlurHashKit.modulemap\ -fmodule-map-file\=/Users/andrejvysny/Library/Developer/Xcode/DerivedData/Swiftfin-fgghtvigwpcaqzejbcbexicnucjq/Build/Intermediates.noindex/GeneratedModuleMaps-iphonesimulator/UDPBroadcast.modulemap\ -fmodule-map-file\=/Users/andrejvysny/Library/Developer/Xcode/DerivedData/Swiftfin-fgghtvigwpcaqzejbcbexicnucjq/Build/Intermediates.noindex/GeneratedModuleMaps-iphonesimulator/CocoaLumberjack.modulemap\ -fmodule-map-file\=/Users/andrejvysny/Library/Developer/Xcode/DerivedData/Swiftfin-fgghtvigwpcaqzejbcbexicnucjq/Build/Intermediates.noindex/GeneratedModuleMaps-iphonesimulator/SVGKit.modulemap\ -fmodule-map-file\=/Users/andrejvysny/Library/Developer/Xcode/DerivedData/Swiftfin-fgghtvigwpcaqzejbcbexicnucjq/Build/Intermediates.noindex/GeneratedModuleMaps-iphonesimulator/VLCUI.modulemap\ -fmodule-map-file\=/Users/andrejvysny/Library/Developer/Xcode/DerivedData/Swiftfin-fgghtvigwpcaqzejbcbexicnucjq/Build/Intermediates.noindex/GeneratedModuleMaps-iphonesimulator/CoreStore.modulemap\ -fmodule-map-file\=/Users/andrejvysny/Library/Developer/Xcode/DerivedData/Swiftfin-fgghtvigwpcaqzejbcbexicnucjq/Build/Intermediates.noindex/GeneratedModuleMaps-iphonesimulator/SwiftUIIntrospect.modulemap\ -fmodule-map-file\=/Users/andrejvysny/Library/Developer/Xcode/DerivedData/Swiftfin-fgghtvigwpcaqzejbcbexicnucjq/Build/Intermediates.noindex/GeneratedModuleMaps-iphonesimulator/PreferencesView.modulemap\ -fmodule-map-file\=/Users/andrejvysny/Library/Developer/Xcode/DerivedData/Swiftfin-fgghtvigwpcaqzejbcbexicnucjq/Build/Intermediates.noindex/GeneratedModuleMaps-iphonesimulator/Nuke.modulemap\ -fmodule-map-file\=/Users/andrejvysny/Library/Developer/Xcode/DerivedData/Swiftfin-fgghtvigwpcaqzejbcbexicnucjq/Build/Intermediates.noindex/GeneratedModuleMaps-iphonesimulator/NukeUI.modulemap\ -fmodule-map-file\=/Users/andrejvysny/Library/Developer/Xcode/DerivedData/Swiftfin-fgghtvigwpcaqzejbcbexicnucjq/Build/Intermediates.noindex/GeneratedModuleMaps-iphonesimulator/SwizzleSwift.modulemap\ 
    export OTHER_CPLUSPLUSFLAGS\=-fmodule-map-file\=/Users/andrejvysny/Library/Developer/Xcode/DerivedData/Swiftfin-fgghtvigwpcaqzejbcbexicnucjq/Build/Intermediates.noindex/GeneratedModuleMaps-iphonesimulator/Defaults.modulemap\ -fmodule-map-file\=/Users/andrejvysny/Library/Developer/Xcode/DerivedData/Swiftfin-fgghtvigwpcaqzejbcbexicnucjq/Build/Intermediates.noindex/GeneratedModuleMaps-iphonesimulator/RealModule.modulemap\ -fmodule-map-file\=/Users/andrejvysny/Library/Developer/Xcode/DerivedData/Swiftfin-fgghtvigwpcaqzejbcbexicnucjq/Build/Intermediates.noindex/GeneratedModuleMaps-iphonesimulator/Algorithms.modulemap\ -fmodule-map-file\=/Users/andrejvysny/Library/Developer/Xcode/DerivedData/Swiftfin-fgghtvigwpcaqzejbcbexicnucjq/Build/Intermediates.noindex/GeneratedModuleMaps-iphonesimulator/CollectionVGrid.modulemap\ -fmodule-map-file\=/Users/andrejvysny/Library/Developer/Xcode/DerivedData/Swiftfin-fgghtvigwpcaqzejbcbexicnucjq/Build/Intermediates.noindex/GeneratedModuleMaps-iphonesimulator/Pulse.modulemap\ -fmodule-map-file\=/Users/andrejvysny/Library/Developer/Xcode/DerivedData/Swiftfin-fgghtvigwpcaqzejbcbexicnucjq/Build/Intermediates.noindex/GeneratedModuleMaps-iphonesimulator/PulseUI.modulemap\ -fmodule-map-file\=/Users/andrejvysny/Library/Developer/Xcode/DerivedData/Swiftfin-fgghtvigwpcaqzejbcbexicnucjq/Build/Intermediates.noindex/GeneratedModuleMaps-iphonesimulator/Logging.modulemap\ -fmodule-map-file\=/Users/andrejvysny/Library/Developer/Xcode/DerivedData/Swiftfin-fgghtvigwpcaqzejbcbexicnucjq/Build/Intermediates.noindex/GeneratedModuleMaps-iphonesimulator/PulseLogHandler.modulemap\ -fmodule-map-file\=/Users/andrejvysny/Library/Developer/Xcode/DerivedData/Swiftfin-fgghtvigwpcaqzejbcbexicnucjq/Build/Intermediates.noindex/GeneratedModuleMaps-iphonesimulator/OrderedCollections.modulemap\ -fmodule-map-file\=/Users/andrejvysny/Library/Developer/Xcode/DerivedData/Swiftfin-fgghtvigwpcaqzejbcbexicnucjq/Build/Intermediates.noindex/GeneratedModuleMaps-iphonesimulator/Factory.modulemap\ -fmodule-map-file\=/Users/andrejvysny/Library/Developer/Xcode/DerivedData/Swiftfin-fgghtvigwpcaqzejbcbexicnucjq/Build/Intermediates.noindex/GeneratedModuleMaps-iphonesimulator/Get.modulemap\ -fmodule-map-file\=/Users/andrejvysny/Library/Developer/Xcode/DerivedData/Swiftfin-fgghtvigwpcaqzejbcbexicnucjq/Build/Intermediates.noindex/GeneratedModuleMaps-iphonesimulator/URLQueryEncoder.modulemap\ -fmodule-map-file\=/Users/andrejvysny/Library/Developer/Xcode/DerivedData/Swiftfin-fgghtvigwpcaqzejbcbexicnucjq/Build/Intermediates.noindex/GeneratedModuleMaps-iphonesimulator/JellyfinAPI.modulemap\ -fmodule-map-file\=/Users/andrejvysny/Library/Developer/Xcode/DerivedData/Swiftfin-fgghtvigwpcaqzejbcbexicnucjq/Build/Intermediates.noindex/GeneratedModuleMaps-iphonesimulator/DifferenceKit.modulemap\ -fmodule-map-file\=/Users/andrejvysny/Library/Developer/Xcode/DerivedData/Swiftfin-fgghtvigwpcaqzejbcbexicnucjq/Build/Intermediates.noindex/GeneratedModuleMaps-iphonesimulator/CollectionHStack.modulemap\ -fmodule-map-file\=/Users/andrejvysny/Library/Developer/Xcode/DerivedData/Swiftfin-fgghtvigwpcaqzejbcbexicnucjq/Build/Intermediates.noindex/GeneratedModuleMaps-iphonesimulator/KeychainSwift.modulemap\ -fmodule-map-file\=/Users/andrejvysny/Library/Developer/Xcode/DerivedData/Swiftfin-fgghtvigwpcaqzejbcbexicnucjq/Build/Intermediates.noindex/GeneratedModuleMaps-iphonesimulator/Files.modulemap\ -fmodule-map-file\=/Users/andrejvysny/Library/Developer/Xcode/DerivedData/Swiftfin-fgghtvigwpcaqzejbcbexicnucjq/Build/Intermediates.noindex/GeneratedModuleMaps-iphonesimulator/Mantis.modulemap\ -fmodule-map-file\=/Users/andrejvysny/Library/Developer/Xcode/DerivedData/Swiftfin-fgghtvigwpcaqzejbcbexicnucjq/Build/Intermediates.noindex/GeneratedModuleMaps-iphonesimulator/IdentifiedCollections.modulemap\ -fmodule-map-file\=/Users/andrejvysny/Library/Developer/Xcode/DerivedData/Swiftfin-fgghtvigwpcaqzejbcbexicnucjq/Build/Intermediates.noindex/GeneratedModuleMaps-iphonesimulator/BlurHashKit.modulemap\ -fmodule-map-file\=/Users/andrejvysny/Library/Developer/Xcode/DerivedData/Swiftfin-fgghtvigwpcaqzejbcbexicnucjq/Build/Intermediates.noindex/GeneratedModuleMaps-iphonesimulator/UDPBroadcast.modulemap\ -fmodule-map-file\=/Users/andrejvysny/Library/Developer/Xcode/DerivedData/Swiftfin-fgghtvigwpcaqzejbcbexicnucjq/Build/Intermediates.noindex/GeneratedModuleMaps-iphonesimulator/CocoaLumberjack.modulemap\ -fmodule-map-file\=/Users/andrejvysny/Library/Developer/Xcode/DerivedData/Swiftfin-fgghtvigwpcaqzejbcbexicnucjq/Build/Intermediates.noindex/GeneratedModuleMaps-iphonesimulator/SVGKit.modulemap\ -fmodule-map-file\=/Users/andrejvysny/Library/Developer/Xcode/DerivedData/Swiftfin-fgghtvigwpcaqzejbcbexicnucjq/Build/Intermediates.noindex/GeneratedModuleMaps-iphonesimulator/VLCUI.modulemap\ -fmodule-map-file\=/Users/andrejvysny/Library/Developer/Xcode/DerivedData/Swiftfin-fgghtvigwpcaqzejbcbexicnucjq/Build/Intermediates.noindex/GeneratedModuleMaps-iphonesimulator/CoreStore.modulemap\ -fmodule-map-file\=/Users/andrejvysny/Library/Developer/Xcode/DerivedData/Swiftfin-fgghtvigwpcaqzejbcbexicnucjq/Build/Intermediates.noindex/GeneratedModuleMaps-iphonesimulator/SwiftUIIntrospect.modulemap\ -fmodule-map-file\=/Users/andrejvysny/Library/Developer/Xcode/DerivedData/Swiftfin-fgghtvigwpcaqzejbcbexicnucjq/Build/Intermediates.noindex/GeneratedModuleMaps-iphonesimulator/PreferencesView.modulemap\ -fmodule-map-file\=/Users/andrejvysny/Library/Developer/Xcode/DerivedData/Swiftfin-fgghtvigwpcaqzejbcbexicnucjq/Build/Intermediates.noindex/GeneratedModuleMaps-iphonesimulator/Nuke.modulemap\ -fmodule-map-file\=/Users/andrejvysny/Library/Developer/Xcode/DerivedData/Swiftfin-fgghtvigwpcaqzejbcbexicnucjq/Build/Intermediates.noindex/GeneratedModuleMaps-iphonesimulator/NukeUI.modulemap\ -fmodule-map-file\=/Users/andrejvysny/Library/Developer/Xcode/DerivedData/Swiftfin-fgghtvigwpcaqzejbcbexicnucjq/Build/Intermediates.noindex/GeneratedModuleMaps-iphonesimulator/SwizzleSwift.modulemap\ 
    export OTHER_LDFLAGS\=-Wl,-no_warn_duplicate_libraries\ -Wl,-no_warn_duplicate_libraries\ -Wl,-no_warn_duplicate_libraries\ -Wl,-no_warn_duplicate_libraries\ -Wl,-no_warn_duplicate_libraries\ -Wl,-no_warn_duplicate_libraries\ -Wl,-no_warn_duplicate_libraries\ -Wl,-no_warn_duplicate_libraries\ -Wl,-no_warn_duplicate_libraries\ -Wl,-no_warn_duplicate_libraries\ -Wl,-no_warn_duplicate_libraries\ -Wl,-no_warn_duplicate_libraries\ -Wl,-no_warn_duplicate_libraries\ -Wl,-no_warn_duplicate_libraries\ -Wl,-no_warn_duplicate_libraries\ -Wl,-no_warn_duplicate_libraries\ -Wl,-no_warn_duplicate_libraries\ -Wl,-no_warn_duplicate_libraries\ -Wl,-no_warn_duplicate_libraries\ -Wl,-no_warn_duplicate_libraries\ -Wl,-no_warn_duplicate_libraries\ -Wl,-no_warn_duplicate_libraries\ -Wl,-no_warn_duplicate_libraries\ -Wl,-no_warn_duplicate_libraries\ -Wl,-no_warn_duplicate_libraries\ -Wl,-no_warn_duplicate_libraries\ -Wl,-no_warn_duplicate_libraries\ -Wl,-no_warn_duplicate_libraries\ -Wl,-no_warn_duplicate_libraries\ -Wl,-no_warn_duplicate_libraries\ -Wl,-no_warn_duplicate_libraries\ 
    export OTHER_SWIFT_FLAGS\=-Xcc\ -fmodule-map-file\=/Users/andrejvysny/Library/Developer/Xcode/DerivedData/Swiftfin-fgghtvigwpcaqzejbcbexicnucjq/Build/Intermediates.noindex/GeneratedModuleMaps-iphonesimulator/CocoaLumberjack.modulemap\ -Xcc\ -fmodule-map-file\=/Users/andrejvysny/Library/Developer/Xcode/DerivedData/Swiftfin-fgghtvigwpcaqzejbcbexicnucjq/Build/Intermediates.noindex/GeneratedModuleMaps-iphonesimulator/SVGKit.modulemap\ -Xfrontend\ -warn-long-expression-type-checking\=200
    export PACKAGE_TYPE\=com.apple.package-type.wrapper.application
    export PASCAL_STRINGS\=YES
    export PATH\=/Applications/Xcode.app/Contents/SharedFrameworks/SwiftBuild.framework/Versions/A/PlugIns/SWBBuildService.bundle/Contents/PlugIns/SWBUniversalPlatformPlugin.bundle/Contents/Frameworks/SWBUniversalPlatform.framework/Resources:/Applications/Xcode.app/Contents/Developer/Toolchains/XcodeDefault.xctoolchain/usr/bin:/Applications/Xcode.app/Contents/Developer/Toolchains/XcodeDefault.xctoolchain/usr/local/bin:/Applications/Xcode.app/Contents/Developer/Toolchains/XcodeDefault.xctoolchain/usr/libexec:/Applications/Xcode.app/Contents/Developer/Platforms/iPhoneSimulator.platform/usr/bin:/Applications/Xcode.app/Contents/Developer/Platforms/iPhoneSimulator.platform/usr/local/bin:/Applications/Xcode.app/Contents/Developer/Platforms/iPhoneSimulator.platform/Developer/usr/bin:/Applications/Xcode.app/Contents/Developer/Platforms/iPhoneSimulator.platform/Developer/usr/local/bin:/Applications/Xcode.app/Contents/Developer/usr/bin:/Applications/Xcode.app/Contents/Developer/usr/local/bin:/opt/homebrew/opt/node@22/bin:/opt/homebrew/bin:/usr/local/bin:/System/Cryptexes/App/usr/bin:/usr/bin:/bin:/usr/sbin:/sbin:/var/run/com.apple.security.cryptexd/codex.system/bootstrap/usr/local/bin:/var/run/com.apple.security.cryptexd/codex.system/bootstrap/usr/bin:/var/run/com.apple.security.cryptexd/codex.system/bootstrap/usr/appleinternal/bin:/opt/X11/bin:/Library/Apple/usr/bin:/Users/andrejvysny/Library/Application\ Support/JetBrains/Toolbox/scripts:/Users/andrejvysny/.orbstack/bin:/usr/local/bin/code:/Applications/Visual\ Studio\ Code.app/Contents/Resources/app/bin:/Users/andrejvysny/.lmstudio/bin:/Users/andrejvysny/Library/Application\ Support/Code/User/globalStorage/github.copilot-chat/debugCommand
    export PATH_PREFIXES_EXCLUDED_FROM_HEADER_DEPENDENCIES\=/usr/include\ /usr/local/include\ /System/Library/Frameworks\ /System/Library/PrivateFrameworks\ /Applications/Xcode.app/Contents/Developer/Headers\ /Applications/Xcode.app/Contents/Developer/SDKs\ /Applications/Xcode.app/Contents/Developer/Platforms
    export PBDEVELOPMENTPLIST_PATH\=Swiftfin\ iOS.app/pbdevelopment.plist
    export PER_ARCH_MODULE_FILE_DIR\=/Users/andrejvysny/Library/Developer/Xcode/DerivedData/Swiftfin-fgghtvigwpcaqzejbcbexicnucjq/Build/Intermediates.noindex/Swiftfin.build/Debug-iphonesimulator/Swiftfin\ iOS.build/Objects-normal/undefined_arch
    export PER_ARCH_OBJECT_FILE_DIR\=/Users/andrejvysny/Library/Developer/Xcode/DerivedData/Swiftfin-fgghtvigwpcaqzejbcbexicnucjq/Build/Intermediates.noindex/Swiftfin.build/Debug-iphonesimulator/Swiftfin\ iOS.build/Objects-normal/undefined_arch
    export PER_VARIANT_OBJECT_FILE_DIR\=/Users/andrejvysny/Library/Developer/Xcode/DerivedData/Swiftfin-fgghtvigwpcaqzejbcbexicnucjq/Build/Intermediates.noindex/Swiftfin.build/Debug-iphonesimulator/Swiftfin\ iOS.build/Objects-normal
    export PKGINFO_FILE_PATH\=/Users/andrejvysny/Library/Developer/Xcode/DerivedData/Swiftfin-fgghtvigwpcaqzejbcbexicnucjq/Build/Intermediates.noindex/Swiftfin.build/Debug-iphonesimulator/Swiftfin\ iOS.build/PkgInfo
    export PKGINFO_PATH\=Swiftfin\ iOS.app/PkgInfo
    export PLATFORM_DEVELOPER_APPLICATIONS_DIR\=/Applications/Xcode.app/Contents/Developer/Platforms/iPhoneSimulator.platform/Developer/Applications
    export PLATFORM_DEVELOPER_BIN_DIR\=/Applications/Xcode.app/Contents/Developer/Platforms/iPhoneSimulator.platform/Developer/usr/bin
    export PLATFORM_DEVELOPER_LIBRARY_DIR\=/Applications/Xcode.app/Contents/Developer/Platforms/iPhoneSimulator.platform/Developer/Library
    export PLATFORM_DEVELOPER_SDK_DIR\=/Applications/Xcode.app/Contents/Developer/Platforms/iPhoneSimulator.platform/Developer/SDKs
    export PLATFORM_DEVELOPER_TOOLS_DIR\=/Applications/Xcode.app/Contents/Developer/Platforms/iPhoneSimulator.platform/Developer/Tools
    export PLATFORM_DEVELOPER_USR_DIR\=/Applications/Xcode.app/Contents/Developer/Platforms/iPhoneSimulator.platform/Developer/usr
    export PLATFORM_DIR\=/Applications/Xcode.app/Contents/Developer/Platforms/iPhoneSimulator.platform
    export PLATFORM_DISPLAY_NAME\=iOS\ Simulator
    export PLATFORM_FAMILY_NAME\=iOS
    export PLATFORM_NAME\=iphonesimulator
    export PLATFORM_PREFERRED_ARCH\=x86_64
    export PLATFORM_PRODUCT_BUILD_VERSION\=22F76
    export PLATFORM_REQUIRES_SWIFT_AUTOLINK_EXTRACT\=NO
    export PLATFORM_REQUIRES_SWIFT_MODULEWRAP\=NO
    export PLIST_FILE_OUTPUT_FORMAT\=binary
    export PLUGINS_FOLDER_PATH\=Swiftfin\ iOS.app/PlugIns
    export PRECOMPS_INCLUDE_HEADERS_FROM_BUILT_PRODUCTS_DIR\=YES
    export PRECOMP_DESTINATION_DIR\=/Users/andrejvysny/Library/Developer/Xcode/DerivedData/Swiftfin-fgghtvigwpcaqzejbcbexicnucjq/Build/Intermediates.noindex/Swiftfin.build/Debug-iphonesimulator/Swiftfin\ iOS.build/PrefixHeaders
    export PRIVATE_HEADERS_FOLDER_PATH\=Swiftfin\ iOS.app/PrivateHeaders
    export PROCESSED_INFOPLIST_PATH\=/Users/andrejvysny/Library/Developer/Xcode/DerivedData/Swiftfin-fgghtvigwpcaqzejbcbexicnucjq/Build/Intermediates.noindex/Swiftfin.build/Debug-iphonesimulator/Swiftfin\ iOS.build/Objects-normal/undefined_arch/Processed-Info.plist
    export PRODUCT_BUNDLE_IDENTIFIER\=org.jellyfin.swiftfin
    export PRODUCT_BUNDLE_PACKAGE_TYPE\=APPL
    export PRODUCT_MODULE_NAME\=Swiftfin_iOS
    export PRODUCT_NAME\=Swiftfin\ iOS
    export PRODUCT_SETTINGS_PATH\=/Users/andrejvysny/andrejvysny/Swiftfin/Swiftfin/Resources/Info.plist
    export PRODUCT_TYPE\=com.apple.product-type.application
    export PROFILING_CODE\=NO
    export PROJECT\=Swiftfin
    export PROJECT_DERIVED_FILE_DIR\=/Users/andrejvysny/Library/Developer/Xcode/DerivedData/Swiftfin-fgghtvigwpcaqzejbcbexicnucjq/Build/Intermediates.noindex/Swiftfin.build/DerivedSources
    export PROJECT_DIR\=/Users/andrejvysny/andrejvysny/Swiftfin
    export PROJECT_FILE_PATH\=/Users/andrejvysny/andrejvysny/Swiftfin/Swiftfin.xcodeproj
    export PROJECT_GUID\=d54b7e8652d2f308a8f9faa5ac442b3e
    export PROJECT_NAME\=Swiftfin
    export PROJECT_TEMP_DIR\=/Users/andrejvysny/Library/Developer/Xcode/DerivedData/Swiftfin-fgghtvigwpcaqzejbcbexicnucjq/Build/Intermediates.noindex/Swiftfin.build
    export PROJECT_TEMP_ROOT\=/Users/andrejvysny/Library/Developer/Xcode/DerivedData/Swiftfin-fgghtvigwpcaqzejbcbexicnucjq/Build/Intermediates.noindex
    export PROVISIONING_PROFILE_REQUIRED\=NO
    export PROVISIONING_PROFILE_REQUIRED_YES_YES\=YES
    export PROVISIONING_PROFILE_SUPPORTED\=YES
    export PUBLIC_HEADERS_FOLDER_PATH\=Swiftfin\ iOS.app/Headers
    export RECOMMENDED_IPHONEOS_DEPLOYMENT_TARGET\=15.0
    export RECURSIVE_SEARCH_PATHS_FOLLOW_SYMLINKS\=YES
    export REMOVE_CVS_FROM_RESOURCES\=YES
    export REMOVE_GIT_FROM_RESOURCES\=YES
    export REMOVE_HEADERS_FROM_EMBEDDED_BUNDLES\=YES
    export REMOVE_HG_FROM_RESOURCES\=YES
    export REMOVE_STATIC_EXECUTABLES_FROM_EMBEDDED_BUNDLES\=YES
    export REMOVE_SVN_FROM_RESOURCES\=YES
    export RESCHEDULE_INDEPENDENT_HEADERS_PHASES\=YES
    export REZ_COLLECTOR_DIR\=/Users/andrejvysny/Library/Developer/Xcode/DerivedData/Swiftfin-fgghtvigwpcaqzejbcbexicnucjq/Build/Intermediates.noindex/Swiftfin.build/Debug-iphonesimulator/Swiftfin\ iOS.build/ResourceManagerResources
    export REZ_OBJECTS_DIR\=/Users/andrejvysny/Library/Developer/Xcode/DerivedData/Swiftfin-fgghtvigwpcaqzejbcbexicnucjq/Build/Intermediates.noindex/Swiftfin.build/Debug-iphonesimulator/Swiftfin\ iOS.build/ResourceManagerResources/Objects
    export REZ_SEARCH_PATHS\=/Users/andrejvysny/Library/Developer/Xcode/DerivedData/Swiftfin-fgghtvigwpcaqzejbcbexicnucjq/Build/Products/Debug-iphonesimulator\ 
    export SCAN_ALL_SOURCE_FILES_FOR_INCLUDES\=NO
    export SCRIPTS_FOLDER_PATH\=Swiftfin\ iOS.app/Scripts
    export SCRIPT_INPUT_FILE_0\=/Users/andrejvysny/andrejvysny/Swiftfin/Translations/en.lproj/Localizable.strings
    export SCRIPT_INPUT_FILE_COUNT\=1
    export SCRIPT_INPUT_FILE_LIST_COUNT\=0
    export SCRIPT_OUTPUT_FILE_0\=/Users/andrejvysny/Library/Developer/Xcode/DerivedData/Swiftfin-fgghtvigwpcaqzejbcbexicnucjq/Build/Intermediates.noindex/Swiftfin.build/Debug-iphonesimulator/Swiftfin\ iOS.build/DerivedSources/alphabetizeStrings.txt
    export SCRIPT_OUTPUT_FILE_COUNT\=1
    export SCRIPT_OUTPUT_FILE_LIST_COUNT\=0
    export SDKROOT\=/Applications/Xcode.app/Contents/Developer/Platforms/iPhoneSimulator.platform/Developer/SDKs/iPhoneSimulator18.5.sdk
    export SDK_DIR\=/Applications/Xcode.app/Contents/Developer/Platforms/iPhoneSimulator.platform/Developer/SDKs/iPhoneSimulator18.5.sdk
    export SDK_DIR_iphonesimulator\=/Applications/Xcode.app/Contents/Developer/Platforms/iPhoneSimulator.platform/Developer/SDKs/iPhoneSimulator18.5.sdk
    export SDK_DIR_iphonesimulator18_5\=/Applications/Xcode.app/Contents/Developer/Platforms/iPhoneSimulator.platform/Developer/SDKs/iPhoneSimulator18.5.sdk
    export SDK_NAME\=iphonesimulator18.5
    export SDK_NAMES\=iphonesimulator18.5
    export SDK_PRODUCT_BUILD_VERSION\=22F76
    export SDK_STAT_CACHE_DIR\=/Users/andrejvysny/Library/Developer/Xcode/DerivedData
    export SDK_STAT_CACHE_ENABLE\=YES
    export SDK_STAT_CACHE_PATH\=/Users/andrejvysny/Library/Developer/Xcode/DerivedData/SDKStatCaches.noindex/iphonesimulator18.5-22F76-d5fc8ad4295d2ef488fb7d0f804ce0c4.sdkstatcache
    export SDK_VERSION\=18.5
    export SDK_VERSION_ACTUAL\=180500
    export SDK_VERSION_MAJOR\=180000
    export SDK_VERSION_MINOR\=180500
    export SED\=/usr/bin/sed
    export SEPARATE_STRIP\=NO
    export SEPARATE_SYMBOL_EDIT\=NO
    export SET_DIR_MODE_OWNER_GROUP\=YES
    export SET_FILE_MODE_OWNER_GROUP\=NO
    export SHALLOW_BUNDLE\=YES
    export SHALLOW_BUNDLE_TRIPLE\=ios-simulator
    export SHALLOW_BUNDLE_ios_macabi\=NO
    export SHALLOW_BUNDLE_macos\=NO
    export SHARED_DERIVED_FILE_DIR\=/Users/andrejvysny/Library/Developer/Xcode/DerivedData/Swiftfin-fgghtvigwpcaqzejbcbexicnucjq/Build/Products/Debug-iphonesimulator/DerivedSources
    export SHARED_FRAMEWORKS_FOLDER_PATH\=Swiftfin\ iOS.app/SharedFrameworks
    export SHARED_PRECOMPS_DIR\=/Users/andrejvysny/Library/Developer/Xcode/DerivedData/Swiftfin-fgghtvigwpcaqzejbcbexicnucjq/Build/Intermediates.noindex/PrecompiledHeaders
    export SHARED_SUPPORT_FOLDER_PATH\=Swiftfin\ iOS.app/SharedSupport
    export SKIP_INSTALL\=NO
    export SOURCE_ROOT\=/Users/andrejvysny/andrejvysny/Swiftfin
    export SRCROOT\=/Users/andrejvysny/andrejvysny/Swiftfin
    export STRINGSDATA_DIR\=/Users/andrejvysny/Library/Developer/Xcode/DerivedData/Swiftfin-fgghtvigwpcaqzejbcbexicnucjq/Build/Intermediates.noindex/Swiftfin.build/Debug-iphonesimulator/Swiftfin\ iOS.build/Objects-normal/undefined_arch
    export STRINGSDATA_ROOT\=/Users/andrejvysny/Library/Developer/Xcode/DerivedData/Swiftfin-fgghtvigwpcaqzejbcbexicnucjq/Build/Intermediates.noindex/Swiftfin.build/Debug-iphonesimulator/Swiftfin\ iOS.build
    export STRINGS_FILE_INFOPLIST_RENAME\=YES
    export STRINGS_FILE_OUTPUT_ENCODING\=binary
    export STRIP_BITCODE_FROM_COPIED_FILES\=NO
    export STRIP_INSTALLED_PRODUCT\=NO
    export STRIP_STYLE\=all
    export STRIP_SWIFT_SYMBOLS\=YES
    export SUPPORTED_DEVICE_FAMILIES\=1,2
    export SUPPORTED_PLATFORMS\=iphoneos\ iphonesimulator
    export SUPPORTS_MACCATALYST\=NO
    export SUPPORTS_MAC_DESIGNED_FOR_IPHONE_IPAD\=NO
    export SUPPORTS_ON_DEMAND_RESOURCES\=YES
    export SUPPORTS_TEXT_BASED_API\=NO
    export SUPPRESS_WARNINGS\=NO
    export SWIFT_ACTIVE_COMPILATION_CONDITIONS\=DEBUG
    export SWIFT_EMIT_LOC_STRINGS\=YES
    export SWIFT_OPTIMIZATION_LEVEL\=-Onone
    export SWIFT_PLATFORM_TARGET_PREFIX\=ios
    export SWIFT_RESPONSE_FILE_PATH_normal_arm64\=/Users/andrejvysny/Library/Developer/Xcode/DerivedData/Swiftfin-fgghtvigwpcaqzejbcbexicnucjq/Build/Intermediates.noindex/Swiftfin.build/Debug-iphonesimulator/Swiftfin\ iOS.build/Objects-normal/arm64/Swiftfin\ iOS.SwiftFileList
    export SWIFT_VERSION\=5.0
    export SYMROOT\=/Users/andrejvysny/Library/Developer/Xcode/DerivedData/Swiftfin-fgghtvigwpcaqzejbcbexicnucjq/Build/Products
    export SYSTEM_ADMIN_APPS_DIR\=/Applications/Utilities
    export SYSTEM_APPS_DIR\=/Applications
    export SYSTEM_CORE_SERVICES_DIR\=/System/Library/CoreServices
    export SYSTEM_DEMOS_DIR\=/Applications/Extras
    export SYSTEM_DEVELOPER_APPS_DIR\=/Applications/Xcode.app/Contents/Developer/Applications
    export SYSTEM_DEVELOPER_BIN_DIR\=/Applications/Xcode.app/Contents/Developer/usr/bin
    export SYSTEM_DEVELOPER_DEMOS_DIR\=/Applications/Xcode.app/Contents/Developer/Applications/Utilities/Built\ Examples
    export SYSTEM_DEVELOPER_DIR\=/Applications/Xcode.app/Contents/Developer
    export SYSTEM_DEVELOPER_DOC_DIR\=/Applications/Xcode.app/Contents/Developer/ADC\ Reference\ Library
    export SYSTEM_DEVELOPER_GRAPHICS_TOOLS_DIR\=/Applications/Xcode.app/Contents/Developer/Applications/Graphics\ Tools
    export SYSTEM_DEVELOPER_JAVA_TOOLS_DIR\=/Applications/Xcode.app/Contents/Developer/Applications/Java\ Tools
    export SYSTEM_DEVELOPER_PERFORMANCE_TOOLS_DIR\=/Applications/Xcode.app/Contents/Developer/Applications/Performance\ Tools
    export SYSTEM_DEVELOPER_RELEASENOTES_DIR\=/Applications/Xcode.app/Contents/Developer/ADC\ Reference\ Library/releasenotes
    export SYSTEM_DEVELOPER_TOOLS\=/Applications/Xcode.app/Contents/Developer/Tools
    export SYSTEM_DEVELOPER_TOOLS_DOC_DIR\=/Applications/Xcode.app/Contents/Developer/ADC\ Reference\ Library/documentation/DeveloperTools
    export SYSTEM_DEVELOPER_TOOLS_RELEASENOTES_DIR\=/Applications/Xcode.app/Contents/Developer/ADC\ Reference\ Library/releasenotes/DeveloperTools
    export SYSTEM_DEVELOPER_USR_DIR\=/Applications/Xcode.app/Contents/Developer/usr
    export SYSTEM_DEVELOPER_UTILITIES_DIR\=/Applications/Xcode.app/Contents/Developer/Applications/Utilities
    export SYSTEM_DEXT_INSTALL_PATH\=/System/Library/DriverExtensions
    export SYSTEM_DOCUMENTATION_DIR\=/Library/Documentation
    export SYSTEM_EXTENSIONS_FOLDER_PATH\=Swiftfin\ iOS.app/SystemExtensions
    export SYSTEM_EXTENSIONS_FOLDER_PATH_SHALLOW_BUNDLE_NO\=Swiftfin\ iOS.app/Library/SystemExtensions
    export SYSTEM_EXTENSIONS_FOLDER_PATH_SHALLOW_BUNDLE_YES\=Swiftfin\ iOS.app/SystemExtensions
    export SYSTEM_KEXT_INSTALL_PATH\=/System/Library/Extensions
    export SYSTEM_LIBRARY_DIR\=/System/Library
    export TAPI_DEMANGLE\=YES
    export TAPI_ENABLE_PROJECT_HEADERS\=NO
    export TAPI_LANGUAGE\=objective-c
    export TAPI_LANGUAGE_STANDARD\=compiler-default
    export TAPI_USE_SRCROOT\=YES
    export TAPI_VERIFY_MODE\=Pedantic
    export TARGETED_DEVICE_FAMILY\=1,2
    export TARGETNAME\=Swiftfin\ iOS
    export TARGET_BUILD_DIR\=/Users/andrejvysny/Library/Developer/Xcode/DerivedData/Swiftfin-fgghtvigwpcaqzejbcbexicnucjq/Build/Products/Debug-iphonesimulator
    export TARGET_DEVICE_IDENTIFIER\=28FD40EC-2647-4865-BA0E-6F352F533A2F
    export TARGET_DEVICE_MODEL\=iPhone17,3
    export TARGET_DEVICE_OS_VERSION\=18.5
    export TARGET_DEVICE_PLATFORM_NAME\=iphonesimulator
    export TARGET_NAME\=Swiftfin\ iOS
    export TARGET_TEMP_DIR\=/Users/andrejvysny/Library/Developer/Xcode/DerivedData/Swiftfin-fgghtvigwpcaqzejbcbexicnucjq/Build/Intermediates.noindex/Swiftfin.build/Debug-iphonesimulator/Swiftfin\ iOS.build
    export TEMP_DIR\=/Users/andrejvysny/Library/Developer/Xcode/DerivedData/Swiftfin-fgghtvigwpcaqzejbcbexicnucjq/Build/Intermediates.noindex/Swiftfin.build/Debug-iphonesimulator/Swiftfin\ iOS.build
    export TEMP_FILES_DIR\=/Users/andrejvysny/Library/Developer/Xcode/DerivedData/Swiftfin-fgghtvigwpcaqzejbcbexicnucjq/Build/Intermediates.noindex/Swiftfin.build/Debug-iphonesimulator/Swiftfin\ iOS.build
    export TEMP_FILE_DIR\=/Users/andrejvysny/Library/Developer/Xcode/DerivedData/Swiftfin-fgghtvigwpcaqzejbcbexicnucjq/Build/Intermediates.noindex/Swiftfin.build/Debug-iphonesimulator/Swiftfin\ iOS.build
    export TEMP_ROOT\=/Users/andrejvysny/Library/Developer/Xcode/DerivedData/Swiftfin-fgghtvigwpcaqzejbcbexicnucjq/Build/Intermediates.noindex
    export TEMP_SANDBOX_DIR\=/Users/andrejvysny/Library/Developer/Xcode/DerivedData/Swiftfin-fgghtvigwpcaqzejbcbexicnucjq/Build/Intermediates.noindex/TemporaryTaskSandboxes
    export TEST_FRAMEWORK_SEARCH_PATHS\=\ /Applications/Xcode.app/Contents/Developer/Platforms/iPhoneSimulator.platform/Developer/Library/Frameworks\ /Applications/Xcode.app/Contents/Developer/Platforms/iPhoneSimulator.platform/Developer/SDKs/iPhoneSimulator18.5.sdk/Developer/Library/Frameworks
    export TEST_LIBRARY_SEARCH_PATHS\=\ /Applications/Xcode.app/Contents/Developer/Platforms/iPhoneSimulator.platform/Developer/usr/lib
    export TOOLCHAINS\=com.apple.dt.toolchain.XcodeDefault
    export TOOLCHAIN_DIR\=/Applications/Xcode.app/Contents/Developer/Toolchains/XcodeDefault.xctoolchain
    export TREAT_MISSING_BASELINES_AS_TEST_FAILURES\=NO
    export TREAT_MISSING_SCRIPT_PHASE_OUTPUTS_AS_ERRORS\=NO
    export TeamIdentifierPrefix\=\"\".
    export UID\=501
    export UNINSTALLED_PRODUCTS_DIR\=/Users/andrejvysny/Library/Developer/Xcode/DerivedData/Swiftfin-fgghtvigwpcaqzejbcbexicnucjq/Build/Intermediates.noindex/UninstalledProducts
    export UNLOCALIZED_RESOURCES_FOLDER_PATH\=Swiftfin\ iOS.app
    export UNLOCALIZED_RESOURCES_FOLDER_PATH_SHALLOW_BUNDLE_NO\=Swiftfin\ iOS.app/Resources
    export UNLOCALIZED_RESOURCES_FOLDER_PATH_SHALLOW_BUNDLE_YES\=Swiftfin\ iOS.app
    export UNSTRIPPED_PRODUCT\=NO
    export USER\=andrejvysny
    export USER_APPS_DIR\=/Users/andrejvysny/Applications
    export USER_LIBRARY_DIR\=/Users/andrejvysny/Library
    export USE_DYNAMIC_NO_PIC\=YES
    export USE_HEADERMAP\=YES
    export USE_HEADER_SYMLINKS\=NO
    export VALIDATE_DEVELOPMENT_ASSET_PATHS\=YES_ERROR
    export VALIDATE_PRODUCT\=NO
    export VALID_ARCHS\=arm64\ arm64e\ x86_64
    export VERBOSE_PBXCP\=NO
    export VERSIONPLIST_PATH\=Swiftfin\ iOS.app/version.plist
    export VERSION_INFO_BUILDER\=andrejvysny
    export VERSION_INFO_FILE\=Swiftfin\ iOS_vers.c
    export VERSION_INFO_STRING\=\"@\(\#\)PROGRAM:Swiftfin\ iOS\ \ PROJECT:Swiftfin-78\"
    export WORKSPACE_DIR\=/Users/andrejvysny/andrejvysny/Swiftfin/Swiftfin.xcodeproj
    export WRAPPER_EXTENSION\=app
    export WRAPPER_NAME\=Swiftfin\ iOS.app
    export WRAPPER_SUFFIX\=.app
    export WRAP_ASSET_PACKS_IN_SEPARATE_DIRECTORIES\=NO
    export XCODE_APP_SUPPORT_DIR\=/Applications/Xcode.app/Contents/Developer/Library/Xcode
    export XCODE_PRODUCT_BUILD_VERSION\=16F6
    export XCODE_VERSION_ACTUAL\=1640
    export XCODE_VERSION_MAJOR\=1600
    export XCODE_VERSION_MINOR\=1640
    export XPCSERVICES_FOLDER_PATH\=Swiftfin\ iOS.app/XPCServices
    export YACC\=yacc
    export _DISCOVER_COMMAND_LINE_LINKER_INPUTS\=YES
    export _DISCOVER_COMMAND_LINE_LINKER_INPUTS_INCLUDE_WL\=YES
    export _WRAPPER_CONTENTS_DIR_SHALLOW_BUNDLE_NO\=/Contents
    export _WRAPPER_PARENT_PATH_SHALLOW_BUNDLE_NO\=/..
    export _WRAPPER_RESOURCES_DIR_SHALLOW_BUNDLE_NO\=/Resources
    export __DIAGNOSE_DEPRECATED_ARCHS\=YES
    export __IS_NOT_MACOS\=YES
    export __IS_NOT_MACOS_macosx\=NO
    export __IS_NOT_SIMULATOR\=NO
    export __IS_NOT_SIMULATOR_simulator\=NO
    export arch\=undefined_arch
    export variant\=normal
    /bin/sh -c /Users/andrejvysny/Library/Developer/Xcode/DerivedData/Swiftfin-fgghtvigwpcaqzejbcbexicnucjq/Build/Intermediates.noindex/Swiftfin.build/Debug-iphonesimulator/Swiftfin\\\ iOS.build/Script-4EC71FBC2D16201C00D0B3A8.sh

PhaseScriptExecution Run\ Swiftgen.swift /Users/andrejvysny/Library/Developer/Xcode/DerivedData/Swiftfin-fgghtvigwpcaqzejbcbexicnucjq/Build/Intermediates.noindex/Swiftfin.build/Debug-iphonesimulator/Swiftfin\ iOS.build/Script-6286F09E271C093000C40ED5.sh (in target 'Swiftfin iOS' from project 'Swiftfin')
    cd /Users/andrejvysny/andrejvysny/Swiftfin
    export ACTION\=build
    export AD_HOC_CODE_SIGNING_ALLOWED\=YES
    export AGGREGATE_TRACKED_DOMAINS\=YES
    export ALLOW_BUILD_REQUEST_OVERRIDES\=NO
    export ALLOW_TARGET_PLATFORM_SPECIALIZATION\=NO
    export ALTERNATE_GROUP\=staff
    export ALTERNATE_MODE\=u+w,go-w,a+rX
    export ALTERNATE_OWNER\=andrejvysny
    export ALTERNATIVE_DISTRIBUTION_WEB\=NO
    export ALWAYS_EMBED_SWIFT_STANDARD_LIBRARIES\=NO
    export ALWAYS_SEARCH_USER_PATHS\=NO
    export ALWAYS_USE_SEPARATE_HEADERMAPS\=NO
    export APPLICATION_EXTENSION_API_ONLY\=NO
    export APPLY_RULES_IN_COPY_FILES\=NO
    export APPLY_RULES_IN_COPY_HEADERS\=NO
    export APP_SHORTCUTS_ENABLE_FLEXIBLE_MATCHING\=YES
    export ARCHS\=arm64
    export ARCHS_STANDARD\=arm64\ x86_64
    export ARCHS_STANDARD_32_64_BIT\=arm64\ x86_64
    export ARCHS_STANDARD_64_BIT\=arm64\ x86_64
    export ARCHS_STANDARD_INCLUDING_64_BIT\=arm64\ x86_64
    export ARCHS_UNIVERSAL_IPHONE_OS\=arm64\ x86_64
    export ASSETCATALOG_COMPILER_APPICON_NAME\=AppIcon-primary-primary
    export ASSETCATALOG_COMPILER_GENERATE_SWIFT_ASSET_SYMBOL_EXTENSIONS\=YES
    export ASSETCATALOG_COMPILER_INCLUDE_ALL_APPICON_ASSETS\=YES
    export ASSETCATALOG_FILTER_FOR_DEVICE_MODEL\=iPhone17,3
    export ASSETCATALOG_FILTER_FOR_DEVICE_OS_VERSION\=18.5
    export ASSETCATALOG_FILTER_FOR_THINNING_DEVICE_CONFIGURATION\=iPhone17,3
    export AUTOMATICALLY_MERGE_DEPENDENCIES\=NO
    export AVAILABLE_PLATFORMS\=android\ appletvos\ appletvsimulator\ driverkit\ iphoneos\ iphonesimulator\ macosx\ qnx\ watchos\ watchsimulator\ xros\ xrsimulator
    export AppIdentifierPrefix\=\"\".
    export BITCODE_GENERATION_MODE\=marker
    export BUILD_ACTIVE_RESOURCES_ONLY\=YES
    export BUILD_COMPONENTS\=headers\ build
    export BUILD_DIR\=/Users/andrejvysny/Library/Developer/Xcode/DerivedData/Swiftfin-fgghtvigwpcaqzejbcbexicnucjq/Build/Products
    export BUILD_LIBRARY_FOR_DISTRIBUTION\=NO
    export BUILD_ROOT\=/Users/andrejvysny/Library/Developer/Xcode/DerivedData/Swiftfin-fgghtvigwpcaqzejbcbexicnucjq/Build/Products
    export BUILD_STYLE\=
    export BUILD_VARIANTS\=normal
    export BUILT_PRODUCTS_DIR\=/Users/andrejvysny/Library/Developer/Xcode/DerivedData/Swiftfin-fgghtvigwpcaqzejbcbexicnucjq/Build/Products/Debug-iphonesimulator
    export BUNDLE_CONTENTS_FOLDER_PATH_deep\=Contents/
    export BUNDLE_EXECUTABLE_FOLDER_NAME_deep\=MacOS
    export BUNDLE_EXTENSIONS_FOLDER_PATH\=Extensions
    export BUNDLE_FORMAT\=shallow
    export BUNDLE_FRAMEWORKS_FOLDER_PATH\=Frameworks
    export BUNDLE_PLUGINS_FOLDER_PATH\=PlugIns
    export BUNDLE_PRIVATE_HEADERS_FOLDER_PATH\=PrivateHeaders
    export BUNDLE_PUBLIC_HEADERS_FOLDER_PATH\=Headers
    export CACHE_ROOT\=/var/folders/z5/x_0nvl9n33nd463_mpr617p00000gn/C/com.apple.DeveloperTools/16.4-16F6/Xcode
    export CCHROOT\=/var/folders/z5/x_0nvl9n33nd463_mpr617p00000gn/C/com.apple.DeveloperTools/16.4-16F6/Xcode
    export CHMOD\=/bin/chmod
    export CHOWN\=/usr/sbin/chown
    export CLANG_ANALYZER_LOCALIZABILITY_NONLOCALIZED\=YES
    export CLANG_ANALYZER_NONNULL\=YES
    export CLANG_ANALYZER_NUMBER_OBJECT_CONVERSION\=YES_AGGRESSIVE
    export CLANG_CACHE_FINE_GRAINED_OUTPUTS\=YES
    export CLANG_CXX_LANGUAGE_STANDARD\=gnu++14
    export CLANG_CXX_LIBRARY\=libc++
    export CLANG_ENABLE_EXPLICIT_MODULES\=YES
    export CLANG_ENABLE_MODULES\=YES
    export CLANG_ENABLE_OBJC_ARC\=YES
    export CLANG_ENABLE_OBJC_WEAK\=YES
    export CLANG_MODULES_BUILD_SESSION_FILE\=/Users/andrejvysny/Library/Developer/Xcode/DerivedData/ModuleCache.noindex/Session.modulevalidation
    export CLANG_WARN_BLOCK_CAPTURE_AUTORELEASING\=YES
    export CLANG_WARN_BOOL_CONVERSION\=YES
    export CLANG_WARN_COMMA\=YES
    export CLANG_WARN_CONSTANT_CONVERSION\=YES
    export CLANG_WARN_DEPRECATED_OBJC_IMPLEMENTATIONS\=YES
    export CLANG_WARN_DIRECT_OBJC_ISA_USAGE\=YES_ERROR
    export CLANG_WARN_DOCUMENTATION_COMMENTS\=YES
    export CLANG_WARN_EMPTY_BODY\=YES
    export CLANG_WARN_ENUM_CONVERSION\=YES
    export CLANG_WARN_INFINITE_RECURSION\=YES
    export CLANG_WARN_INT_CONVERSION\=YES
    export CLANG_WARN_NON_LITERAL_NULL_CONVERSION\=YES
    export CLANG_WARN_OBJC_IMPLICIT_RETAIN_SELF\=YES
    export CLANG_WARN_OBJC_LITERAL_CONVERSION\=YES
    export CLANG_WARN_OBJC_ROOT_CLASS\=YES_ERROR
    export CLANG_WARN_QUOTED_INCLUDE_IN_FRAMEWORK_HEADER\=YES
    export CLANG_WARN_RANGE_LOOP_ANALYSIS\=YES
    export CLANG_WARN_STRICT_PROTOTYPES\=YES
    export CLANG_WARN_SUSPICIOUS_MOVE\=YES
    export CLANG_WARN_UNGUARDED_AVAILABILITY\=YES_AGGRESSIVE
    export CLANG_WARN_UNREACHABLE_CODE\=YES
    export CLANG_WARN__DUPLICATE_METHOD_MATCH\=YES
    export CLASS_FILE_DIR\=/Users/andrejvysny/Library/Developer/Xcode/DerivedData/Swiftfin-fgghtvigwpcaqzejbcbexicnucjq/Build/Intermediates.noindex/Swiftfin.build/Debug-iphonesimulator/Swiftfin\ iOS.build/JavaClasses
    export CLEAN_PRECOMPS\=YES
    export CLONE_HEADERS\=NO
    export CODESIGNING_FOLDER_PATH\=/Users/andrejvysny/Library/Developer/Xcode/DerivedData/Swiftfin-fgghtvigwpcaqzejbcbexicnucjq/Build/Products/Debug-iphonesimulator/Swiftfin\ iOS.app
    export CODE_SIGNING_ALLOWED\=YES
    export CODE_SIGNING_REQUIRED\=YES
    export CODE_SIGN_CONTEXT_CLASS\=XCiPhoneSimulatorCodeSignContext
    export CODE_SIGN_ENTITLEMENTS\=Swiftfin/Resources/Swiftfin.entitlements
    export CODE_SIGN_IDENTITY\=Apple\ Development
    export CODE_SIGN_INJECT_BASE_ENTITLEMENTS\=YES
    export CODE_SIGN_STYLE\=Automatic
    export COLOR_DIAGNOSTICS\=NO
    export COMBINE_HIDPI_IMAGES\=NO
    export COMPILATION_CACHE_CAS_PATH\=/Users/andrejvysny/Library/Developer/Xcode/DerivedData/CompilationCache.noindex
    export COMPILATION_CACHE_KEEP_CAS_DIRECTORY\=YES
    export COMPILER_INDEX_STORE_ENABLE\=Default
    export COMPOSITE_SDK_DIRS\=/Users/andrejvysny/Library/Developer/Xcode/DerivedData/Swiftfin-fgghtvigwpcaqzejbcbexicnucjq/Build/Intermediates.noindex/CompositeSDKs
    export COMPRESS_PNG_FILES\=YES
    export CONFIGURATION\=Debug
    export CONFIGURATION_BUILD_DIR\=/Users/andrejvysny/Library/Developer/Xcode/DerivedData/Swiftfin-fgghtvigwpcaqzejbcbexicnucjq/Build/Products/Debug-iphonesimulator
    export CONFIGURATION_TEMP_DIR\=/Users/andrejvysny/Library/Developer/Xcode/DerivedData/Swiftfin-fgghtvigwpcaqzejbcbexicnucjq/Build/Intermediates.noindex/Swiftfin.build/Debug-iphonesimulator
    export CONTENTS_FOLDER_PATH\=Swiftfin\ iOS.app
    export CONTENTS_FOLDER_PATH_SHALLOW_BUNDLE_NO\=Swiftfin\ iOS.app/Contents
    export CONTENTS_FOLDER_PATH_SHALLOW_BUNDLE_YES\=Swiftfin\ iOS.app
    export COPYING_PRESERVES_HFS_DATA\=NO
    export COPY_HEADERS_RUN_UNIFDEF\=NO
    export COPY_PHASE_STRIP\=NO
    export CORRESPONDING_DEVICE_PLATFORM_DIR\=/Applications/Xcode.app/Contents/Developer/Platforms/iPhoneOS.platform
    export CORRESPONDING_DEVICE_PLATFORM_NAME\=iphoneos
    export CORRESPONDING_DEVICE_SDK_DIR\=/Applications/Xcode.app/Contents/Developer/Platforms/iPhoneOS.platform/Developer/SDKs/iPhoneOS18.5.sdk
    export CORRESPONDING_DEVICE_SDK_NAME\=iphoneos18.5
    export CP\=/bin/cp
    export CREATE_INFOPLIST_SECTION_IN_BINARY\=NO
    export CURRENT_ARCH\=undefined_arch
    export CURRENT_PROJECT_VERSION\=78
    export CURRENT_VARIANT\=normal
    export DEAD_CODE_STRIPPING\=YES
    export DEBUGGING_SYMBOLS\=YES
    export DEBUG_INFORMATION_FORMAT\=dwarf
    export DEBUG_INFORMATION_VERSION\=compiler-default
    export DEFAULT_COMPILER\=com.apple.compilers.llvm.clang.1_0
    export DEFAULT_DEXT_INSTALL_PATH\=/System/Library/DriverExtensions
    export DEFAULT_KEXT_INSTALL_PATH\=/System/Library/Extensions
    export DEFINES_MODULE\=NO
    export DEPLOYMENT_LOCATION\=NO
    export DEPLOYMENT_POSTPROCESSING\=NO
    export DEPLOYMENT_TARGET_SETTING_NAME\=IPHONEOS_DEPLOYMENT_TARGET
    export DEPLOYMENT_TARGET_SUGGESTED_VALUES\=12.0\ 12.1\ 12.2\ 12.3\ 12.4\ 13.0\ 13.1\ 13.2\ 13.3\ 13.4\ 13.5\ 13.6\ 14.0\ 14.1\ 14.2\ 14.3\ 14.4\ 14.5\ 14.6\ 14.7\ 15.0\ 15.1\ 15.2\ 15.3\ 15.4\ 15.5\ 15.6\ 16.0\ 16.1\ 16.2\ 16.3\ 16.4\ 16.5\ 16.6\ 17.0\ 17.1\ 17.2\ 17.3\ 17.4\ 17.5\ 17.6\ 18.0\ 18.1\ 18.2\ 18.3\ 18.4\ 18.5
    export DERIVED_FILES_DIR\=/Users/andrejvysny/Library/Developer/Xcode/DerivedData/Swiftfin-fgghtvigwpcaqzejbcbexicnucjq/Build/Intermediates.noindex/Swiftfin.build/Debug-iphonesimulator/Swiftfin\ iOS.build/DerivedSources
    export DERIVED_FILE_DIR\=/Users/andrejvysny/Library/Developer/Xcode/DerivedData/Swiftfin-fgghtvigwpcaqzejbcbexicnucjq/Build/Intermediates.noindex/Swiftfin.build/Debug-iphonesimulator/Swiftfin\ iOS.build/DerivedSources
    export DERIVED_SOURCES_DIR\=/Users/andrejvysny/Library/Developer/Xcode/DerivedData/Swiftfin-fgghtvigwpcaqzejbcbexicnucjq/Build/Intermediates.noindex/Swiftfin.build/Debug-iphonesimulator/Swiftfin\ iOS.build/DerivedSources
    export DEVELOPER_APPLICATIONS_DIR\=/Applications/Xcode.app/Contents/Developer/Applications
    export DEVELOPER_BIN_DIR\=/Applications/Xcode.app/Contents/Developer/usr/bin
    export DEVELOPER_DIR\=/Applications/Xcode.app/Contents/Developer
    export DEVELOPER_FRAMEWORKS_DIR\=/Applications/Xcode.app/Contents/Developer/Library/Frameworks
    export DEVELOPER_FRAMEWORKS_DIR_QUOTED\=/Applications/Xcode.app/Contents/Developer/Library/Frameworks
    export DEVELOPER_LIBRARY_DIR\=/Applications/Xcode.app/Contents/Developer/Library
    export DEVELOPER_SDK_DIR\=/Applications/Xcode.app/Contents/Developer/Platforms/MacOSX.platform/Developer/SDKs
    export DEVELOPER_TOOLS_DIR\=/Applications/Xcode.app/Contents/Developer/Tools
    export DEVELOPER_USR_DIR\=/Applications/Xcode.app/Contents/Developer/usr
    export DEVELOPMENT_LANGUAGE\=en
    export DEVELOPMENT_TEAM\=\"\"
    export DIAGNOSE_MISSING_TARGET_DEPENDENCIES\=YES
    export DIFF\=/usr/bin/diff
    export DOCUMENTATION_FOLDER_PATH\=Swiftfin\ iOS.app/en.lproj/Documentation
    export DONT_GENERATE_INFOPLIST_FILE\=NO
    export DSTROOT\=/tmp/Swiftfin.dst
    export DT_TOOLCHAIN_DIR\=/Applications/Xcode.app/Contents/Developer/Toolchains/XcodeDefault.xctoolchain
    export DWARF_DSYM_FILE_NAME\=Swiftfin\ iOS.app.dSYM
    export DWARF_DSYM_FILE_SHOULD_ACCOMPANY_PRODUCT\=NO
    export DWARF_DSYM_FOLDER_PATH\=/Users/andrejvysny/Library/Developer/Xcode/DerivedData/Swiftfin-fgghtvigwpcaqzejbcbexicnucjq/Build/Products/Debug-iphonesimulator
    export DYNAMIC_LIBRARY_EXTENSION\=dylib
    export EAGER_COMPILATION_ALLOW_SCRIPTS\=NO
    export EAGER_LINKING\=NO
    export EFFECTIVE_PLATFORM_NAME\=-iphonesimulator
    export EMBEDDED_CONTENT_CONTAINS_SWIFT\=NO
    export EMBED_ASSET_PACKS_IN_PRODUCT_BUNDLE\=NO
    export EMBED_PACKAGE_RESOURCE_BUNDLE_NAMES\=\ CocoaLumberjack_CocoaLumberjack\ Mantis_Mantis\ Factory_Factory\ Defaults_Defaults
    export ENABLE_APP_SANDBOX\=NO
    export ENABLE_BITCODE\=NO
    export ENABLE_CODE_COVERAGE\=YES
    export ENABLE_DEBUG_DYLIB\=YES
    export ENABLE_DEFAULT_HEADER_SEARCH_PATHS\=YES
    export ENABLE_DEFAULT_SEARCH_PATHS\=YES
    export ENABLE_HARDENED_RUNTIME\=NO
    export ENABLE_HEADER_DEPENDENCIES\=YES
    export ENABLE_INCOMING_NETWORK_CONNECTIONS\=NO
    export ENABLE_ON_DEMAND_RESOURCES\=YES
    export ENABLE_OUTGOING_NETWORK_CONNECTIONS\=NO
    export ENABLE_PREVIEWS\=NO
    export ENABLE_RESOURCE_ACCESS_AUDIO_INPUT\=NO
    export ENABLE_RESOURCE_ACCESS_BLUETOOTH\=NO
    export ENABLE_RESOURCE_ACCESS_CALENDARS\=NO
    export ENABLE_RESOURCE_ACCESS_CAMERA\=NO
    export ENABLE_RESOURCE_ACCESS_CONTACTS\=NO
    export ENABLE_RESOURCE_ACCESS_LOCATION\=NO
    export ENABLE_RESOURCE_ACCESS_PRINTING\=NO
    export ENABLE_RESOURCE_ACCESS_USB\=NO
    export ENABLE_SDK_IMPORTS\=NO
    export ENABLE_STRICT_OBJC_MSGSEND\=YES
    export ENABLE_TESTABILITY\=YES
    export ENABLE_TESTING_SEARCH_PATHS\=NO
    export ENABLE_USER_SCRIPT_SANDBOXING\=NO
    export ENABLE_XOJIT_PREVIEWS\=YES
    export ENFORCE_VALID_ARCHS\=YES
    export ENTITLEMENTS_ALLOWED\=NO
    export ENTITLEMENTS_DESTINATION\=__entitlements
    export ENTITLEMENTS_REQUIRED\=NO
    export EXCLUDED_INSTALLSRC_SUBDIRECTORY_PATTERNS\=.DS_Store\ .svn\ .git\ .hg\ CVS
    export EXCLUDED_RECURSIVE_SEARCH_PATH_SUBDIRECTORIES\=\*.nib\ \*.lproj\ \*.framework\ \*.gch\ \*.xcode\*\ \*.xcassets\ \(\*\)\ .DS_Store\ CVS\ .svn\ .git\ .hg\ \*.pbproj\ \*.pbxproj
    export EXECUTABLES_FOLDER_PATH\=Swiftfin\ iOS.app/Executables
    export EXECUTABLE_BLANK_INJECTION_DYLIB_PATH\=Swiftfin\ iOS.app/__preview.dylib
    export EXECUTABLE_DEBUG_DYLIB_INSTALL_NAME\=@rpath/Swiftfin\ iOS.debug.dylib
    export EXECUTABLE_DEBUG_DYLIB_PATH\=Swiftfin\ iOS.app/Swiftfin\ iOS.debug.dylib
    export EXECUTABLE_FOLDER_PATH\=Swiftfin\ iOS.app
    export EXECUTABLE_FOLDER_PATH_SHALLOW_BUNDLE_NO\=Swiftfin\ iOS.app/MacOS
    export EXECUTABLE_FOLDER_PATH_SHALLOW_BUNDLE_YES\=Swiftfin\ iOS.app
    export EXECUTABLE_NAME\=Swiftfin\ iOS
    export EXECUTABLE_PATH\=Swiftfin\ iOS.app/Swiftfin\ iOS
    export EXPANDED_CODE_SIGN_IDENTITY\=-
    export EXPANDED_CODE_SIGN_IDENTITY_NAME\=Sign\ to\ Run\ Locally
    export EXTENSIONS_FOLDER_PATH\=Swiftfin\ iOS.app/Extensions
    export FILE_LIST\=/Users/andrejvysny/Library/Developer/Xcode/DerivedData/Swiftfin-fgghtvigwpcaqzejbcbexicnucjq/Build/Intermediates.noindex/Swiftfin.build/Debug-iphonesimulator/Swiftfin\ iOS.build/Objects/LinkFileList
    export FIXED_FILES_DIR\=/Users/andrejvysny/Library/Developer/Xcode/DerivedData/Swiftfin-fgghtvigwpcaqzejbcbexicnucjq/Build/Intermediates.noindex/Swiftfin.build/Debug-iphonesimulator/Swiftfin\ iOS.build/FixedFiles
    export FRAMEWORKS_FOLDER_PATH\=Swiftfin\ iOS.app/Frameworks
    export FRAMEWORK_FLAG_PREFIX\=-framework
    export FRAMEWORK_SEARCH_PATHS\=/Users/andrejvysny/Library/Developer/Xcode/DerivedData/Swiftfin-fgghtvigwpcaqzejbcbexicnucjq/Build/Products/Debug-iphonesimulator/PackageFrameworks\ /Users/andrejvysny/Library/Developer/Xcode/DerivedData/Swiftfin-fgghtvigwpcaqzejbcbexicnucjq/Build/Products/Debug-iphonesimulator/PackageFrameworks\ /Users/andrejvysny/Library/Developer/Xcode/DerivedData/Swiftfin-fgghtvigwpcaqzejbcbexicnucjq/Build/Products/Debug-iphonesimulator/PackageFrameworks\ /Users/andrejvysny/Library/Developer/Xcode/DerivedData/Swiftfin-fgghtvigwpcaqzejbcbexicnucjq/Build/Products/Debug-iphonesimulator/PackageFrameworks\ /Users/andrejvysny/Library/Developer/Xcode/DerivedData/Swiftfin-fgghtvigwpcaqzejbcbexicnucjq/Build/Products/Debug-iphonesimulator/PackageFrameworks\ /Users/andrejvysny/Library/Developer/Xcode/DerivedData/Swiftfin-fgghtvigwpcaqzejbcbexicnucjq/Build/Products/Debug-iphonesimulator/PackageFrameworks\ /Users/andrejvysny/Library/Developer/Xcode/DerivedData/Swiftfin-fgghtvigwpcaqzejbcbexicnucjq/Build/Products/Debug-iphonesimulator/PackageFrameworks\ /Users/andrejvysny/Library/Developer/Xcode/DerivedData/Swiftfin-fgghtvigwpcaqzejbcbexicnucjq/Build/Products/Debug-iphonesimulator/PackageFrameworks\ /Users/andrejvysny/Library/Developer/Xcode/DerivedData/Swiftfin-fgghtvigwpcaqzejbcbexicnucjq/Build/Products/Debug-iphonesimulator/PackageFrameworks\ /Users/andrejvysny/Library/Developer/Xcode/DerivedData/Swiftfin-fgghtvigwpcaqzejbcbexicnucjq/Build/Products/Debug-iphonesimulator/PackageFrameworks\ /Users/andrejvysny/Library/Developer/Xcode/DerivedData/Swiftfin-fgghtvigwpcaqzejbcbexicnucjq/Build/Products/Debug-iphonesimulator/PackageFrameworks\ /Users/andrejvysny/Library/Developer/Xcode/DerivedData/Swiftfin-fgghtvigwpcaqzejbcbexicnucjq/Build/Products/Debug-iphonesimulator/PackageFrameworks\ /Users/andrejvysny/Library/Developer/Xcode/DerivedData/Swiftfin-fgghtvigwpcaqzejbcbexicnucjq/Build/Products/Debug-iphonesimulator/PackageFrameworks\ /Users/andrejvysny/Library/Developer/Xcode/DerivedData/Swiftfin-fgghtvigwpcaqzejbcbexicnucjq/Build/Products/Debug-iphonesimulator/PackageFrameworks\ /Users/andrejvysny/Library/Developer/Xcode/DerivedData/Swiftfin-fgghtvigwpcaqzejbcbexicnucjq/Build/Products/Debug-iphonesimulator/PackageFrameworks\ /Users/andrejvysny/Library/Developer/Xcode/DerivedData/Swiftfin-fgghtvigwpcaqzejbcbexicnucjq/Build/Products/Debug-iphonesimulator/PackageFrameworks\ /Users/andrejvysny/Library/Developer/Xcode/DerivedData/Swiftfin-fgghtvigwpcaqzejbcbexicnucjq/Build/Products/Debug-iphonesimulator/PackageFrameworks\ /Users/andrejvysny/Library/Developer/Xcode/DerivedData/Swiftfin-fgghtvigwpcaqzejbcbexicnucjq/Build/Products/Debug-iphonesimulator/PackageFrameworks\ /Users/andrejvysny/Library/Developer/Xcode/DerivedData/Swiftfin-fgghtvigwpcaqzejbcbexicnucjq/Build/Products/Debug-iphonesimulator/PackageFrameworks\ /Users/andrejvysny/Library/Developer/Xcode/DerivedData/Swiftfin-fgghtvigwpcaqzejbcbexicnucjq/Build/Products/Debug-iphonesimulator/PackageFrameworks\ /Users/andrejvysny/Library/Developer/Xcode/DerivedData/Swiftfin-fgghtvigwpcaqzejbcbexicnucjq/Build/Products/Debug-iphonesimulator/PackageFrameworks\ /Users/andrejvysny/Library/Developer/Xcode/DerivedData/Swiftfin-fgghtvigwpcaqzejbcbexicnucjq/Build/Products/Debug-iphonesimulator/PackageFrameworks\ /Users/andrejvysny/Library/Developer/Xcode/DerivedData/Swiftfin-fgghtvigwpcaqzejbcbexicnucjq/Build/Products/Debug-iphonesimulator/PackageFrameworks\ /Users/andrejvysny/Library/Developer/Xcode/DerivedData/Swiftfin-fgghtvigwpcaqzejbcbexicnucjq/Build/Products/Debug-iphonesimulator/PackageFrameworks\ /Users/andrejvysny/Library/Developer/Xcode/DerivedData/Swiftfin-fgghtvigwpcaqzejbcbexicnucjq/Build/Products/Debug-iphonesimulator/PackageFrameworks\ /Users/andrejvysny/Library/Developer/Xcode/DerivedData/Swiftfin-fgghtvigwpcaqzejbcbexicnucjq/Build/Products/Debug-iphonesimulator/PackageFrameworks\ /Users/andrejvysny/Library/Developer/Xcode/DerivedData/Swiftfin-fgghtvigwpcaqzejbcbexicnucjq/Build/Products/Debug-iphonesimulator/PackageFrameworks\ /Users/andrejvysny/Library/Developer/Xcode/DerivedData/Swiftfin-fgghtvigwpcaqzejbcbexicnucjq/Build/Products/Debug-iphonesimulator/PackageFrameworks\ /Users/andrejvysny/Library/Developer/Xcode/DerivedData/Swiftfin-fgghtvigwpcaqzejbcbexicnucjq/Build/Products/Debug-iphonesimulator/PackageFrameworks\ /Users/andrejvysny/Library/Developer/Xcode/DerivedData/Swiftfin-fgghtvigwpcaqzejbcbexicnucjq/Build/Products/Debug-iphonesimulator/PackageFrameworks\ /Users/andrejvysny/Library/Developer/Xcode/DerivedData/Swiftfin-fgghtvigwpcaqzejbcbexicnucjq/Build/Products/Debug-iphonesimulator/PackageFrameworks\ /Users/andrejvysny/Library/Developer/Xcode/DerivedData/Swiftfin-fgghtvigwpcaqzejbcbexicnucjq/Build/Products/Debug-iphonesimulator\ 
    export FRAMEWORK_VERSION\=A
    export FULL_PRODUCT_NAME\=Swiftfin\ iOS.app
    export FUSE_BUILD_PHASES\=YES
    export FUSE_BUILD_SCRIPT_PHASES\=NO
    export GCC3_VERSION\=3.3
    export GCC_C_LANGUAGE_STANDARD\=gnu11
    export GCC_DYNAMIC_NO_PIC\=NO
    export GCC_INLINES_ARE_PRIVATE_EXTERN\=YES
    export GCC_NO_COMMON_BLOCKS\=YES
    export GCC_OBJC_LEGACY_DISPATCH\=YES
    export GCC_OPTIMIZATION_LEVEL\=0
    export GCC_PFE_FILE_C_DIALECTS\=c\ objective-c\ c++\ objective-c++
    export GCC_PREPROCESSOR_DEFINITIONS\=DEBUG\=1\ 
    export GCC_SYMBOLS_PRIVATE_EXTERN\=NO
    export GCC_TREAT_WARNINGS_AS_ERRORS\=NO
    export GCC_VERSION\=com.apple.compilers.llvm.clang.1_0
    export GCC_VERSION_IDENTIFIER\=com_apple_compilers_llvm_clang_1_0
    export GCC_WARN_64_TO_32_BIT_CONVERSION\=YES
    export GCC_WARN_ABOUT_RETURN_TYPE\=YES_ERROR
    export GCC_WARN_UNDECLARED_SELECTOR\=YES
    export GCC_WARN_UNINITIALIZED_AUTOS\=YES_AGGRESSIVE
    export GCC_WARN_UNUSED_FUNCTION\=YES
    export GCC_WARN_UNUSED_VARIABLE\=YES
    export GENERATED_MODULEMAP_DIR\=/Users/andrejvysny/Library/Developer/Xcode/DerivedData/Swiftfin-fgghtvigwpcaqzejbcbexicnucjq/Build/Intermediates.noindex/GeneratedModuleMaps-iphonesimulator
    export GENERATE_INFOPLIST_FILE\=NO
    export GENERATE_INTERMEDIATE_TEXT_BASED_STUBS\=YES
    export GENERATE_MASTER_OBJECT_FILE\=NO
    export GENERATE_PKGINFO_FILE\=YES
    export GENERATE_PROFILING_CODE\=NO
    export GENERATE_TEXT_BASED_STUBS\=NO
    export GID\=20
    export GROUP\=staff
    export HEADERMAP_INCLUDES_FLAT_ENTRIES_FOR_TARGET_BEING_BUILT\=YES
    export HEADERMAP_INCLUDES_FRAMEWORK_ENTRIES_FOR_ALL_PRODUCT_TYPES\=YES
    export HEADERMAP_INCLUDES_FRAMEWORK_ENTRIES_FOR_TARGETS_NOT_BEING_BUILT\=YES
    export HEADERMAP_INCLUDES_NONPUBLIC_NONPRIVATE_HEADERS\=YES
    export HEADERMAP_INCLUDES_PROJECT_HEADERS\=YES
    export HEADERMAP_USES_FRAMEWORK_PREFIX_ENTRIES\=YES
    export HEADERMAP_USES_VFS\=NO
    export HEADER_SEARCH_PATHS\=/Users/andrejvysny/Library/Developer/Xcode/DerivedData/Swiftfin-fgghtvigwpcaqzejbcbexicnucjq/SourcePackages/checkouts/swift-numerics/Sources/_NumericsShims/include\ /Users/andrejvysny/Library/Developer/Xcode/DerivedData/Swiftfin-fgghtvigwpcaqzejbcbexicnucjq/SourcePackages/checkouts/CocoaLumberjack/Sources/CocoaLumberjack/include\ /Users/andrejvysny/Library/Developer/Xcode/DerivedData/Swiftfin-fgghtvigwpcaqzejbcbexicnucjq/SourcePackages/checkouts/SVGKit/Source/include\ /Users/andrejvysny/Library/Developer/Xcode/DerivedData/Swiftfin-fgghtvigwpcaqzejbcbexicnucjq/Build/Products/Debug-iphonesimulator/include\ 
    export HIDE_BITCODE_SYMBOLS\=YES
    export HOME\=/Users/andrejvysny
    export HOST_ARCH\=arm64
    export HOST_PLATFORM\=macosx
    export ICONV\=/usr/bin/iconv
    export IMPLICIT_DEPENDENCY_DOMAIN\=default
    export INFOPLIST_ENABLE_CFBUNDLEICONS_MERGE\=YES
    export INFOPLIST_EXPAND_BUILD_SETTINGS\=YES
    export INFOPLIST_FILE\=Swiftfin/Resources/Info.plist
    export INFOPLIST_KEY_CFBundleDisplayName\=Swiftfin
    export INFOPLIST_KEY_LSApplicationCategoryType\=public.app-category.entertainment
    export INFOPLIST_OUTPUT_FORMAT\=binary
    export INFOPLIST_PATH\=Swiftfin\ iOS.app/Info.plist
    export INFOPLIST_PREPROCESS\=NO
    export INFOSTRINGS_PATH\=Swiftfin\ iOS.app/en.lproj/InfoPlist.strings
    export INLINE_PRIVATE_FRAMEWORKS\=NO
    export INSTALLAPI_IGNORE_SKIP_INSTALL\=YES
    export INSTALLHDRS_COPY_PHASE\=NO
    export INSTALLHDRS_SCRIPT_PHASE\=NO
    export INSTALL_DIR\=/tmp/Swiftfin.dst/Applications
    export INSTALL_GROUP\=staff
    export INSTALL_MODE_FLAG\=u+w,go-w,a+rX
    export INSTALL_OWNER\=andrejvysny
    export INSTALL_PATH\=/Applications
    export INSTALL_ROOT\=/tmp/Swiftfin.dst
    export IPHONEOS_DEPLOYMENT_TARGET\=16.6
    export IS_UNOPTIMIZED_BUILD\=YES
    export JAVAC_DEFAULT_FLAGS\=-J-Xms64m\ -J-XX:NewSize\=4M\ -J-Dfile.encoding\=UTF8
    export JAVA_APP_STUB\=/System/Library/Frameworks/JavaVM.framework/Resources/MacOS/JavaApplicationStub
    export JAVA_ARCHIVE_CLASSES\=YES
    export JAVA_ARCHIVE_TYPE\=JAR
    export JAVA_COMPILER\=/usr/bin/javac
    export JAVA_FOLDER_PATH\=Swiftfin\ iOS.app/Java
    export JAVA_FRAMEWORK_RESOURCES_DIRS\=Resources
    export JAVA_JAR_FLAGS\=cv
    export JAVA_SOURCE_SUBDIR\=.
    export JAVA_USE_DEPENDENCIES\=YES
    export JAVA_ZIP_FLAGS\=-urg
    export JIKES_DEFAULT_FLAGS\=+E\ +OLDCSO
    export KEEP_PRIVATE_EXTERNS\=NO
    export LD_DEPENDENCY_INFO_FILE\=/Users/andrejvysny/Library/Developer/Xcode/DerivedData/Swiftfin-fgghtvigwpcaqzejbcbexicnucjq/Build/Intermediates.noindex/Swiftfin.build/Debug-iphonesimulator/Swiftfin\ iOS.build/Objects-normal/undefined_arch/Swiftfin\ iOS_dependency_info.dat
    export LD_ENTITLEMENTS_SECTION\=/Users/andrejvysny/Library/Developer/Xcode/DerivedData/Swiftfin-fgghtvigwpcaqzejbcbexicnucjq/Build/Intermediates.noindex/Swiftfin.build/Debug-iphonesimulator/Swiftfin\ iOS.build/Swiftfin\ iOS.app-Simulated.xcent
    export LD_ENTITLEMENTS_SECTION_DER\=/Users/andrejvysny/Library/Developer/Xcode/DerivedData/Swiftfin-fgghtvigwpcaqzejbcbexicnucjq/Build/Intermediates.noindex/Swiftfin.build/Debug-iphonesimulator/Swiftfin\ iOS.build/Swiftfin\ iOS.app-Simulated.xcent.der
    export LD_EXPORT_SYMBOLS\=YES
    export LD_GENERATE_MAP_FILE\=NO
    export LD_MAP_FILE_PATH\=/Users/andrejvysny/Library/Developer/Xcode/DerivedData/Swiftfin-fgghtvigwpcaqzejbcbexicnucjq/Build/Intermediates.noindex/Swiftfin.build/Debug-iphonesimulator/Swiftfin\ iOS.build/Swiftfin\ iOS-LinkMap-normal-undefined_arch.txt
    export LD_NO_PIE\=NO
    export LD_QUOTE_LINKER_ARGUMENTS_FOR_COMPILER_DRIVER\=YES
    export LD_RUNPATH_SEARCH_PATHS\=/Users/andrejvysny/Library/Developer/Xcode/DerivedData/Swiftfin-fgghtvigwpcaqzejbcbexicnucjq/Build/Products/Debug-iphonesimulator/PackageFrameworks\ /Users/andrejvysny/Library/Developer/Xcode/DerivedData/Swiftfin-fgghtvigwpcaqzejbcbexicnucjq/Build/Products/Debug-iphonesimulator/PackageFrameworks\ /Users/andrejvysny/Library/Developer/Xcode/DerivedData/Swiftfin-fgghtvigwpcaqzejbcbexicnucjq/Build/Products/Debug-iphonesimulator/PackageFrameworks\ /Users/andrejvysny/Library/Developer/Xcode/DerivedData/Swiftfin-fgghtvigwpcaqzejbcbexicnucjq/Build/Products/Debug-iphonesimulator/PackageFrameworks\ /Users/andrejvysny/Library/Developer/Xcode/DerivedData/Swiftfin-fgghtvigwpcaqzejbcbexicnucjq/Build/Products/Debug-iphonesimulator/PackageFrameworks\ /Users/andrejvysny/Library/Developer/Xcode/DerivedData/Swiftfin-fgghtvigwpcaqzejbcbexicnucjq/Build/Products/Debug-iphonesimulator/PackageFrameworks\ /Users/andrejvysny/Library/Developer/Xcode/DerivedData/Swiftfin-fgghtvigwpcaqzejbcbexicnucjq/Build/Products/Debug-iphonesimulator/PackageFrameworks\ /Users/andrejvysny/Library/Developer/Xcode/DerivedData/Swiftfin-fgghtvigwpcaqzejbcbexicnucjq/Build/Products/Debug-iphonesimulator/PackageFrameworks\ /Users/andrejvysny/Library/Developer/Xcode/DerivedData/Swiftfin-fgghtvigwpcaqzejbcbexicnucjq/Build/Products/Debug-iphonesimulator/PackageFrameworks\ /Users/andrejvysny/Library/Developer/Xcode/DerivedData/Swiftfin-fgghtvigwpcaqzejbcbexicnucjq/Build/Products/Debug-iphonesimulator/PackageFrameworks\ /Users/andrejvysny/Library/Developer/Xcode/DerivedData/Swiftfin-fgghtvigwpcaqzejbcbexicnucjq/Build/Products/Debug-iphonesimulator/PackageFrameworks\ /Users/andrejvysny/Library/Developer/Xcode/DerivedData/Swiftfin-fgghtvigwpcaqzejbcbexicnucjq/Build/Products/Debug-iphonesimulator/PackageFrameworks\ /Users/andrejvysny/Library/Developer/Xcode/DerivedData/Swiftfin-fgghtvigwpcaqzejbcbexicnucjq/Build/Products/Debug-iphonesimulator/PackageFrameworks\ /Users/andrejvysny/Library/Developer/Xcode/DerivedData/Swiftfin-fgghtvigwpcaqzejbcbexicnucjq/Build/Products/Debug-iphonesimulator/PackageFrameworks\ /Users/andrejvysny/Library/Developer/Xcode/DerivedData/Swiftfin-fgghtvigwpcaqzejbcbexicnucjq/Build/Products/Debug-iphonesimulator/PackageFrameworks\ /Users/andrejvysny/Library/Developer/Xcode/DerivedData/Swiftfin-fgghtvigwpcaqzejbcbexicnucjq/Build/Products/Debug-iphonesimulator/PackageFrameworks\ /Users/andrejvysny/Library/Developer/Xcode/DerivedData/Swiftfin-fgghtvigwpcaqzejbcbexicnucjq/Build/Products/Debug-iphonesimulator/PackageFrameworks\ /Users/andrejvysny/Library/Developer/Xcode/DerivedData/Swiftfin-fgghtvigwpcaqzejbcbexicnucjq/Build/Products/Debug-iphonesimulator/PackageFrameworks\ /Users/andrejvysny/Library/Developer/Xcode/DerivedData/Swiftfin-fgghtvigwpcaqzejbcbexicnucjq/Build/Products/Debug-iphonesimulator/PackageFrameworks\ /Users/andrejvysny/Library/Developer/Xcode/DerivedData/Swiftfin-fgghtvigwpcaqzejbcbexicnucjq/Build/Products/Debug-iphonesimulator/PackageFrameworks\ /Users/andrejvysny/Library/Developer/Xcode/DerivedData/Swiftfin-fgghtvigwpcaqzejbcbexicnucjq/Build/Products/Debug-iphonesimulator/PackageFrameworks\ /Users/andrejvysny/Library/Developer/Xcode/DerivedData/Swiftfin-fgghtvigwpcaqzejbcbexicnucjq/Build/Products/Debug-iphonesimulator/PackageFrameworks\ /Users/andrejvysny/Library/Developer/Xcode/DerivedData/Swiftfin-fgghtvigwpcaqzejbcbexicnucjq/Build/Products/Debug-iphonesimulator/PackageFrameworks\ /Users/andrejvysny/Library/Developer/Xcode/DerivedData/Swiftfin-fgghtvigwpcaqzejbcbexicnucjq/Build/Products/Debug-iphonesimulator/PackageFrameworks\ /Users/andrejvysny/Library/Developer/Xcode/DerivedData/Swiftfin-fgghtvigwpcaqzejbcbexicnucjq/Build/Products/Debug-iphonesimulator/PackageFrameworks\ /Users/andrejvysny/Library/Developer/Xcode/DerivedData/Swiftfin-fgghtvigwpcaqzejbcbexicnucjq/Build/Products/Debug-iphonesimulator/PackageFrameworks\ /Users/andrejvysny/Library/Developer/Xcode/DerivedData/Swiftfin-fgghtvigwpcaqzejbcbexicnucjq/Build/Products/Debug-iphonesimulator/PackageFrameworks\ /Users/andrejvysny/Library/Developer/Xcode/DerivedData/Swiftfin-fgghtvigwpcaqzejbcbexicnucjq/Build/Products/Debug-iphonesimulator/PackageFrameworks\ /Users/andrejvysny/Library/Developer/Xcode/DerivedData/Swiftfin-fgghtvigwpcaqzejbcbexicnucjq/Build/Products/Debug-iphonesimulator/PackageFrameworks\ /Users/andrejvysny/Library/Developer/Xcode/DerivedData/Swiftfin-fgghtvigwpcaqzejbcbexicnucjq/Build/Products/Debug-iphonesimulator/PackageFrameworks\ /Users/andrejvysny/Library/Developer/Xcode/DerivedData/Swiftfin-fgghtvigwpcaqzejbcbexicnucjq/Build/Products/Debug-iphonesimulator/PackageFrameworks\ \ @executable_path/Frameworks
    export LD_RUNPATH_SEARCH_PATHS_YES\=@loader_path/../Frameworks
    export LD_SHARED_CACHE_ELIGIBLE\=Automatic
    export LD_WARN_DUPLICATE_LIBRARIES\=NO
    export LD_WARN_UNUSED_DYLIBS\=NO
    export LEGACY_DEVELOPER_DIR\=/Applications/Xcode.app/Contents/PlugIns/Xcode3Core.ideplugin/Contents/SharedSupport/Developer
    export LEX\=lex
    export LIBRARY_DEXT_INSTALL_PATH\=/Library/DriverExtensions
    export LIBRARY_FLAG_NOSPACE\=YES
    export LIBRARY_FLAG_PREFIX\=-l
    export LIBRARY_KEXT_INSTALL_PATH\=/Library/Extensions
    export LIBRARY_SEARCH_PATHS\=/Users/andrejvysny/Library/Developer/Xcode/DerivedData/Swiftfin-fgghtvigwpcaqzejbcbexicnucjq/Build/Products/Debug-iphonesimulator\ 
    export LINKER_DISPLAYS_MANGLED_NAMES\=NO
    export LINK_FILE_LIST_normal_arm64\=/Users/andrejvysny/Library/Developer/Xcode/DerivedData/Swiftfin-fgghtvigwpcaqzejbcbexicnucjq/Build/Intermediates.noindex/Swiftfin.build/Debug-iphonesimulator/Swiftfin\ iOS.build/Objects-normal/arm64/Swiftfin\ iOS.LinkFileList
    export LINK_OBJC_RUNTIME\=YES
    export LINK_WITH_STANDARD_LIBRARIES\=YES
    export LLVM_TARGET_TRIPLE_OS_VERSION\=ios16.6
    export LLVM_TARGET_TRIPLE_SUFFIX\=-simulator
    export LLVM_TARGET_TRIPLE_VENDOR\=apple
    export LM_AUX_CONST_METADATA_LIST_PATH_normal_arm64\=/Users/andrejvysny/Library/Developer/Xcode/DerivedData/Swiftfin-fgghtvigwpcaqzejbcbexicnucjq/Build/Intermediates.noindex/Swiftfin.build/Debug-iphonesimulator/Swiftfin\ iOS.build/Objects-normal/arm64/Swiftfin\ iOS.SwiftConstValuesFileList
    export LOCALIZATION_EXPORT_SUPPORTED\=YES
    export LOCALIZATION_PREFERS_STRING_CATALOGS\=NO
    export LOCALIZED_RESOURCES_FOLDER_PATH\=Swiftfin\ iOS.app/en.lproj
    export LOCALIZED_STRING_MACRO_NAMES\=NSLocalizedString\ CFCopyLocalizedString
    export LOCALIZED_STRING_SWIFTUI_SUPPORT\=YES
    export LOCAL_ADMIN_APPS_DIR\=/Applications/Utilities
    export LOCAL_APPS_DIR\=/Applications
    export LOCAL_DEVELOPER_DIR\=/Library/Developer
    export LOCAL_LIBRARY_DIR\=/Library
    export LOCROOT\=/Users/andrejvysny/andrejvysny/Swiftfin
    export LOCSYMROOT\=/Users/andrejvysny/andrejvysny/Swiftfin
    export MACH_O_TYPE\=mh_execute
    export MAC_OS_X_PRODUCT_BUILD_VERSION\=24G90
    export MAC_OS_X_VERSION_ACTUAL\=150601
    export MAC_OS_X_VERSION_MAJOR\=150000
    export MAC_OS_X_VERSION_MINOR\=150600
    export MAKE_MERGEABLE\=NO
    export MARKETING_VERSION\=1.0.0
    export MERGEABLE_LIBRARY\=NO
    export MERGED_BINARY_TYPE\=none
    export MERGE_LINKED_LIBRARIES\=NO
    export METAL_LIBRARY_FILE_BASE\=default
    export METAL_LIBRARY_OUTPUT_DIR\=/Users/andrejvysny/Library/Developer/Xcode/DerivedData/Swiftfin-fgghtvigwpcaqzejbcbexicnucjq/Build/Products/Debug-iphonesimulator/Swiftfin\ iOS.app
    export MODULES_FOLDER_PATH\=Swiftfin\ iOS.app/Modules
    export MODULE_CACHE_DIR\=/Users/andrejvysny/Library/Developer/Xcode/DerivedData/ModuleCache.noindex
    export MTL_ENABLE_DEBUG_INFO\=INCLUDE_SOURCE
    export MTL_FAST_MATH\=YES
    export NATIVE_ARCH\=arm64
    export NATIVE_ARCH_32_BIT\=arm
    export NATIVE_ARCH_64_BIT\=arm64
    export NATIVE_ARCH_ACTUAL\=arm64
    export NO_COMMON\=YES
    export OBJC_ABI_VERSION\=2
    export OBJECT_FILE_DIR\=/Users/andrejvysny/Library/Developer/Xcode/DerivedData/Swiftfin-fgghtvigwpcaqzejbcbexicnucjq/Build/Intermediates.noindex/Swiftfin.build/Debug-iphonesimulator/Swiftfin\ iOS.build/Objects
    export OBJECT_FILE_DIR_normal\=/Users/andrejvysny/Library/Developer/Xcode/DerivedData/Swiftfin-fgghtvigwpcaqzejbcbexicnucjq/Build/Intermediates.noindex/Swiftfin.build/Debug-iphonesimulator/Swiftfin\ iOS.build/Objects-normal
    export OBJROOT\=/Users/andrejvysny/Library/Developer/Xcode/DerivedData/Swiftfin-fgghtvigwpcaqzejbcbexicnucjq/Build/Intermediates.noindex
    export ONLY_ACTIVE_ARCH\=YES
    export OS\=MACOS
    export OSAC\=/usr/bin/osacompile
    export OTHER_CFLAGS\=-fmodule-map-file\=/Users/andrejvysny/Library/Developer/Xcode/DerivedData/Swiftfin-fgghtvigwpcaqzejbcbexicnucjq/Build/Intermediates.noindex/GeneratedModuleMaps-iphonesimulator/Defaults.modulemap\ -fmodule-map-file\=/Users/andrejvysny/Library/Developer/Xcode/DerivedData/Swiftfin-fgghtvigwpcaqzejbcbexicnucjq/Build/Intermediates.noindex/GeneratedModuleMaps-iphonesimulator/RealModule.modulemap\ -fmodule-map-file\=/Users/andrejvysny/Library/Developer/Xcode/DerivedData/Swiftfin-fgghtvigwpcaqzejbcbexicnucjq/Build/Intermediates.noindex/GeneratedModuleMaps-iphonesimulator/Algorithms.modulemap\ -fmodule-map-file\=/Users/andrejvysny/Library/Developer/Xcode/DerivedData/Swiftfin-fgghtvigwpcaqzejbcbexicnucjq/Build/Intermediates.noindex/GeneratedModuleMaps-iphonesimulator/CollectionVGrid.modulemap\ -fmodule-map-file\=/Users/andrejvysny/Library/Developer/Xcode/DerivedData/Swiftfin-fgghtvigwpcaqzejbcbexicnucjq/Build/Intermediates.noindex/GeneratedModuleMaps-iphonesimulator/Pulse.modulemap\ -fmodule-map-file\=/Users/andrejvysny/Library/Developer/Xcode/DerivedData/Swiftfin-fgghtvigwpcaqzejbcbexicnucjq/Build/Intermediates.noindex/GeneratedModuleMaps-iphonesimulator/PulseUI.modulemap\ -fmodule-map-file\=/Users/andrejvysny/Library/Developer/Xcode/DerivedData/Swiftfin-fgghtvigwpcaqzejbcbexicnucjq/Build/Intermediates.noindex/GeneratedModuleMaps-iphonesimulator/Logging.modulemap\ -fmodule-map-file\=/Users/andrejvysny/Library/Developer/Xcode/DerivedData/Swiftfin-fgghtvigwpcaqzejbcbexicnucjq/Build/Intermediates.noindex/GeneratedModuleMaps-iphonesimulator/PulseLogHandler.modulemap\ -fmodule-map-file\=/Users/andrejvysny/Library/Developer/Xcode/DerivedData/Swiftfin-fgghtvigwpcaqzejbcbexicnucjq/Build/Intermediates.noindex/GeneratedModuleMaps-iphonesimulator/OrderedCollections.modulemap\ -fmodule-map-file\=/Users/andrejvysny/Library/Developer/Xcode/DerivedData/Swiftfin-fgghtvigwpcaqzejbcbexicnucjq/Build/Intermediates.noindex/GeneratedModuleMaps-iphonesimulator/Factory.modulemap\ -fmodule-map-file\=/Users/andrejvysny/Library/Developer/Xcode/DerivedData/Swiftfin-fgghtvigwpcaqzejbcbexicnucjq/Build/Intermediates.noindex/GeneratedModuleMaps-iphonesimulator/Get.modulemap\ -fmodule-map-file\=/Users/andrejvysny/Library/Developer/Xcode/DerivedData/Swiftfin-fgghtvigwpcaqzejbcbexicnucjq/Build/Intermediates.noindex/GeneratedModuleMaps-iphonesimulator/URLQueryEncoder.modulemap\ -fmodule-map-file\=/Users/andrejvysny/Library/Developer/Xcode/DerivedData/Swiftfin-fgghtvigwpcaqzejbcbexicnucjq/Build/Intermediates.noindex/GeneratedModuleMaps-iphonesimulator/JellyfinAPI.modulemap\ -fmodule-map-file\=/Users/andrejvysny/Library/Developer/Xcode/DerivedData/Swiftfin-fgghtvigwpcaqzejbcbexicnucjq/Build/Intermediates.noindex/GeneratedModuleMaps-iphonesimulator/DifferenceKit.modulemap\ -fmodule-map-file\=/Users/andrejvysny/Library/Developer/Xcode/DerivedData/Swiftfin-fgghtvigwpcaqzejbcbexicnucjq/Build/Intermediates.noindex/GeneratedModuleMaps-iphonesimulator/CollectionHStack.modulemap\ -fmodule-map-file\=/Users/andrejvysny/Library/Developer/Xcode/DerivedData/Swiftfin-fgghtvigwpcaqzejbcbexicnucjq/Build/Intermediates.noindex/GeneratedModuleMaps-iphonesimulator/KeychainSwift.modulemap\ -fmodule-map-file\=/Users/andrejvysny/Library/Developer/Xcode/DerivedData/Swiftfin-fgghtvigwpcaqzejbcbexicnucjq/Build/Intermediates.noindex/GeneratedModuleMaps-iphonesimulator/Files.modulemap\ -fmodule-map-file\=/Users/andrejvysny/Library/Developer/Xcode/DerivedData/Swiftfin-fgghtvigwpcaqzejbcbexicnucjq/Build/Intermediates.noindex/GeneratedModuleMaps-iphonesimulator/Mantis.modulemap\ -fmodule-map-file\=/Users/andrejvysny/Library/Developer/Xcode/DerivedData/Swiftfin-fgghtvigwpcaqzejbcbexicnucjq/Build/Intermediates.noindex/GeneratedModuleMaps-iphonesimulator/IdentifiedCollections.modulemap\ -fmodule-map-file\=/Users/andrejvysny/Library/Developer/Xcode/DerivedData/Swiftfin-fgghtvigwpcaqzejbcbexicnucjq/Build/Intermediates.noindex/GeneratedModuleMaps-iphonesimulator/BlurHashKit.modulemap\ -fmodule-map-file\=/Users/andrejvysny/Library/Developer/Xcode/DerivedData/Swiftfin-fgghtvigwpcaqzejbcbexicnucjq/Build/Intermediates.noindex/GeneratedModuleMaps-iphonesimulator/UDPBroadcast.modulemap\ -fmodule-map-file\=/Users/andrejvysny/Library/Developer/Xcode/DerivedData/Swiftfin-fgghtvigwpcaqzejbcbexicnucjq/Build/Intermediates.noindex/GeneratedModuleMaps-iphonesimulator/CocoaLumberjack.modulemap\ -fmodule-map-file\=/Users/andrejvysny/Library/Developer/Xcode/DerivedData/Swiftfin-fgghtvigwpcaqzejbcbexicnucjq/Build/Intermediates.noindex/GeneratedModuleMaps-iphonesimulator/SVGKit.modulemap\ -fmodule-map-file\=/Users/andrejvysny/Library/Developer/Xcode/DerivedData/Swiftfin-fgghtvigwpcaqzejbcbexicnucjq/Build/Intermediates.noindex/GeneratedModuleMaps-iphonesimulator/VLCUI.modulemap\ -fmodule-map-file\=/Users/andrejvysny/Library/Developer/Xcode/DerivedData/Swiftfin-fgghtvigwpcaqzejbcbexicnucjq/Build/Intermediates.noindex/GeneratedModuleMaps-iphonesimulator/CoreStore.modulemap\ -fmodule-map-file\=/Users/andrejvysny/Library/Developer/Xcode/DerivedData/Swiftfin-fgghtvigwpcaqzejbcbexicnucjq/Build/Intermediates.noindex/GeneratedModuleMaps-iphonesimulator/SwiftUIIntrospect.modulemap\ -fmodule-map-file\=/Users/andrejvysny/Library/Developer/Xcode/DerivedData/Swiftfin-fgghtvigwpcaqzejbcbexicnucjq/Build/Intermediates.noindex/GeneratedModuleMaps-iphonesimulator/PreferencesView.modulemap\ -fmodule-map-file\=/Users/andrejvysny/Library/Developer/Xcode/DerivedData/Swiftfin-fgghtvigwpcaqzejbcbexicnucjq/Build/Intermediates.noindex/GeneratedModuleMaps-iphonesimulator/Nuke.modulemap\ -fmodule-map-file\=/Users/andrejvysny/Library/Developer/Xcode/DerivedData/Swiftfin-fgghtvigwpcaqzejbcbexicnucjq/Build/Intermediates.noindex/GeneratedModuleMaps-iphonesimulator/NukeUI.modulemap\ -fmodule-map-file\=/Users/andrejvysny/Library/Developer/Xcode/DerivedData/Swiftfin-fgghtvigwpcaqzejbcbexicnucjq/Build/Intermediates.noindex/GeneratedModuleMaps-iphonesimulator/SwizzleSwift.modulemap\ 
    export OTHER_CPLUSPLUSFLAGS\=-fmodule-map-file\=/Users/andrejvysny/Library/Developer/Xcode/DerivedData/Swiftfin-fgghtvigwpcaqzejbcbexicnucjq/Build/Intermediates.noindex/GeneratedModuleMaps-iphonesimulator/Defaults.modulemap\ -fmodule-map-file\=/Users/andrejvysny/Library/Developer/Xcode/DerivedData/Swiftfin-fgghtvigwpcaqzejbcbexicnucjq/Build/Intermediates.noindex/GeneratedModuleMaps-iphonesimulator/RealModule.modulemap\ -fmodule-map-file\=/Users/andrejvysny/Library/Developer/Xcode/DerivedData/Swiftfin-fgghtvigwpcaqzejbcbexicnucjq/Build/Intermediates.noindex/GeneratedModuleMaps-iphonesimulator/Algorithms.modulemap\ -fmodule-map-file\=/Users/andrejvysny/Library/Developer/Xcode/DerivedData/Swiftfin-fgghtvigwpcaqzejbcbexicnucjq/Build/Intermediates.noindex/GeneratedModuleMaps-iphonesimulator/CollectionVGrid.modulemap\ -fmodule-map-file\=/Users/andrejvysny/Library/Developer/Xcode/DerivedData/Swiftfin-fgghtvigwpcaqzejbcbexicnucjq/Build/Intermediates.noindex/GeneratedModuleMaps-iphonesimulator/Pulse.modulemap\ -fmodule-map-file\=/Users/andrejvysny/Library/Developer/Xcode/DerivedData/Swiftfin-fgghtvigwpcaqzejbcbexicnucjq/Build/Intermediates.noindex/GeneratedModuleMaps-iphonesimulator/PulseUI.modulemap\ -fmodule-map-file\=/Users/andrejvysny/Library/Developer/Xcode/DerivedData/Swiftfin-fgghtvigwpcaqzejbcbexicnucjq/Build/Intermediates.noindex/GeneratedModuleMaps-iphonesimulator/Logging.modulemap\ -fmodule-map-file\=/Users/andrejvysny/Library/Developer/Xcode/DerivedData/Swiftfin-fgghtvigwpcaqzejbcbexicnucjq/Build/Intermediates.noindex/GeneratedModuleMaps-iphonesimulator/PulseLogHandler.modulemap\ -fmodule-map-file\=/Users/andrejvysny/Library/Developer/Xcode/DerivedData/Swiftfin-fgghtvigwpcaqzejbcbexicnucjq/Build/Intermediates.noindex/GeneratedModuleMaps-iphonesimulator/OrderedCollections.modulemap\ -fmodule-map-file\=/Users/andrejvysny/Library/Developer/Xcode/DerivedData/Swiftfin-fgghtvigwpcaqzejbcbexicnucjq/Build/Intermediates.noindex/GeneratedModuleMaps-iphonesimulator/Factory.modulemap\ -fmodule-map-file\=/Users/andrejvysny/Library/Developer/Xcode/DerivedData/Swiftfin-fgghtvigwpcaqzejbcbexicnucjq/Build/Intermediates.noindex/GeneratedModuleMaps-iphonesimulator/Get.modulemap\ -fmodule-map-file\=/Users/andrejvysny/Library/Developer/Xcode/DerivedData/Swiftfin-fgghtvigwpcaqzejbcbexicnucjq/Build/Intermediates.noindex/GeneratedModuleMaps-iphonesimulator/URLQueryEncoder.modulemap\ -fmodule-map-file\=/Users/andrejvysny/Library/Developer/Xcode/DerivedData/Swiftfin-fgghtvigwpcaqzejbcbexicnucjq/Build/Intermediates.noindex/GeneratedModuleMaps-iphonesimulator/JellyfinAPI.modulemap\ -fmodule-map-file\=/Users/andrejvysny/Library/Developer/Xcode/DerivedData/Swiftfin-fgghtvigwpcaqzejbcbexicnucjq/Build/Intermediates.noindex/GeneratedModuleMaps-iphonesimulator/DifferenceKit.modulemap\ -fmodule-map-file\=/Users/andrejvysny/Library/Developer/Xcode/DerivedData/Swiftfin-fgghtvigwpcaqzejbcbexicnucjq/Build/Intermediates.noindex/GeneratedModuleMaps-iphonesimulator/CollectionHStack.modulemap\ -fmodule-map-file\=/Users/andrejvysny/Library/Developer/Xcode/DerivedData/Swiftfin-fgghtvigwpcaqzejbcbexicnucjq/Build/Intermediates.noindex/GeneratedModuleMaps-iphonesimulator/KeychainSwift.modulemap\ -fmodule-map-file\=/Users/andrejvysny/Library/Developer/Xcode/DerivedData/Swiftfin-fgghtvigwpcaqzejbcbexicnucjq/Build/Intermediates.noindex/GeneratedModuleMaps-iphonesimulator/Files.modulemap\ -fmodule-map-file\=/Users/andrejvysny/Library/Developer/Xcode/DerivedData/Swiftfin-fgghtvigwpcaqzejbcbexicnucjq/Build/Intermediates.noindex/GeneratedModuleMaps-iphonesimulator/Mantis.modulemap\ -fmodule-map-file\=/Users/andrejvysny/Library/Developer/Xcode/DerivedData/Swiftfin-fgghtvigwpcaqzejbcbexicnucjq/Build/Intermediates.noindex/GeneratedModuleMaps-iphonesimulator/IdentifiedCollections.modulemap\ -fmodule-map-file\=/Users/andrejvysny/Library/Developer/Xcode/DerivedData/Swiftfin-fgghtvigwpcaqzejbcbexicnucjq/Build/Intermediates.noindex/GeneratedModuleMaps-iphonesimulator/BlurHashKit.modulemap\ -fmodule-map-file\=/Users/andrejvysny/Library/Developer/Xcode/DerivedData/Swiftfin-fgghtvigwpcaqzejbcbexicnucjq/Build/Intermediates.noindex/GeneratedModuleMaps-iphonesimulator/UDPBroadcast.modulemap\ -fmodule-map-file\=/Users/andrejvysny/Library/Developer/Xcode/DerivedData/Swiftfin-fgghtvigwpcaqzejbcbexicnucjq/Build/Intermediates.noindex/GeneratedModuleMaps-iphonesimulator/CocoaLumberjack.modulemap\ -fmodule-map-file\=/Users/andrejvysny/Library/Developer/Xcode/DerivedData/Swiftfin-fgghtvigwpcaqzejbcbexicnucjq/Build/Intermediates.noindex/GeneratedModuleMaps-iphonesimulator/SVGKit.modulemap\ -fmodule-map-file\=/Users/andrejvysny/Library/Developer/Xcode/DerivedData/Swiftfin-fgghtvigwpcaqzejbcbexicnucjq/Build/Intermediates.noindex/GeneratedModuleMaps-iphonesimulator/VLCUI.modulemap\ -fmodule-map-file\=/Users/andrejvysny/Library/Developer/Xcode/DerivedData/Swiftfin-fgghtvigwpcaqzejbcbexicnucjq/Build/Intermediates.noindex/GeneratedModuleMaps-iphonesimulator/CoreStore.modulemap\ -fmodule-map-file\=/Users/andrejvysny/Library/Developer/Xcode/DerivedData/Swiftfin-fgghtvigwpcaqzejbcbexicnucjq/Build/Intermediates.noindex/GeneratedModuleMaps-iphonesimulator/SwiftUIIntrospect.modulemap\ -fmodule-map-file\=/Users/andrejvysny/Library/Developer/Xcode/DerivedData/Swiftfin-fgghtvigwpcaqzejbcbexicnucjq/Build/Intermediates.noindex/GeneratedModuleMaps-iphonesimulator/PreferencesView.modulemap\ -fmodule-map-file\=/Users/andrejvysny/Library/Developer/Xcode/DerivedData/Swiftfin-fgghtvigwpcaqzejbcbexicnucjq/Build/Intermediates.noindex/GeneratedModuleMaps-iphonesimulator/Nuke.modulemap\ -fmodule-map-file\=/Users/andrejvysny/Library/Developer/Xcode/DerivedData/Swiftfin-fgghtvigwpcaqzejbcbexicnucjq/Build/Intermediates.noindex/GeneratedModuleMaps-iphonesimulator/NukeUI.modulemap\ -fmodule-map-file\=/Users/andrejvysny/Library/Developer/Xcode/DerivedData/Swiftfin-fgghtvigwpcaqzejbcbexicnucjq/Build/Intermediates.noindex/GeneratedModuleMaps-iphonesimulator/SwizzleSwift.modulemap\ 
    export OTHER_LDFLAGS\=-Wl,-no_warn_duplicate_libraries\ -Wl,-no_warn_duplicate_libraries\ -Wl,-no_warn_duplicate_libraries\ -Wl,-no_warn_duplicate_libraries\ -Wl,-no_warn_duplicate_libraries\ -Wl,-no_warn_duplicate_libraries\ -Wl,-no_warn_duplicate_libraries\ -Wl,-no_warn_duplicate_libraries\ -Wl,-no_warn_duplicate_libraries\ -Wl,-no_warn_duplicate_libraries\ -Wl,-no_warn_duplicate_libraries\ -Wl,-no_warn_duplicate_libraries\ -Wl,-no_warn_duplicate_libraries\ -Wl,-no_warn_duplicate_libraries\ -Wl,-no_warn_duplicate_libraries\ -Wl,-no_warn_duplicate_libraries\ -Wl,-no_warn_duplicate_libraries\ -Wl,-no_warn_duplicate_libraries\ -Wl,-no_warn_duplicate_libraries\ -Wl,-no_warn_duplicate_libraries\ -Wl,-no_warn_duplicate_libraries\ -Wl,-no_warn_duplicate_libraries\ -Wl,-no_warn_duplicate_libraries\ -Wl,-no_warn_duplicate_libraries\ -Wl,-no_warn_duplicate_libraries\ -Wl,-no_warn_duplicate_libraries\ -Wl,-no_warn_duplicate_libraries\ -Wl,-no_warn_duplicate_libraries\ -Wl,-no_warn_duplicate_libraries\ -Wl,-no_warn_duplicate_libraries\ -Wl,-no_warn_duplicate_libraries\ 
    export OTHER_SWIFT_FLAGS\=-Xcc\ -fmodule-map-file\=/Users/andrejvysny/Library/Developer/Xcode/DerivedData/Swiftfin-fgghtvigwpcaqzejbcbexicnucjq/Build/Intermediates.noindex/GeneratedModuleMaps-iphonesimulator/CocoaLumberjack.modulemap\ -Xcc\ -fmodule-map-file\=/Users/andrejvysny/Library/Developer/Xcode/DerivedData/Swiftfin-fgghtvigwpcaqzejbcbexicnucjq/Build/Intermediates.noindex/GeneratedModuleMaps-iphonesimulator/SVGKit.modulemap\ -Xfrontend\ -warn-long-expression-type-checking\=200
    export PACKAGE_TYPE\=com.apple.package-type.wrapper.application
    export PASCAL_STRINGS\=YES
    export PATH\=/Applications/Xcode.app/Contents/SharedFrameworks/SwiftBuild.framework/Versions/A/PlugIns/SWBBuildService.bundle/Contents/PlugIns/SWBUniversalPlatformPlugin.bundle/Contents/Frameworks/SWBUniversalPlatform.framework/Resources:/Applications/Xcode.app/Contents/Developer/Toolchains/XcodeDefault.xctoolchain/usr/bin:/Applications/Xcode.app/Contents/Developer/Toolchains/XcodeDefault.xctoolchain/usr/local/bin:/Applications/Xcode.app/Contents/Developer/Toolchains/XcodeDefault.xctoolchain/usr/libexec:/Applications/Xcode.app/Contents/Developer/Platforms/iPhoneSimulator.platform/usr/bin:/Applications/Xcode.app/Contents/Developer/Platforms/iPhoneSimulator.platform/usr/local/bin:/Applications/Xcode.app/Contents/Developer/Platforms/iPhoneSimulator.platform/Developer/usr/bin:/Applications/Xcode.app/Contents/Developer/Platforms/iPhoneSimulator.platform/Developer/usr/local/bin:/Applications/Xcode.app/Contents/Developer/usr/bin:/Applications/Xcode.app/Contents/Developer/usr/local/bin:/opt/homebrew/opt/node@22/bin:/opt/homebrew/bin:/usr/local/bin:/System/Cryptexes/App/usr/bin:/usr/bin:/bin:/usr/sbin:/sbin:/var/run/com.apple.security.cryptexd/codex.system/bootstrap/usr/local/bin:/var/run/com.apple.security.cryptexd/codex.system/bootstrap/usr/bin:/var/run/com.apple.security.cryptexd/codex.system/bootstrap/usr/appleinternal/bin:/opt/X11/bin:/Library/Apple/usr/bin:/Users/andrejvysny/Library/Application\ Support/JetBrains/Toolbox/scripts:/Users/andrejvysny/.orbstack/bin:/usr/local/bin/code:/Applications/Visual\ Studio\ Code.app/Contents/Resources/app/bin:/Users/andrejvysny/.lmstudio/bin:/Users/andrejvysny/Library/Application\ Support/Code/User/globalStorage/github.copilot-chat/debugCommand
    export PATH_PREFIXES_EXCLUDED_FROM_HEADER_DEPENDENCIES\=/usr/include\ /usr/local/include\ /System/Library/Frameworks\ /System/Library/PrivateFrameworks\ /Applications/Xcode.app/Contents/Developer/Headers\ /Applications/Xcode.app/Contents/Developer/SDKs\ /Applications/Xcode.app/Contents/Developer/Platforms
    export PBDEVELOPMENTPLIST_PATH\=Swiftfin\ iOS.app/pbdevelopment.plist
    export PER_ARCH_MODULE_FILE_DIR\=/Users/andrejvysny/Library/Developer/Xcode/DerivedData/Swiftfin-fgghtvigwpcaqzejbcbexicnucjq/Build/Intermediates.noindex/Swiftfin.build/Debug-iphonesimulator/Swiftfin\ iOS.build/Objects-normal/undefined_arch
    export PER_ARCH_OBJECT_FILE_DIR\=/Users/andrejvysny/Library/Developer/Xcode/DerivedData/Swiftfin-fgghtvigwpcaqzejbcbexicnucjq/Build/Intermediates.noindex/Swiftfin.build/Debug-iphonesimulator/Swiftfin\ iOS.build/Objects-normal/undefined_arch
    export PER_VARIANT_OBJECT_FILE_DIR\=/Users/andrejvysny/Library/Developer/Xcode/DerivedData/Swiftfin-fgghtvigwpcaqzejbcbexicnucjq/Build/Intermediates.noindex/Swiftfin.build/Debug-iphonesimulator/Swiftfin\ iOS.build/Objects-normal
    export PKGINFO_FILE_PATH\=/Users/andrejvysny/Library/Developer/Xcode/DerivedData/Swiftfin-fgghtvigwpcaqzejbcbexicnucjq/Build/Intermediates.noindex/Swiftfin.build/Debug-iphonesimulator/Swiftfin\ iOS.build/PkgInfo
    export PKGINFO_PATH\=Swiftfin\ iOS.app/PkgInfo
    export PLATFORM_DEVELOPER_APPLICATIONS_DIR\=/Applications/Xcode.app/Contents/Developer/Platforms/iPhoneSimulator.platform/Developer/Applications
    export PLATFORM_DEVELOPER_BIN_DIR\=/Applications/Xcode.app/Contents/Developer/Platforms/iPhoneSimulator.platform/Developer/usr/bin
    export PLATFORM_DEVELOPER_LIBRARY_DIR\=/Applications/Xcode.app/Contents/Developer/Platforms/iPhoneSimulator.platform/Developer/Library
    export PLATFORM_DEVELOPER_SDK_DIR\=/Applications/Xcode.app/Contents/Developer/Platforms/iPhoneSimulator.platform/Developer/SDKs
    export PLATFORM_DEVELOPER_TOOLS_DIR\=/Applications/Xcode.app/Contents/Developer/Platforms/iPhoneSimulator.platform/Developer/Tools
    export PLATFORM_DEVELOPER_USR_DIR\=/Applications/Xcode.app/Contents/Developer/Platforms/iPhoneSimulator.platform/Developer/usr
    export PLATFORM_DIR\=/Applications/Xcode.app/Contents/Developer/Platforms/iPhoneSimulator.platform
    export PLATFORM_DISPLAY_NAME\=iOS\ Simulator
    export PLATFORM_FAMILY_NAME\=iOS
    export PLATFORM_NAME\=iphonesimulator
    export PLATFORM_PREFERRED_ARCH\=x86_64
    export PLATFORM_PRODUCT_BUILD_VERSION\=22F76
    export PLATFORM_REQUIRES_SWIFT_AUTOLINK_EXTRACT\=NO
    export PLATFORM_REQUIRES_SWIFT_MODULEWRAP\=NO
    export PLIST_FILE_OUTPUT_FORMAT\=binary
    export PLUGINS_FOLDER_PATH\=Swiftfin\ iOS.app/PlugIns
    export PRECOMPS_INCLUDE_HEADERS_FROM_BUILT_PRODUCTS_DIR\=YES
    export PRECOMP_DESTINATION_DIR\=/Users/andrejvysny/Library/Developer/Xcode/DerivedData/Swiftfin-fgghtvigwpcaqzejbcbexicnucjq/Build/Intermediates.noindex/Swiftfin.build/Debug-iphonesimulator/Swiftfin\ iOS.build/PrefixHeaders
    export PRIVATE_HEADERS_FOLDER_PATH\=Swiftfin\ iOS.app/PrivateHeaders
    export PROCESSED_INFOPLIST_PATH\=/Users/andrejvysny/Library/Developer/Xcode/DerivedData/Swiftfin-fgghtvigwpcaqzejbcbexicnucjq/Build/Intermediates.noindex/Swiftfin.build/Debug-iphonesimulator/Swiftfin\ iOS.build/Objects-normal/undefined_arch/Processed-Info.plist
    export PRODUCT_BUNDLE_IDENTIFIER\=org.jellyfin.swiftfin
    export PRODUCT_BUNDLE_PACKAGE_TYPE\=APPL
    export PRODUCT_MODULE_NAME\=Swiftfin_iOS
    export PRODUCT_NAME\=Swiftfin\ iOS
    export PRODUCT_SETTINGS_PATH\=/Users/andrejvysny/andrejvysny/Swiftfin/Swiftfin/Resources/Info.plist
    export PRODUCT_TYPE\=com.apple.product-type.application
    export PROFILING_CODE\=NO
    export PROJECT\=Swiftfin
    export PROJECT_DERIVED_FILE_DIR\=/Users/andrejvysny/Library/Developer/Xcode/DerivedData/Swiftfin-fgghtvigwpcaqzejbcbexicnucjq/Build/Intermediates.noindex/Swiftfin.build/DerivedSources
    export PROJECT_DIR\=/Users/andrejvysny/andrejvysny/Swiftfin
    export PROJECT_FILE_PATH\=/Users/andrejvysny/andrejvysny/Swiftfin/Swiftfin.xcodeproj
    export PROJECT_GUID\=d54b7e8652d2f308a8f9faa5ac442b3e
    export PROJECT_NAME\=Swiftfin
    export PROJECT_TEMP_DIR\=/Users/andrejvysny/Library/Developer/Xcode/DerivedData/Swiftfin-fgghtvigwpcaqzejbcbexicnucjq/Build/Intermediates.noindex/Swiftfin.build
    export PROJECT_TEMP_ROOT\=/Users/andrejvysny/Library/Developer/Xcode/DerivedData/Swiftfin-fgghtvigwpcaqzejbcbexicnucjq/Build/Intermediates.noindex
    export PROVISIONING_PROFILE_REQUIRED\=NO
    export PROVISIONING_PROFILE_REQUIRED_YES_YES\=YES
    export PROVISIONING_PROFILE_SUPPORTED\=YES
    export PUBLIC_HEADERS_FOLDER_PATH\=Swiftfin\ iOS.app/Headers
    export RECOMMENDED_IPHONEOS_DEPLOYMENT_TARGET\=15.0
    export RECURSIVE_SEARCH_PATHS_FOLLOW_SYMLINKS\=YES
    export REMOVE_CVS_FROM_RESOURCES\=YES
    export REMOVE_GIT_FROM_RESOURCES\=YES
    export REMOVE_HEADERS_FROM_EMBEDDED_BUNDLES\=YES
    export REMOVE_HG_FROM_RESOURCES\=YES
    export REMOVE_STATIC_EXECUTABLES_FROM_EMBEDDED_BUNDLES\=YES
    export REMOVE_SVN_FROM_RESOURCES\=YES
    export RESCHEDULE_INDEPENDENT_HEADERS_PHASES\=YES
    export REZ_COLLECTOR_DIR\=/Users/andrejvysny/Library/Developer/Xcode/DerivedData/Swiftfin-fgghtvigwpcaqzejbcbexicnucjq/Build/Intermediates.noindex/Swiftfin.build/Debug-iphonesimulator/Swiftfin\ iOS.build/ResourceManagerResources
    export REZ_OBJECTS_DIR\=/Users/andrejvysny/Library/Developer/Xcode/DerivedData/Swiftfin-fgghtvigwpcaqzejbcbexicnucjq/Build/Intermediates.noindex/Swiftfin.build/Debug-iphonesimulator/Swiftfin\ iOS.build/ResourceManagerResources/Objects
    export REZ_SEARCH_PATHS\=/Users/andrejvysny/Library/Developer/Xcode/DerivedData/Swiftfin-fgghtvigwpcaqzejbcbexicnucjq/Build/Products/Debug-iphonesimulator\ 
    export SCAN_ALL_SOURCE_FILES_FOR_INCLUDES\=NO
    export SCRIPTS_FOLDER_PATH\=Swiftfin\ iOS.app/Scripts
    export SCRIPT_INPUT_FILE_COUNT\=0
    export SCRIPT_INPUT_FILE_LIST_COUNT\=0
    export SCRIPT_OUTPUT_FILE_COUNT\=0
    export SCRIPT_OUTPUT_FILE_LIST_COUNT\=0
    export SDKROOT\=/Applications/Xcode.app/Contents/Developer/Platforms/iPhoneSimulator.platform/Developer/SDKs/iPhoneSimulator18.5.sdk
    export SDK_DIR\=/Applications/Xcode.app/Contents/Developer/Platforms/iPhoneSimulator.platform/Developer/SDKs/iPhoneSimulator18.5.sdk
    export SDK_DIR_iphonesimulator\=/Applications/Xcode.app/Contents/Developer/Platforms/iPhoneSimulator.platform/Developer/SDKs/iPhoneSimulator18.5.sdk
    export SDK_DIR_iphonesimulator18_5\=/Applications/Xcode.app/Contents/Developer/Platforms/iPhoneSimulator.platform/Developer/SDKs/iPhoneSimulator18.5.sdk
    export SDK_NAME\=iphonesimulator18.5
    export SDK_NAMES\=iphonesimulator18.5
    export SDK_PRODUCT_BUILD_VERSION\=22F76
    export SDK_STAT_CACHE_DIR\=/Users/andrejvysny/Library/Developer/Xcode/DerivedData
    export SDK_STAT_CACHE_ENABLE\=YES
    export SDK_STAT_CACHE_PATH\=/Users/andrejvysny/Library/Developer/Xcode/DerivedData/SDKStatCaches.noindex/iphonesimulator18.5-22F76-d5fc8ad4295d2ef488fb7d0f804ce0c4.sdkstatcache
    export SDK_VERSION\=18.5
    export SDK_VERSION_ACTUAL\=180500
    export SDK_VERSION_MAJOR\=180000
    export SDK_VERSION_MINOR\=180500
    export SED\=/usr/bin/sed
    export SEPARATE_STRIP\=NO
    export SEPARATE_SYMBOL_EDIT\=NO
    export SET_DIR_MODE_OWNER_GROUP\=YES
    export SET_FILE_MODE_OWNER_GROUP\=NO
    export SHALLOW_BUNDLE\=YES
    export SHALLOW_BUNDLE_TRIPLE\=ios-simulator
    export SHALLOW_BUNDLE_ios_macabi\=NO
    export SHALLOW_BUNDLE_macos\=NO
    export SHARED_DERIVED_FILE_DIR\=/Users/andrejvysny/Library/Developer/Xcode/DerivedData/Swiftfin-fgghtvigwpcaqzejbcbexicnucjq/Build/Products/Debug-iphonesimulator/DerivedSources
    export SHARED_FRAMEWORKS_FOLDER_PATH\=Swiftfin\ iOS.app/SharedFrameworks
    export SHARED_PRECOMPS_DIR\=/Users/andrejvysny/Library/Developer/Xcode/DerivedData/Swiftfin-fgghtvigwpcaqzejbcbexicnucjq/Build/Intermediates.noindex/PrecompiledHeaders
    export SHARED_SUPPORT_FOLDER_PATH\=Swiftfin\ iOS.app/SharedSupport
    export SKIP_INSTALL\=NO
    export SOURCE_ROOT\=/Users/andrejvysny/andrejvysny/Swiftfin
    export SRCROOT\=/Users/andrejvysny/andrejvysny/Swiftfin
    export STRINGSDATA_DIR\=/Users/andrejvysny/Library/Developer/Xcode/DerivedData/Swiftfin-fgghtvigwpcaqzejbcbexicnucjq/Build/Intermediates.noindex/Swiftfin.build/Debug-iphonesimulator/Swiftfin\ iOS.build/Objects-normal/undefined_arch
    export STRINGSDATA_ROOT\=/Users/andrejvysny/Library/Developer/Xcode/DerivedData/Swiftfin-fgghtvigwpcaqzejbcbexicnucjq/Build/Intermediates.noindex/Swiftfin.build/Debug-iphonesimulator/Swiftfin\ iOS.build
    export STRINGS_FILE_INFOPLIST_RENAME\=YES
    export STRINGS_FILE_OUTPUT_ENCODING\=binary
    export STRIP_BITCODE_FROM_COPIED_FILES\=NO
    export STRIP_INSTALLED_PRODUCT\=NO
    export STRIP_STYLE\=all
    export STRIP_SWIFT_SYMBOLS\=YES
    export SUPPORTED_DEVICE_FAMILIES\=1,2
    export SUPPORTED_PLATFORMS\=iphoneos\ iphonesimulator
    export SUPPORTS_MACCATALYST\=NO
    export SUPPORTS_MAC_DESIGNED_FOR_IPHONE_IPAD\=NO
    export SUPPORTS_ON_DEMAND_RESOURCES\=YES
    export SUPPORTS_TEXT_BASED_API\=NO
    export SUPPRESS_WARNINGS\=NO
    export SWIFT_ACTIVE_COMPILATION_CONDITIONS\=DEBUG
    export SWIFT_EMIT_LOC_STRINGS\=YES
    export SWIFT_OPTIMIZATION_LEVEL\=-Onone
    export SWIFT_PLATFORM_TARGET_PREFIX\=ios
    export SWIFT_RESPONSE_FILE_PATH_normal_arm64\=/Users/andrejvysny/Library/Developer/Xcode/DerivedData/Swiftfin-fgghtvigwpcaqzejbcbexicnucjq/Build/Intermediates.noindex/Swiftfin.build/Debug-iphonesimulator/Swiftfin\ iOS.build/Objects-normal/arm64/Swiftfin\ iOS.SwiftFileList
    export SWIFT_VERSION\=5.0
    export SYMROOT\=/Users/andrejvysny/Library/Developer/Xcode/DerivedData/Swiftfin-fgghtvigwpcaqzejbcbexicnucjq/Build/Products
    export SYSTEM_ADMIN_APPS_DIR\=/Applications/Utilities
    export SYSTEM_APPS_DIR\=/Applications
    export SYSTEM_CORE_SERVICES_DIR\=/System/Library/CoreServices
    export SYSTEM_DEMOS_DIR\=/Applications/Extras
    export SYSTEM_DEVELOPER_APPS_DIR\=/Applications/Xcode.app/Contents/Developer/Applications
    export SYSTEM_DEVELOPER_BIN_DIR\=/Applications/Xcode.app/Contents/Developer/usr/bin
    export SYSTEM_DEVELOPER_DEMOS_DIR\=/Applications/Xcode.app/Contents/Developer/Applications/Utilities/Built\ Examples
    export SYSTEM_DEVELOPER_DIR\=/Applications/Xcode.app/Contents/Developer
    export SYSTEM_DEVELOPER_DOC_DIR\=/Applications/Xcode.app/Contents/Developer/ADC\ Reference\ Library
    export SYSTEM_DEVELOPER_GRAPHICS_TOOLS_DIR\=/Applications/Xcode.app/Contents/Developer/Applications/Graphics\ Tools
    export SYSTEM_DEVELOPER_JAVA_TOOLS_DIR\=/Applications/Xcode.app/Contents/Developer/Applications/Java\ Tools
    export SYSTEM_DEVELOPER_PERFORMANCE_TOOLS_DIR\=/Applications/Xcode.app/Contents/Developer/Applications/Performance\ Tools
    export SYSTEM_DEVELOPER_RELEASENOTES_DIR\=/Applications/Xcode.app/Contents/Developer/ADC\ Reference\ Library/releasenotes
    export SYSTEM_DEVELOPER_TOOLS\=/Applications/Xcode.app/Contents/Developer/Tools
    export SYSTEM_DEVELOPER_TOOLS_DOC_DIR\=/Applications/Xcode.app/Contents/Developer/ADC\ Reference\ Library/documentation/DeveloperTools
    export SYSTEM_DEVELOPER_TOOLS_RELEASENOTES_DIR\=/Applications/Xcode.app/Contents/Developer/ADC\ Reference\ Library/releasenotes/DeveloperTools
    export SYSTEM_DEVELOPER_USR_DIR\=/Applications/Xcode.app/Contents/Developer/usr
    export SYSTEM_DEVELOPER_UTILITIES_DIR\=/Applications/Xcode.app/Contents/Developer/Applications/Utilities
    export SYSTEM_DEXT_INSTALL_PATH\=/System/Library/DriverExtensions
    export SYSTEM_DOCUMENTATION_DIR\=/Library/Documentation
    export SYSTEM_EXTENSIONS_FOLDER_PATH\=Swiftfin\ iOS.app/SystemExtensions
    export SYSTEM_EXTENSIONS_FOLDER_PATH_SHALLOW_BUNDLE_NO\=Swiftfin\ iOS.app/Library/SystemExtensions
    export SYSTEM_EXTENSIONS_FOLDER_PATH_SHALLOW_BUNDLE_YES\=Swiftfin\ iOS.app/SystemExtensions
    export SYSTEM_KEXT_INSTALL_PATH\=/System/Library/Extensions
    export SYSTEM_LIBRARY_DIR\=/System/Library
    export TAPI_DEMANGLE\=YES
    export TAPI_ENABLE_PROJECT_HEADERS\=NO
    export TAPI_LANGUAGE\=objective-c
    export TAPI_LANGUAGE_STANDARD\=compiler-default
    export TAPI_USE_SRCROOT\=YES
    export TAPI_VERIFY_MODE\=Pedantic
    export TARGETED_DEVICE_FAMILY\=1,2
    export TARGETNAME\=Swiftfin\ iOS
    export TARGET_BUILD_DIR\=/Users/andrejvysny/Library/Developer/Xcode/DerivedData/Swiftfin-fgghtvigwpcaqzejbcbexicnucjq/Build/Products/Debug-iphonesimulator
    export TARGET_DEVICE_IDENTIFIER\=28FD40EC-2647-4865-BA0E-6F352F533A2F
    export TARGET_DEVICE_MODEL\=iPhone17,3
    export TARGET_DEVICE_OS_VERSION\=18.5
    export TARGET_DEVICE_PLATFORM_NAME\=iphonesimulator
    export TARGET_NAME\=Swiftfin\ iOS
    export TARGET_TEMP_DIR\=/Users/andrejvysny/Library/Developer/Xcode/DerivedData/Swiftfin-fgghtvigwpcaqzejbcbexicnucjq/Build/Intermediates.noindex/Swiftfin.build/Debug-iphonesimulator/Swiftfin\ iOS.build
    export TEMP_DIR\=/Users/andrejvysny/Library/Developer/Xcode/DerivedData/Swiftfin-fgghtvigwpcaqzejbcbexicnucjq/Build/Intermediates.noindex/Swiftfin.build/Debug-iphonesimulator/Swiftfin\ iOS.build
    export TEMP_FILES_DIR\=/Users/andrejvysny/Library/Developer/Xcode/DerivedData/Swiftfin-fgghtvigwpcaqzejbcbexicnucjq/Build/Intermediates.noindex/Swiftfin.build/Debug-iphonesimulator/Swiftfin\ iOS.build
    export TEMP_FILE_DIR\=/Users/andrejvysny/Library/Developer/Xcode/DerivedData/Swiftfin-fgghtvigwpcaqzejbcbexicnucjq/Build/Intermediates.noindex/Swiftfin.build/Debug-iphonesimulator/Swiftfin\ iOS.build
    export TEMP_ROOT\=/Users/andrejvysny/Library/Developer/Xcode/DerivedData/Swiftfin-fgghtvigwpcaqzejbcbexicnucjq/Build/Intermediates.noindex
    export TEMP_SANDBOX_DIR\=/Users/andrejvysny/Library/Developer/Xcode/DerivedData/Swiftfin-fgghtvigwpcaqzejbcbexicnucjq/Build/Intermediates.noindex/TemporaryTaskSandboxes
    export TEST_FRAMEWORK_SEARCH_PATHS\=\ /Applications/Xcode.app/Contents/Developer/Platforms/iPhoneSimulator.platform/Developer/Library/Frameworks\ /Applications/Xcode.app/Contents/Developer/Platforms/iPhoneSimulator.platform/Developer/SDKs/iPhoneSimulator18.5.sdk/Developer/Library/Frameworks
    export TEST_LIBRARY_SEARCH_PATHS\=\ /Applications/Xcode.app/Contents/Developer/Platforms/iPhoneSimulator.platform/Developer/usr/lib
    export TOOLCHAINS\=com.apple.dt.toolchain.XcodeDefault
    export TOOLCHAIN_DIR\=/Applications/Xcode.app/Contents/Developer/Toolchains/XcodeDefault.xctoolchain
    export TREAT_MISSING_BASELINES_AS_TEST_FAILURES\=NO
    export TREAT_MISSING_SCRIPT_PHASE_OUTPUTS_AS_ERRORS\=NO
    export TeamIdentifierPrefix\=\"\".
    export UID\=501
    export UNINSTALLED_PRODUCTS_DIR\=/Users/andrejvysny/Library/Developer/Xcode/DerivedData/Swiftfin-fgghtvigwpcaqzejbcbexicnucjq/Build/Intermediates.noindex/UninstalledProducts
    export UNLOCALIZED_RESOURCES_FOLDER_PATH\=Swiftfin\ iOS.app
    export UNLOCALIZED_RESOURCES_FOLDER_PATH_SHALLOW_BUNDLE_NO\=Swiftfin\ iOS.app/Resources
    export UNLOCALIZED_RESOURCES_FOLDER_PATH_SHALLOW_BUNDLE_YES\=Swiftfin\ iOS.app
    export UNSTRIPPED_PRODUCT\=NO
    export USER\=andrejvysny
    export USER_APPS_DIR\=/Users/andrejvysny/Applications
    export USER_LIBRARY_DIR\=/Users/andrejvysny/Library
    export USE_DYNAMIC_NO_PIC\=YES
    export USE_HEADERMAP\=YES
    export USE_HEADER_SYMLINKS\=NO
    export VALIDATE_DEVELOPMENT_ASSET_PATHS\=YES_ERROR
    export VALIDATE_PRODUCT\=NO
    export VALID_ARCHS\=arm64\ arm64e\ x86_64
    export VERBOSE_PBXCP\=NO
    export VERSIONPLIST_PATH\=Swiftfin\ iOS.app/version.plist
    export VERSION_INFO_BUILDER\=andrejvysny
    export VERSION_INFO_FILE\=Swiftfin\ iOS_vers.c
    export VERSION_INFO_STRING\=\"@\(\#\)PROGRAM:Swiftfin\ iOS\ \ PROJECT:Swiftfin-78\"
    export WORKSPACE_DIR\=/Users/andrejvysny/andrejvysny/Swiftfin/Swiftfin.xcodeproj
    export WRAPPER_EXTENSION\=app
    export WRAPPER_NAME\=Swiftfin\ iOS.app
    export WRAPPER_SUFFIX\=.app
    export WRAP_ASSET_PACKS_IN_SEPARATE_DIRECTORIES\=NO
    export XCODE_APP_SUPPORT_DIR\=/Applications/Xcode.app/Contents/Developer/Library/Xcode
    export XCODE_PRODUCT_BUILD_VERSION\=16F6
    export XCODE_VERSION_ACTUAL\=1640
    export XCODE_VERSION_MAJOR\=1600
    export XCODE_VERSION_MINOR\=1640
    export XPCSERVICES_FOLDER_PATH\=Swiftfin\ iOS.app/XPCServices
    export YACC\=yacc
    export _DISCOVER_COMMAND_LINE_LINKER_INPUTS\=YES
    export _DISCOVER_COMMAND_LINE_LINKER_INPUTS_INCLUDE_WL\=YES
    export _WRAPPER_CONTENTS_DIR_SHALLOW_BUNDLE_NO\=/Contents
    export _WRAPPER_PARENT_PATH_SHALLOW_BUNDLE_NO\=/..
    export _WRAPPER_RESOURCES_DIR_SHALLOW_BUNDLE_NO\=/Resources
    export __DIAGNOSE_DEPRECATED_ARCHS\=YES
    export __IS_NOT_MACOS\=YES
    export __IS_NOT_MACOS_macosx\=NO
    export __IS_NOT_SIMULATOR\=NO
    export __IS_NOT_SIMULATOR_simulator\=NO
    export arch\=undefined_arch
    export variant\=normal
    /bin/sh -c /Users/andrejvysny/Library/Developer/Xcode/DerivedData/Swiftfin-fgghtvigwpcaqzejbcbexicnucjq/Build/Intermediates.noindex/Swiftfin.build/Debug-iphonesimulator/Swiftfin\\\ iOS.build/Script-6286F09E271C093000C40ED5.sh
Executing configuration file swiftgen.yml
Not writing the file as content is unchanged

PhaseScriptExecution Run\ SwiftFormat /Users/andrejvysny/Library/Developer/Xcode/DerivedData/Swiftfin-fgghtvigwpcaqzejbcbexicnucjq/Build/Intermediates.noindex/Swiftfin.build/Debug-iphonesimulator/Swiftfin\ iOS.build/Script-BD0BA2282AD64BB200306A8D.sh (in target 'Swiftfin iOS' from project 'Swiftfin')
    cd /Users/andrejvysny/andrejvysny/Swiftfin
    export ACTION\=build
    export AD_HOC_CODE_SIGNING_ALLOWED\=YES
    export AGGREGATE_TRACKED_DOMAINS\=YES
    export ALLOW_BUILD_REQUEST_OVERRIDES\=NO
    export ALLOW_TARGET_PLATFORM_SPECIALIZATION\=NO
    export ALTERNATE_GROUP\=staff
    export ALTERNATE_MODE\=u+w,go-w,a+rX
    export ALTERNATE_OWNER\=andrejvysny
    export ALTERNATIVE_DISTRIBUTION_WEB\=NO
    export ALWAYS_EMBED_SWIFT_STANDARD_LIBRARIES\=NO
    export ALWAYS_SEARCH_USER_PATHS\=NO
    export ALWAYS_USE_SEPARATE_HEADERMAPS\=NO
    export APPLICATION_EXTENSION_API_ONLY\=NO
    export APPLY_RULES_IN_COPY_FILES\=NO
    export APPLY_RULES_IN_COPY_HEADERS\=NO
    export APP_SHORTCUTS_ENABLE_FLEXIBLE_MATCHING\=YES
    export ARCHS\=arm64
    export ARCHS_STANDARD\=arm64\ x86_64
    export ARCHS_STANDARD_32_64_BIT\=arm64\ x86_64
    export ARCHS_STANDARD_64_BIT\=arm64\ x86_64
    export ARCHS_STANDARD_INCLUDING_64_BIT\=arm64\ x86_64
    export ARCHS_UNIVERSAL_IPHONE_OS\=arm64\ x86_64
    export ASSETCATALOG_COMPILER_APPICON_NAME\=AppIcon-primary-primary
    export ASSETCATALOG_COMPILER_GENERATE_SWIFT_ASSET_SYMBOL_EXTENSIONS\=YES
    export ASSETCATALOG_COMPILER_INCLUDE_ALL_APPICON_ASSETS\=YES
    export ASSETCATALOG_FILTER_FOR_DEVICE_MODEL\=iPhone17,3
    export ASSETCATALOG_FILTER_FOR_DEVICE_OS_VERSION\=18.5
    export ASSETCATALOG_FILTER_FOR_THINNING_DEVICE_CONFIGURATION\=iPhone17,3
    export AUTOMATICALLY_MERGE_DEPENDENCIES\=NO
    export AVAILABLE_PLATFORMS\=android\ appletvos\ appletvsimulator\ driverkit\ iphoneos\ iphonesimulator\ macosx\ qnx\ watchos\ watchsimulator\ xros\ xrsimulator
    export AppIdentifierPrefix\=\"\".
    export BITCODE_GENERATION_MODE\=marker
    export BUILD_ACTIVE_RESOURCES_ONLY\=YES
    export BUILD_COMPONENTS\=headers\ build
    export BUILD_DIR\=/Users/andrejvysny/Library/Developer/Xcode/DerivedData/Swiftfin-fgghtvigwpcaqzejbcbexicnucjq/Build/Products
    export BUILD_LIBRARY_FOR_DISTRIBUTION\=NO
    export BUILD_ROOT\=/Users/andrejvysny/Library/Developer/Xcode/DerivedData/Swiftfin-fgghtvigwpcaqzejbcbexicnucjq/Build/Products
    export BUILD_STYLE\=
    export BUILD_VARIANTS\=normal
    export BUILT_PRODUCTS_DIR\=/Users/andrejvysny/Library/Developer/Xcode/DerivedData/Swiftfin-fgghtvigwpcaqzejbcbexicnucjq/Build/Products/Debug-iphonesimulator
    export BUNDLE_CONTENTS_FOLDER_PATH_deep\=Contents/
    export BUNDLE_EXECUTABLE_FOLDER_NAME_deep\=MacOS
    export BUNDLE_EXTENSIONS_FOLDER_PATH\=Extensions
    export BUNDLE_FORMAT\=shallow
    export BUNDLE_FRAMEWORKS_FOLDER_PATH\=Frameworks
    export BUNDLE_PLUGINS_FOLDER_PATH\=PlugIns
    export BUNDLE_PRIVATE_HEADERS_FOLDER_PATH\=PrivateHeaders
    export BUNDLE_PUBLIC_HEADERS_FOLDER_PATH\=Headers
    export CACHE_ROOT\=/var/folders/z5/x_0nvl9n33nd463_mpr617p00000gn/C/com.apple.DeveloperTools/16.4-16F6/Xcode
    export CCHROOT\=/var/folders/z5/x_0nvl9n33nd463_mpr617p00000gn/C/com.apple.DeveloperTools/16.4-16F6/Xcode
    export CHMOD\=/bin/chmod
    export CHOWN\=/usr/sbin/chown
    export CLANG_ANALYZER_LOCALIZABILITY_NONLOCALIZED\=YES
    export CLANG_ANALYZER_NONNULL\=YES
    export CLANG_ANALYZER_NUMBER_OBJECT_CONVERSION\=YES_AGGRESSIVE
    export CLANG_CACHE_FINE_GRAINED_OUTPUTS\=YES
    export CLANG_CXX_LANGUAGE_STANDARD\=gnu++14
    export CLANG_CXX_LIBRARY\=libc++
    export CLANG_ENABLE_EXPLICIT_MODULES\=YES
    export CLANG_ENABLE_MODULES\=YES
    export CLANG_ENABLE_OBJC_ARC\=YES
    export CLANG_ENABLE_OBJC_WEAK\=YES
    export CLANG_MODULES_BUILD_SESSION_FILE\=/Users/andrejvysny/Library/Developer/Xcode/DerivedData/ModuleCache.noindex/Session.modulevalidation
    export CLANG_WARN_BLOCK_CAPTURE_AUTORELEASING\=YES
    export CLANG_WARN_BOOL_CONVERSION\=YES
    export CLANG_WARN_COMMA\=YES
    export CLANG_WARN_CONSTANT_CONVERSION\=YES
    export CLANG_WARN_DEPRECATED_OBJC_IMPLEMENTATIONS\=YES
    export CLANG_WARN_DIRECT_OBJC_ISA_USAGE\=YES_ERROR
    export CLANG_WARN_DOCUMENTATION_COMMENTS\=YES
    export CLANG_WARN_EMPTY_BODY\=YES
    export CLANG_WARN_ENUM_CONVERSION\=YES
    export CLANG_WARN_INFINITE_RECURSION\=YES
    export CLANG_WARN_INT_CONVERSION\=YES
    export CLANG_WARN_NON_LITERAL_NULL_CONVERSION\=YES
    export CLANG_WARN_OBJC_IMPLICIT_RETAIN_SELF\=YES
    export CLANG_WARN_OBJC_LITERAL_CONVERSION\=YES
    export CLANG_WARN_OBJC_ROOT_CLASS\=YES_ERROR
    export CLANG_WARN_QUOTED_INCLUDE_IN_FRAMEWORK_HEADER\=YES
    export CLANG_WARN_RANGE_LOOP_ANALYSIS\=YES
    export CLANG_WARN_STRICT_PROTOTYPES\=YES
    export CLANG_WARN_SUSPICIOUS_MOVE\=YES
    export CLANG_WARN_UNGUARDED_AVAILABILITY\=YES_AGGRESSIVE
    export CLANG_WARN_UNREACHABLE_CODE\=YES
    export CLANG_WARN__DUPLICATE_METHOD_MATCH\=YES
    export CLASS_FILE_DIR\=/Users/andrejvysny/Library/Developer/Xcode/DerivedData/Swiftfin-fgghtvigwpcaqzejbcbexicnucjq/Build/Intermediates.noindex/Swiftfin.build/Debug-iphonesimulator/Swiftfin\ iOS.build/JavaClasses
    export CLEAN_PRECOMPS\=YES
    export CLONE_HEADERS\=NO
    export CODESIGNING_FOLDER_PATH\=/Users/andrejvysny/Library/Developer/Xcode/DerivedData/Swiftfin-fgghtvigwpcaqzejbcbexicnucjq/Build/Products/Debug-iphonesimulator/Swiftfin\ iOS.app
    export CODE_SIGNING_ALLOWED\=YES
    export CODE_SIGNING_REQUIRED\=YES
    export CODE_SIGN_CONTEXT_CLASS\=XCiPhoneSimulatorCodeSignContext
    export CODE_SIGN_ENTITLEMENTS\=Swiftfin/Resources/Swiftfin.entitlements
    export CODE_SIGN_IDENTITY\=Apple\ Development
    export CODE_SIGN_INJECT_BASE_ENTITLEMENTS\=YES
    export CODE_SIGN_STYLE\=Automatic
    export COLOR_DIAGNOSTICS\=NO
    export COMBINE_HIDPI_IMAGES\=NO
    export COMPILATION_CACHE_CAS_PATH\=/Users/andrejvysny/Library/Developer/Xcode/DerivedData/CompilationCache.noindex
    export COMPILATION_CACHE_KEEP_CAS_DIRECTORY\=YES
    export COMPILER_INDEX_STORE_ENABLE\=Default
    export COMPOSITE_SDK_DIRS\=/Users/andrejvysny/Library/Developer/Xcode/DerivedData/Swiftfin-fgghtvigwpcaqzejbcbexicnucjq/Build/Intermediates.noindex/CompositeSDKs
    export COMPRESS_PNG_FILES\=YES
    export CONFIGURATION\=Debug
    export CONFIGURATION_BUILD_DIR\=/Users/andrejvysny/Library/Developer/Xcode/DerivedData/Swiftfin-fgghtvigwpcaqzejbcbexicnucjq/Build/Products/Debug-iphonesimulator
    export CONFIGURATION_TEMP_DIR\=/Users/andrejvysny/Library/Developer/Xcode/DerivedData/Swiftfin-fgghtvigwpcaqzejbcbexicnucjq/Build/Intermediates.noindex/Swiftfin.build/Debug-iphonesimulator
    export CONTENTS_FOLDER_PATH\=Swiftfin\ iOS.app
    export CONTENTS_FOLDER_PATH_SHALLOW_BUNDLE_NO\=Swiftfin\ iOS.app/Contents
    export CONTENTS_FOLDER_PATH_SHALLOW_BUNDLE_YES\=Swiftfin\ iOS.app
    export COPYING_PRESERVES_HFS_DATA\=NO
    export COPY_HEADERS_RUN_UNIFDEF\=NO
    export COPY_PHASE_STRIP\=NO
    export CORRESPONDING_DEVICE_PLATFORM_DIR\=/Applications/Xcode.app/Contents/Developer/Platforms/iPhoneOS.platform
    export CORRESPONDING_DEVICE_PLATFORM_NAME\=iphoneos
    export CORRESPONDING_DEVICE_SDK_DIR\=/Applications/Xcode.app/Contents/Developer/Platforms/iPhoneOS.platform/Developer/SDKs/iPhoneOS18.5.sdk
    export CORRESPONDING_DEVICE_SDK_NAME\=iphoneos18.5
    export CP\=/bin/cp
    export CREATE_INFOPLIST_SECTION_IN_BINARY\=NO
    export CURRENT_ARCH\=undefined_arch
    export CURRENT_PROJECT_VERSION\=78
    export CURRENT_VARIANT\=normal
    export DEAD_CODE_STRIPPING\=YES
    export DEBUGGING_SYMBOLS\=YES
    export DEBUG_INFORMATION_FORMAT\=dwarf
    export DEBUG_INFORMATION_VERSION\=compiler-default
    export DEFAULT_COMPILER\=com.apple.compilers.llvm.clang.1_0
    export DEFAULT_DEXT_INSTALL_PATH\=/System/Library/DriverExtensions
    export DEFAULT_KEXT_INSTALL_PATH\=/System/Library/Extensions
    export DEFINES_MODULE\=NO
    export DEPLOYMENT_LOCATION\=NO
    export DEPLOYMENT_POSTPROCESSING\=NO
    export DEPLOYMENT_TARGET_SETTING_NAME\=IPHONEOS_DEPLOYMENT_TARGET
    export DEPLOYMENT_TARGET_SUGGESTED_VALUES\=12.0\ 12.1\ 12.2\ 12.3\ 12.4\ 13.0\ 13.1\ 13.2\ 13.3\ 13.4\ 13.5\ 13.6\ 14.0\ 14.1\ 14.2\ 14.3\ 14.4\ 14.5\ 14.6\ 14.7\ 15.0\ 15.1\ 15.2\ 15.3\ 15.4\ 15.5\ 15.6\ 16.0\ 16.1\ 16.2\ 16.3\ 16.4\ 16.5\ 16.6\ 17.0\ 17.1\ 17.2\ 17.3\ 17.4\ 17.5\ 17.6\ 18.0\ 18.1\ 18.2\ 18.3\ 18.4\ 18.5
    export DERIVED_FILES_DIR\=/Users/andrejvysny/Library/Developer/Xcode/DerivedData/Swiftfin-fgghtvigwpcaqzejbcbexicnucjq/Build/Intermediates.noindex/Swiftfin.build/Debug-iphonesimulator/Swiftfin\ iOS.build/DerivedSources
    export DERIVED_FILE_DIR\=/Users/andrejvysny/Library/Developer/Xcode/DerivedData/Swiftfin-fgghtvigwpcaqzejbcbexicnucjq/Build/Intermediates.noindex/Swiftfin.build/Debug-iphonesimulator/Swiftfin\ iOS.build/DerivedSources
    export DERIVED_SOURCES_DIR\=/Users/andrejvysny/Library/Developer/Xcode/DerivedData/Swiftfin-fgghtvigwpcaqzejbcbexicnucjq/Build/Intermediates.noindex/Swiftfin.build/Debug-iphonesimulator/Swiftfin\ iOS.build/DerivedSources
    export DEVELOPER_APPLICATIONS_DIR\=/Applications/Xcode.app/Contents/Developer/Applications
    export DEVELOPER_BIN_DIR\=/Applications/Xcode.app/Contents/Developer/usr/bin
    export DEVELOPER_DIR\=/Applications/Xcode.app/Contents/Developer
    export DEVELOPER_FRAMEWORKS_DIR\=/Applications/Xcode.app/Contents/Developer/Library/Frameworks
    export DEVELOPER_FRAMEWORKS_DIR_QUOTED\=/Applications/Xcode.app/Contents/Developer/Library/Frameworks
    export DEVELOPER_LIBRARY_DIR\=/Applications/Xcode.app/Contents/Developer/Library
    export DEVELOPER_SDK_DIR\=/Applications/Xcode.app/Contents/Developer/Platforms/MacOSX.platform/Developer/SDKs
    export DEVELOPER_TOOLS_DIR\=/Applications/Xcode.app/Contents/Developer/Tools
    export DEVELOPER_USR_DIR\=/Applications/Xcode.app/Contents/Developer/usr
    export DEVELOPMENT_LANGUAGE\=en
    export DEVELOPMENT_TEAM\=\"\"
    export DIAGNOSE_MISSING_TARGET_DEPENDENCIES\=YES
    export DIFF\=/usr/bin/diff
    export DOCUMENTATION_FOLDER_PATH\=Swiftfin\ iOS.app/en.lproj/Documentation
    export DONT_GENERATE_INFOPLIST_FILE\=NO
    export DSTROOT\=/tmp/Swiftfin.dst
    export DT_TOOLCHAIN_DIR\=/Applications/Xcode.app/Contents/Developer/Toolchains/XcodeDefault.xctoolchain
    export DWARF_DSYM_FILE_NAME\=Swiftfin\ iOS.app.dSYM
    export DWARF_DSYM_FILE_SHOULD_ACCOMPANY_PRODUCT\=NO
    export DWARF_DSYM_FOLDER_PATH\=/Users/andrejvysny/Library/Developer/Xcode/DerivedData/Swiftfin-fgghtvigwpcaqzejbcbexicnucjq/Build/Products/Debug-iphonesimulator
    export DYNAMIC_LIBRARY_EXTENSION\=dylib
    export EAGER_COMPILATION_ALLOW_SCRIPTS\=NO
    export EAGER_LINKING\=NO
    export EFFECTIVE_PLATFORM_NAME\=-iphonesimulator
    export EMBEDDED_CONTENT_CONTAINS_SWIFT\=NO
    export EMBED_ASSET_PACKS_IN_PRODUCT_BUNDLE\=NO
    export EMBED_PACKAGE_RESOURCE_BUNDLE_NAMES\=\ CocoaLumberjack_CocoaLumberjack\ Mantis_Mantis\ Factory_Factory\ Defaults_Defaults
    export ENABLE_APP_SANDBOX\=NO
    export ENABLE_BITCODE\=NO
    export ENABLE_CODE_COVERAGE\=YES
    export ENABLE_DEBUG_DYLIB\=YES
    export ENABLE_DEFAULT_HEADER_SEARCH_PATHS\=YES
    export ENABLE_DEFAULT_SEARCH_PATHS\=YES
    export ENABLE_HARDENED_RUNTIME\=NO
    export ENABLE_HEADER_DEPENDENCIES\=YES
    export ENABLE_INCOMING_NETWORK_CONNECTIONS\=NO
    export ENABLE_ON_DEMAND_RESOURCES\=YES
    export ENABLE_OUTGOING_NETWORK_CONNECTIONS\=NO
    export ENABLE_PREVIEWS\=NO
    export ENABLE_RESOURCE_ACCESS_AUDIO_INPUT\=NO
    export ENABLE_RESOURCE_ACCESS_BLUETOOTH\=NO
    export ENABLE_RESOURCE_ACCESS_CALENDARS\=NO
    export ENABLE_RESOURCE_ACCESS_CAMERA\=NO
    export ENABLE_RESOURCE_ACCESS_CONTACTS\=NO
    export ENABLE_RESOURCE_ACCESS_LOCATION\=NO
    export ENABLE_RESOURCE_ACCESS_PRINTING\=NO
    export ENABLE_RESOURCE_ACCESS_USB\=NO
    export ENABLE_SDK_IMPORTS\=NO
    export ENABLE_STRICT_OBJC_MSGSEND\=YES
    export ENABLE_TESTABILITY\=YES
    export ENABLE_TESTING_SEARCH_PATHS\=NO
    export ENABLE_USER_SCRIPT_SANDBOXING\=NO
    export ENABLE_XOJIT_PREVIEWS\=YES
    export ENFORCE_VALID_ARCHS\=YES
    export ENTITLEMENTS_ALLOWED\=NO
    export ENTITLEMENTS_DESTINATION\=__entitlements
    export ENTITLEMENTS_REQUIRED\=NO
    export EXCLUDED_INSTALLSRC_SUBDIRECTORY_PATTERNS\=.DS_Store\ .svn\ .git\ .hg\ CVS
    export EXCLUDED_RECURSIVE_SEARCH_PATH_SUBDIRECTORIES\=\*.nib\ \*.lproj\ \*.framework\ \*.gch\ \*.xcode\*\ \*.xcassets\ \(\*\)\ .DS_Store\ CVS\ .svn\ .git\ .hg\ \*.pbproj\ \*.pbxproj
    export EXECUTABLES_FOLDER_PATH\=Swiftfin\ iOS.app/Executables
    export EXECUTABLE_BLANK_INJECTION_DYLIB_PATH\=Swiftfin\ iOS.app/__preview.dylib
    export EXECUTABLE_DEBUG_DYLIB_INSTALL_NAME\=@rpath/Swiftfin\ iOS.debug.dylib
    export EXECUTABLE_DEBUG_DYLIB_PATH\=Swiftfin\ iOS.app/Swiftfin\ iOS.debug.dylib
    export EXECUTABLE_FOLDER_PATH\=Swiftfin\ iOS.app
    export EXECUTABLE_FOLDER_PATH_SHALLOW_BUNDLE_NO\=Swiftfin\ iOS.app/MacOS
    export EXECUTABLE_FOLDER_PATH_SHALLOW_BUNDLE_YES\=Swiftfin\ iOS.app
    export EXECUTABLE_NAME\=Swiftfin\ iOS
    export EXECUTABLE_PATH\=Swiftfin\ iOS.app/Swiftfin\ iOS
    export EXPANDED_CODE_SIGN_IDENTITY\=-
    export EXPANDED_CODE_SIGN_IDENTITY_NAME\=Sign\ to\ Run\ Locally
    export EXTENSIONS_FOLDER_PATH\=Swiftfin\ iOS.app/Extensions
    export FILE_LIST\=/Users/andrejvysny/Library/Developer/Xcode/DerivedData/Swiftfin-fgghtvigwpcaqzejbcbexicnucjq/Build/Intermediates.noindex/Swiftfin.build/Debug-iphonesimulator/Swiftfin\ iOS.build/Objects/LinkFileList
    export FIXED_FILES_DIR\=/Users/andrejvysny/Library/Developer/Xcode/DerivedData/Swiftfin-fgghtvigwpcaqzejbcbexicnucjq/Build/Intermediates.noindex/Swiftfin.build/Debug-iphonesimulator/Swiftfin\ iOS.build/FixedFiles
    export FRAMEWORKS_FOLDER_PATH\=Swiftfin\ iOS.app/Frameworks
    export FRAMEWORK_FLAG_PREFIX\=-framework
    export FRAMEWORK_SEARCH_PATHS\=/Users/andrejvysny/Library/Developer/Xcode/DerivedData/Swiftfin-fgghtvigwpcaqzejbcbexicnucjq/Build/Products/Debug-iphonesimulator/PackageFrameworks\ /Users/andrejvysny/Library/Developer/Xcode/DerivedData/Swiftfin-fgghtvigwpcaqzejbcbexicnucjq/Build/Products/Debug-iphonesimulator/PackageFrameworks\ /Users/andrejvysny/Library/Developer/Xcode/DerivedData/Swiftfin-fgghtvigwpcaqzejbcbexicnucjq/Build/Products/Debug-iphonesimulator/PackageFrameworks\ /Users/andrejvysny/Library/Developer/Xcode/DerivedData/Swiftfin-fgghtvigwpcaqzejbcbexicnucjq/Build/Products/Debug-iphonesimulator/PackageFrameworks\ /Users/andrejvysny/Library/Developer/Xcode/DerivedData/Swiftfin-fgghtvigwpcaqzejbcbexicnucjq/Build/Products/Debug-iphonesimulator/PackageFrameworks\ /Users/andrejvysny/Library/Developer/Xcode/DerivedData/Swiftfin-fgghtvigwpcaqzejbcbexicnucjq/Build/Products/Debug-iphonesimulator/PackageFrameworks\ /Users/andrejvysny/Library/Developer/Xcode/DerivedData/Swiftfin-fgghtvigwpcaqzejbcbexicnucjq/Build/Products/Debug-iphonesimulator/PackageFrameworks\ /Users/andrejvysny/Library/Developer/Xcode/DerivedData/Swiftfin-fgghtvigwpcaqzejbcbexicnucjq/Build/Products/Debug-iphonesimulator/PackageFrameworks\ /Users/andrejvysny/Library/Developer/Xcode/DerivedData/Swiftfin-fgghtvigwpcaqzejbcbexicnucjq/Build/Products/Debug-iphonesimulator/PackageFrameworks\ /Users/andrejvysny/Library/Developer/Xcode/DerivedData/Swiftfin-fgghtvigwpcaqzejbcbexicnucjq/Build/Products/Debug-iphonesimulator/PackageFrameworks\ /Users/andrejvysny/Library/Developer/Xcode/DerivedData/Swiftfin-fgghtvigwpcaqzejbcbexicnucjq/Build/Products/Debug-iphonesimulator/PackageFrameworks\ /Users/andrejvysny/Library/Developer/Xcode/DerivedData/Swiftfin-fgghtvigwpcaqzejbcbexicnucjq/Build/Products/Debug-iphonesimulator/PackageFrameworks\ /Users/andrejvysny/Library/Developer/Xcode/DerivedData/Swiftfin-fgghtvigwpcaqzejbcbexicnucjq/Build/Products/Debug-iphonesimulator/PackageFrameworks\ /Users/andrejvysny/Library/Developer/Xcode/DerivedData/Swiftfin-fgghtvigwpcaqzejbcbexicnucjq/Build/Products/Debug-iphonesimulator/PackageFrameworks\ /Users/andrejvysny/Library/Developer/Xcode/DerivedData/Swiftfin-fgghtvigwpcaqzejbcbexicnucjq/Build/Products/Debug-iphonesimulator/PackageFrameworks\ /Users/andrejvysny/Library/Developer/Xcode/DerivedData/Swiftfin-fgghtvigwpcaqzejbcbexicnucjq/Build/Products/Debug-iphonesimulator/PackageFrameworks\ /Users/andrejvysny/Library/Developer/Xcode/DerivedData/Swiftfin-fgghtvigwpcaqzejbcbexicnucjq/Build/Products/Debug-iphonesimulator/PackageFrameworks\ /Users/andrejvysny/Library/Developer/Xcode/DerivedData/Swiftfin-fgghtvigwpcaqzejbcbexicnucjq/Build/Products/Debug-iphonesimulator/PackageFrameworks\ /Users/andrejvysny/Library/Developer/Xcode/DerivedData/Swiftfin-fgghtvigwpcaqzejbcbexicnucjq/Build/Products/Debug-iphonesimulator/PackageFrameworks\ /Users/andrejvysny/Library/Developer/Xcode/DerivedData/Swiftfin-fgghtvigwpcaqzejbcbexicnucjq/Build/Products/Debug-iphonesimulator/PackageFrameworks\ /Users/andrejvysny/Library/Developer/Xcode/DerivedData/Swiftfin-fgghtvigwpcaqzejbcbexicnucjq/Build/Products/Debug-iphonesimulator/PackageFrameworks\ /Users/andrejvysny/Library/Developer/Xcode/DerivedData/Swiftfin-fgghtvigwpcaqzejbcbexicnucjq/Build/Products/Debug-iphonesimulator/PackageFrameworks\ /Users/andrejvysny/Library/Developer/Xcode/DerivedData/Swiftfin-fgghtvigwpcaqzejbcbexicnucjq/Build/Products/Debug-iphonesimulator/PackageFrameworks\ /Users/andrejvysny/Library/Developer/Xcode/DerivedData/Swiftfin-fgghtvigwpcaqzejbcbexicnucjq/Build/Products/Debug-iphonesimulator/PackageFrameworks\ /Users/andrejvysny/Library/Developer/Xcode/DerivedData/Swiftfin-fgghtvigwpcaqzejbcbexicnucjq/Build/Products/Debug-iphonesimulator/PackageFrameworks\ /Users/andrejvysny/Library/Developer/Xcode/DerivedData/Swiftfin-fgghtvigwpcaqzejbcbexicnucjq/Build/Products/Debug-iphonesimulator/PackageFrameworks\ /Users/andrejvysny/Library/Developer/Xcode/DerivedData/Swiftfin-fgghtvigwpcaqzejbcbexicnucjq/Build/Products/Debug-iphonesimulator/PackageFrameworks\ /Users/andrejvysny/Library/Developer/Xcode/DerivedData/Swiftfin-fgghtvigwpcaqzejbcbexicnucjq/Build/Products/Debug-iphonesimulator/PackageFrameworks\ /Users/andrejvysny/Library/Developer/Xcode/DerivedData/Swiftfin-fgghtvigwpcaqzejbcbexicnucjq/Build/Products/Debug-iphonesimulator/PackageFrameworks\ /Users/andrejvysny/Library/Developer/Xcode/DerivedData/Swiftfin-fgghtvigwpcaqzejbcbexicnucjq/Build/Products/Debug-iphonesimulator/PackageFrameworks\ /Users/andrejvysny/Library/Developer/Xcode/DerivedData/Swiftfin-fgghtvigwpcaqzejbcbexicnucjq/Build/Products/Debug-iphonesimulator/PackageFrameworks\ /Users/andrejvysny/Library/Developer/Xcode/DerivedData/Swiftfin-fgghtvigwpcaqzejbcbexicnucjq/Build/Products/Debug-iphonesimulator\ 
    export FRAMEWORK_VERSION\=A
    export FULL_PRODUCT_NAME\=Swiftfin\ iOS.app
    export FUSE_BUILD_PHASES\=YES
    export FUSE_BUILD_SCRIPT_PHASES\=NO
    export GCC3_VERSION\=3.3
    export GCC_C_LANGUAGE_STANDARD\=gnu11
    export GCC_DYNAMIC_NO_PIC\=NO
    export GCC_INLINES_ARE_PRIVATE_EXTERN\=YES
    export GCC_NO_COMMON_BLOCKS\=YES
    export GCC_OBJC_LEGACY_DISPATCH\=YES
    export GCC_OPTIMIZATION_LEVEL\=0
    export GCC_PFE_FILE_C_DIALECTS\=c\ objective-c\ c++\ objective-c++
    export GCC_PREPROCESSOR_DEFINITIONS\=DEBUG\=1\ 
    export GCC_SYMBOLS_PRIVATE_EXTERN\=NO
    export GCC_TREAT_WARNINGS_AS_ERRORS\=NO
    export GCC_VERSION\=com.apple.compilers.llvm.clang.1_0
    export GCC_VERSION_IDENTIFIER\=com_apple_compilers_llvm_clang_1_0
    export GCC_WARN_64_TO_32_BIT_CONVERSION\=YES
    export GCC_WARN_ABOUT_RETURN_TYPE\=YES_ERROR
    export GCC_WARN_UNDECLARED_SELECTOR\=YES
    export GCC_WARN_UNINITIALIZED_AUTOS\=YES_AGGRESSIVE
    export GCC_WARN_UNUSED_FUNCTION\=YES
    export GCC_WARN_UNUSED_VARIABLE\=YES
    export GENERATED_MODULEMAP_DIR\=/Users/andrejvysny/Library/Developer/Xcode/DerivedData/Swiftfin-fgghtvigwpcaqzejbcbexicnucjq/Build/Intermediates.noindex/GeneratedModuleMaps-iphonesimulator
    export GENERATE_INFOPLIST_FILE\=NO
    export GENERATE_INTERMEDIATE_TEXT_BASED_STUBS\=YES
    export GENERATE_MASTER_OBJECT_FILE\=NO
    export GENERATE_PKGINFO_FILE\=YES
    export GENERATE_PROFILING_CODE\=NO
    export GENERATE_TEXT_BASED_STUBS\=NO
    export GID\=20
    export GROUP\=staff
    export HEADERMAP_INCLUDES_FLAT_ENTRIES_FOR_TARGET_BEING_BUILT\=YES
    export HEADERMAP_INCLUDES_FRAMEWORK_ENTRIES_FOR_ALL_PRODUCT_TYPES\=YES
    export HEADERMAP_INCLUDES_FRAMEWORK_ENTRIES_FOR_TARGETS_NOT_BEING_BUILT\=YES
    export HEADERMAP_INCLUDES_NONPUBLIC_NONPRIVATE_HEADERS\=YES
    export HEADERMAP_INCLUDES_PROJECT_HEADERS\=YES
    export HEADERMAP_USES_FRAMEWORK_PREFIX_ENTRIES\=YES
    export HEADERMAP_USES_VFS\=NO
    export HEADER_SEARCH_PATHS\=/Users/andrejvysny/Library/Developer/Xcode/DerivedData/Swiftfin-fgghtvigwpcaqzejbcbexicnucjq/SourcePackages/checkouts/swift-numerics/Sources/_NumericsShims/include\ /Users/andrejvysny/Library/Developer/Xcode/DerivedData/Swiftfin-fgghtvigwpcaqzejbcbexicnucjq/SourcePackages/checkouts/CocoaLumberjack/Sources/CocoaLumberjack/include\ /Users/andrejvysny/Library/Developer/Xcode/DerivedData/Swiftfin-fgghtvigwpcaqzejbcbexicnucjq/SourcePackages/checkouts/SVGKit/Source/include\ /Users/andrejvysny/Library/Developer/Xcode/DerivedData/Swiftfin-fgghtvigwpcaqzejbcbexicnucjq/Build/Products/Debug-iphonesimulator/include\ 
    export HIDE_BITCODE_SYMBOLS\=YES
    export HOME\=/Users/andrejvysny
    export HOST_ARCH\=arm64
    export HOST_PLATFORM\=macosx
    export ICONV\=/usr/bin/iconv
    export IMPLICIT_DEPENDENCY_DOMAIN\=default
    export INFOPLIST_ENABLE_CFBUNDLEICONS_MERGE\=YES
    export INFOPLIST_EXPAND_BUILD_SETTINGS\=YES
    export INFOPLIST_FILE\=Swiftfin/Resources/Info.plist
    export INFOPLIST_KEY_CFBundleDisplayName\=Swiftfin
    export INFOPLIST_KEY_LSApplicationCategoryType\=public.app-category.entertainment
    export INFOPLIST_OUTPUT_FORMAT\=binary
    export INFOPLIST_PATH\=Swiftfin\ iOS.app/Info.plist
    export INFOPLIST_PREPROCESS\=NO
    export INFOSTRINGS_PATH\=Swiftfin\ iOS.app/en.lproj/InfoPlist.strings
    export INLINE_PRIVATE_FRAMEWORKS\=NO
    export INSTALLAPI_IGNORE_SKIP_INSTALL\=YES
    export INSTALLHDRS_COPY_PHASE\=NO
    export INSTALLHDRS_SCRIPT_PHASE\=NO
    export INSTALL_DIR\=/tmp/Swiftfin.dst/Applications
    export INSTALL_GROUP\=staff
    export INSTALL_MODE_FLAG\=u+w,go-w,a+rX
    export INSTALL_OWNER\=andrejvysny
    export INSTALL_PATH\=/Applications
    export INSTALL_ROOT\=/tmp/Swiftfin.dst
    export IPHONEOS_DEPLOYMENT_TARGET\=16.6
    export IS_UNOPTIMIZED_BUILD\=YES
    export JAVAC_DEFAULT_FLAGS\=-J-Xms64m\ -J-XX:NewSize\=4M\ -J-Dfile.encoding\=UTF8
    export JAVA_APP_STUB\=/System/Library/Frameworks/JavaVM.framework/Resources/MacOS/JavaApplicationStub
    export JAVA_ARCHIVE_CLASSES\=YES
    export JAVA_ARCHIVE_TYPE\=JAR
    export JAVA_COMPILER\=/usr/bin/javac
    export JAVA_FOLDER_PATH\=Swiftfin\ iOS.app/Java
    export JAVA_FRAMEWORK_RESOURCES_DIRS\=Resources
    export JAVA_JAR_FLAGS\=cv
    export JAVA_SOURCE_SUBDIR\=.
    export JAVA_USE_DEPENDENCIES\=YES
    export JAVA_ZIP_FLAGS\=-urg
    export JIKES_DEFAULT_FLAGS\=+E\ +OLDCSO
    export KEEP_PRIVATE_EXTERNS\=NO
    export LD_DEPENDENCY_INFO_FILE\=/Users/andrejvysny/Library/Developer/Xcode/DerivedData/Swiftfin-fgghtvigwpcaqzejbcbexicnucjq/Build/Intermediates.noindex/Swiftfin.build/Debug-iphonesimulator/Swiftfin\ iOS.build/Objects-normal/undefined_arch/Swiftfin\ iOS_dependency_info.dat
    export LD_ENTITLEMENTS_SECTION\=/Users/andrejvysny/Library/Developer/Xcode/DerivedData/Swiftfin-fgghtvigwpcaqzejbcbexicnucjq/Build/Intermediates.noindex/Swiftfin.build/Debug-iphonesimulator/Swiftfin\ iOS.build/Swiftfin\ iOS.app-Simulated.xcent
    export LD_ENTITLEMENTS_SECTION_DER\=/Users/andrejvysny/Library/Developer/Xcode/DerivedData/Swiftfin-fgghtvigwpcaqzejbcbexicnucjq/Build/Intermediates.noindex/Swiftfin.build/Debug-iphonesimulator/Swiftfin\ iOS.build/Swiftfin\ iOS.app-Simulated.xcent.der
    export LD_EXPORT_SYMBOLS\=YES
    export LD_GENERATE_MAP_FILE\=NO
    export LD_MAP_FILE_PATH\=/Users/andrejvysny/Library/Developer/Xcode/DerivedData/Swiftfin-fgghtvigwpcaqzejbcbexicnucjq/Build/Intermediates.noindex/Swiftfin.build/Debug-iphonesimulator/Swiftfin\ iOS.build/Swiftfin\ iOS-LinkMap-normal-undefined_arch.txt
    export LD_NO_PIE\=NO
    export LD_QUOTE_LINKER_ARGUMENTS_FOR_COMPILER_DRIVER\=YES
    export LD_RUNPATH_SEARCH_PATHS\=/Users/andrejvysny/Library/Developer/Xcode/DerivedData/Swiftfin-fgghtvigwpcaqzejbcbexicnucjq/Build/Products/Debug-iphonesimulator/PackageFrameworks\ /Users/andrejvysny/Library/Developer/Xcode/DerivedData/Swiftfin-fgghtvigwpcaqzejbcbexicnucjq/Build/Products/Debug-iphonesimulator/PackageFrameworks\ /Users/andrejvysny/Library/Developer/Xcode/DerivedData/Swiftfin-fgghtvigwpcaqzejbcbexicnucjq/Build/Products/Debug-iphonesimulator/PackageFrameworks\ /Users/andrejvysny/Library/Developer/Xcode/DerivedData/Swiftfin-fgghtvigwpcaqzejbcbexicnucjq/Build/Products/Debug-iphonesimulator/PackageFrameworks\ /Users/andrejvysny/Library/Developer/Xcode/DerivedData/Swiftfin-fgghtvigwpcaqzejbcbexicnucjq/Build/Products/Debug-iphonesimulator/PackageFrameworks\ /Users/andrejvysny/Library/Developer/Xcode/DerivedData/Swiftfin-fgghtvigwpcaqzejbcbexicnucjq/Build/Products/Debug-iphonesimulator/PackageFrameworks\ /Users/andrejvysny/Library/Developer/Xcode/DerivedData/Swiftfin-fgghtvigwpcaqzejbcbexicnucjq/Build/Products/Debug-iphonesimulator/PackageFrameworks\ /Users/andrejvysny/Library/Developer/Xcode/DerivedData/Swiftfin-fgghtvigwpcaqzejbcbexicnucjq/Build/Products/Debug-iphonesimulator/PackageFrameworks\ /Users/andrejvysny/Library/Developer/Xcode/DerivedData/Swiftfin-fgghtvigwpcaqzejbcbexicnucjq/Build/Products/Debug-iphonesimulator/PackageFrameworks\ /Users/andrejvysny/Library/Developer/Xcode/DerivedData/Swiftfin-fgghtvigwpcaqzejbcbexicnucjq/Build/Products/Debug-iphonesimulator/PackageFrameworks\ /Users/andrejvysny/Library/Developer/Xcode/DerivedData/Swiftfin-fgghtvigwpcaqzejbcbexicnucjq/Build/Products/Debug-iphonesimulator/PackageFrameworks\ /Users/andrejvysny/Library/Developer/Xcode/DerivedData/Swiftfin-fgghtvigwpcaqzejbcbexicnucjq/Build/Products/Debug-iphonesimulator/PackageFrameworks\ /Users/andrejvysny/Library/Developer/Xcode/DerivedData/Swiftfin-fgghtvigwpcaqzejbcbexicnucjq/Build/Products/Debug-iphonesimulator/PackageFrameworks\ /Users/andrejvysny/Library/Developer/Xcode/DerivedData/Swiftfin-fgghtvigwpcaqzejbcbexicnucjq/Build/Products/Debug-iphonesimulator/PackageFrameworks\ /Users/andrejvysny/Library/Developer/Xcode/DerivedData/Swiftfin-fgghtvigwpcaqzejbcbexicnucjq/Build/Products/Debug-iphonesimulator/PackageFrameworks\ /Users/andrejvysny/Library/Developer/Xcode/DerivedData/Swiftfin-fgghtvigwpcaqzejbcbexicnucjq/Build/Products/Debug-iphonesimulator/PackageFrameworks\ /Users/andrejvysny/Library/Developer/Xcode/DerivedData/Swiftfin-fgghtvigwpcaqzejbcbexicnucjq/Build/Products/Debug-iphonesimulator/PackageFrameworks\ /Users/andrejvysny/Library/Developer/Xcode/DerivedData/Swiftfin-fgghtvigwpcaqzejbcbexicnucjq/Build/Products/Debug-iphonesimulator/PackageFrameworks\ /Users/andrejvysny/Library/Developer/Xcode/DerivedData/Swiftfin-fgghtvigwpcaqzejbcbexicnucjq/Build/Products/Debug-iphonesimulator/PackageFrameworks\ /Users/andrejvysny/Library/Developer/Xcode/DerivedData/Swiftfin-fgghtvigwpcaqzejbcbexicnucjq/Build/Products/Debug-iphonesimulator/PackageFrameworks\ /Users/andrejvysny/Library/Developer/Xcode/DerivedData/Swiftfin-fgghtvigwpcaqzejbcbexicnucjq/Build/Products/Debug-iphonesimulator/PackageFrameworks\ /Users/andrejvysny/Library/Developer/Xcode/DerivedData/Swiftfin-fgghtvigwpcaqzejbcbexicnucjq/Build/Products/Debug-iphonesimulator/PackageFrameworks\ /Users/andrejvysny/Library/Developer/Xcode/DerivedData/Swiftfin-fgghtvigwpcaqzejbcbexicnucjq/Build/Products/Debug-iphonesimulator/PackageFrameworks\ /Users/andrejvysny/Library/Developer/Xcode/DerivedData/Swiftfin-fgghtvigwpcaqzejbcbexicnucjq/Build/Products/Debug-iphonesimulator/PackageFrameworks\ /Users/andrejvysny/Library/Developer/Xcode/DerivedData/Swiftfin-fgghtvigwpcaqzejbcbexicnucjq/Build/Products/Debug-iphonesimulator/PackageFrameworks\ /Users/andrejvysny/Library/Developer/Xcode/DerivedData/Swiftfin-fgghtvigwpcaqzejbcbexicnucjq/Build/Products/Debug-iphonesimulator/PackageFrameworks\ /Users/andrejvysny/Library/Developer/Xcode/DerivedData/Swiftfin-fgghtvigwpcaqzejbcbexicnucjq/Build/Products/Debug-iphonesimulator/PackageFrameworks\ /Users/andrejvysny/Library/Developer/Xcode/DerivedData/Swiftfin-fgghtvigwpcaqzejbcbexicnucjq/Build/Products/Debug-iphonesimulator/PackageFrameworks\ /Users/andrejvysny/Library/Developer/Xcode/DerivedData/Swiftfin-fgghtvigwpcaqzejbcbexicnucjq/Build/Products/Debug-iphonesimulator/PackageFrameworks\ /Users/andrejvysny/Library/Developer/Xcode/DerivedData/Swiftfin-fgghtvigwpcaqzejbcbexicnucjq/Build/Products/Debug-iphonesimulator/PackageFrameworks\ /Users/andrejvysny/Library/Developer/Xcode/DerivedData/Swiftfin-fgghtvigwpcaqzejbcbexicnucjq/Build/Products/Debug-iphonesimulator/PackageFrameworks\ \ @executable_path/Frameworks
    export LD_RUNPATH_SEARCH_PATHS_YES\=@loader_path/../Frameworks
    export LD_SHARED_CACHE_ELIGIBLE\=Automatic
    export LD_WARN_DUPLICATE_LIBRARIES\=NO
    export LD_WARN_UNUSED_DYLIBS\=NO
    export LEGACY_DEVELOPER_DIR\=/Applications/Xcode.app/Contents/PlugIns/Xcode3Core.ideplugin/Contents/SharedSupport/Developer
    export LEX\=lex
    export LIBRARY_DEXT_INSTALL_PATH\=/Library/DriverExtensions
    export LIBRARY_FLAG_NOSPACE\=YES
    export LIBRARY_FLAG_PREFIX\=-l
    export LIBRARY_KEXT_INSTALL_PATH\=/Library/Extensions
    export LIBRARY_SEARCH_PATHS\=/Users/andrejvysny/Library/Developer/Xcode/DerivedData/Swiftfin-fgghtvigwpcaqzejbcbexicnucjq/Build/Products/Debug-iphonesimulator\ 
    export LINKER_DISPLAYS_MANGLED_NAMES\=NO
    export LINK_FILE_LIST_normal_arm64\=/Users/andrejvysny/Library/Developer/Xcode/DerivedData/Swiftfin-fgghtvigwpcaqzejbcbexicnucjq/Build/Intermediates.noindex/Swiftfin.build/Debug-iphonesimulator/Swiftfin\ iOS.build/Objects-normal/arm64/Swiftfin\ iOS.LinkFileList
    export LINK_OBJC_RUNTIME\=YES
    export LINK_WITH_STANDARD_LIBRARIES\=YES
    export LLVM_TARGET_TRIPLE_OS_VERSION\=ios16.6
    export LLVM_TARGET_TRIPLE_SUFFIX\=-simulator
    export LLVM_TARGET_TRIPLE_VENDOR\=apple
    export LM_AUX_CONST_METADATA_LIST_PATH_normal_arm64\=/Users/andrejvysny/Library/Developer/Xcode/DerivedData/Swiftfin-fgghtvigwpcaqzejbcbexicnucjq/Build/Intermediates.noindex/Swiftfin.build/Debug-iphonesimulator/Swiftfin\ iOS.build/Objects-normal/arm64/Swiftfin\ iOS.SwiftConstValuesFileList
    export LOCALIZATION_EXPORT_SUPPORTED\=YES
    export LOCALIZATION_PREFERS_STRING_CATALOGS\=NO
    export LOCALIZED_RESOURCES_FOLDER_PATH\=Swiftfin\ iOS.app/en.lproj
    export LOCALIZED_STRING_MACRO_NAMES\=NSLocalizedString\ CFCopyLocalizedString
    export LOCALIZED_STRING_SWIFTUI_SUPPORT\=YES
    export LOCAL_ADMIN_APPS_DIR\=/Applications/Utilities
    export LOCAL_APPS_DIR\=/Applications
    export LOCAL_DEVELOPER_DIR\=/Library/Developer
    export LOCAL_LIBRARY_DIR\=/Library
    export LOCROOT\=/Users/andrejvysny/andrejvysny/Swiftfin
    export LOCSYMROOT\=/Users/andrejvysny/andrejvysny/Swiftfin
    export MACH_O_TYPE\=mh_execute
    export MAC_OS_X_PRODUCT_BUILD_VERSION\=24G90
    export MAC_OS_X_VERSION_ACTUAL\=150601
    export MAC_OS_X_VERSION_MAJOR\=150000
    export MAC_OS_X_VERSION_MINOR\=150600
    export MAKE_MERGEABLE\=NO
    export MARKETING_VERSION\=1.0.0
    export MERGEABLE_LIBRARY\=NO
    export MERGED_BINARY_TYPE\=none
    export MERGE_LINKED_LIBRARIES\=NO
    export METAL_LIBRARY_FILE_BASE\=default
    export METAL_LIBRARY_OUTPUT_DIR\=/Users/andrejvysny/Library/Developer/Xcode/DerivedData/Swiftfin-fgghtvigwpcaqzejbcbexicnucjq/Build/Products/Debug-iphonesimulator/Swiftfin\ iOS.app
    export MODULES_FOLDER_PATH\=Swiftfin\ iOS.app/Modules
    export MODULE_CACHE_DIR\=/Users/andrejvysny/Library/Developer/Xcode/DerivedData/ModuleCache.noindex
    export MTL_ENABLE_DEBUG_INFO\=INCLUDE_SOURCE
    export MTL_FAST_MATH\=YES
    export NATIVE_ARCH\=arm64
    export NATIVE_ARCH_32_BIT\=arm
    export NATIVE_ARCH_64_BIT\=arm64
    export NATIVE_ARCH_ACTUAL\=arm64
    export NO_COMMON\=YES
    export OBJC_ABI_VERSION\=2
    export OBJECT_FILE_DIR\=/Users/andrejvysny/Library/Developer/Xcode/DerivedData/Swiftfin-fgghtvigwpcaqzejbcbexicnucjq/Build/Intermediates.noindex/Swiftfin.build/Debug-iphonesimulator/Swiftfin\ iOS.build/Objects
    export OBJECT_FILE_DIR_normal\=/Users/andrejvysny/Library/Developer/Xcode/DerivedData/Swiftfin-fgghtvigwpcaqzejbcbexicnucjq/Build/Intermediates.noindex/Swiftfin.build/Debug-iphonesimulator/Swiftfin\ iOS.build/Objects-normal
    export OBJROOT\=/Users/andrejvysny/Library/Developer/Xcode/DerivedData/Swiftfin-fgghtvigwpcaqzejbcbexicnucjq/Build/Intermediates.noindex
    export ONLY_ACTIVE_ARCH\=YES
    export OS\=MACOS
    export OSAC\=/usr/bin/osacompile
    export OTHER_CFLAGS\=-fmodule-map-file\=/Users/andrejvysny/Library/Developer/Xcode/DerivedData/Swiftfin-fgghtvigwpcaqzejbcbexicnucjq/Build/Intermediates.noindex/GeneratedModuleMaps-iphonesimulator/Defaults.modulemap\ -fmodule-map-file\=/Users/andrejvysny/Library/Developer/Xcode/DerivedData/Swiftfin-fgghtvigwpcaqzejbcbexicnucjq/Build/Intermediates.noindex/GeneratedModuleMaps-iphonesimulator/RealModule.modulemap\ -fmodule-map-file\=/Users/andrejvysny/Library/Developer/Xcode/DerivedData/Swiftfin-fgghtvigwpcaqzejbcbexicnucjq/Build/Intermediates.noindex/GeneratedModuleMaps-iphonesimulator/Algorithms.modulemap\ -fmodule-map-file\=/Users/andrejvysny/Library/Developer/Xcode/DerivedData/Swiftfin-fgghtvigwpcaqzejbcbexicnucjq/Build/Intermediates.noindex/GeneratedModuleMaps-iphonesimulator/CollectionVGrid.modulemap\ -fmodule-map-file\=/Users/andrejvysny/Library/Developer/Xcode/DerivedData/Swiftfin-fgghtvigwpcaqzejbcbexicnucjq/Build/Intermediates.noindex/GeneratedModuleMaps-iphonesimulator/Pulse.modulemap\ -fmodule-map-file\=/Users/andrejvysny/Library/Developer/Xcode/DerivedData/Swiftfin-fgghtvigwpcaqzejbcbexicnucjq/Build/Intermediates.noindex/GeneratedModuleMaps-iphonesimulator/PulseUI.modulemap\ -fmodule-map-file\=/Users/andrejvysny/Library/Developer/Xcode/DerivedData/Swiftfin-fgghtvigwpcaqzejbcbexicnucjq/Build/Intermediates.noindex/GeneratedModuleMaps-iphonesimulator/Logging.modulemap\ -fmodule-map-file\=/Users/andrejvysny/Library/Developer/Xcode/DerivedData/Swiftfin-fgghtvigwpcaqzejbcbexicnucjq/Build/Intermediates.noindex/GeneratedModuleMaps-iphonesimulator/PulseLogHandler.modulemap\ -fmodule-map-file\=/Users/andrejvysny/Library/Developer/Xcode/DerivedData/Swiftfin-fgghtvigwpcaqzejbcbexicnucjq/Build/Intermediates.noindex/GeneratedModuleMaps-iphonesimulator/OrderedCollections.modulemap\ -fmodule-map-file\=/Users/andrejvysny/Library/Developer/Xcode/DerivedData/Swiftfin-fgghtvigwpcaqzejbcbexicnucjq/Build/Intermediates.noindex/GeneratedModuleMaps-iphonesimulator/Factory.modulemap\ -fmodule-map-file\=/Users/andrejvysny/Library/Developer/Xcode/DerivedData/Swiftfin-fgghtvigwpcaqzejbcbexicnucjq/Build/Intermediates.noindex/GeneratedModuleMaps-iphonesimulator/Get.modulemap\ -fmodule-map-file\=/Users/andrejvysny/Library/Developer/Xcode/DerivedData/Swiftfin-fgghtvigwpcaqzejbcbexicnucjq/Build/Intermediates.noindex/GeneratedModuleMaps-iphonesimulator/URLQueryEncoder.modulemap\ -fmodule-map-file\=/Users/andrejvysny/Library/Developer/Xcode/DerivedData/Swiftfin-fgghtvigwpcaqzejbcbexicnucjq/Build/Intermediates.noindex/GeneratedModuleMaps-iphonesimulator/JellyfinAPI.modulemap\ -fmodule-map-file\=/Users/andrejvysny/Library/Developer/Xcode/DerivedData/Swiftfin-fgghtvigwpcaqzejbcbexicnucjq/Build/Intermediates.noindex/GeneratedModuleMaps-iphonesimulator/DifferenceKit.modulemap\ -fmodule-map-file\=/Users/andrejvysny/Library/Developer/Xcode/DerivedData/Swiftfin-fgghtvigwpcaqzejbcbexicnucjq/Build/Intermediates.noindex/GeneratedModuleMaps-iphonesimulator/CollectionHStack.modulemap\ -fmodule-map-file\=/Users/andrejvysny/Library/Developer/Xcode/DerivedData/Swiftfin-fgghtvigwpcaqzejbcbexicnucjq/Build/Intermediates.noindex/GeneratedModuleMaps-iphonesimulator/KeychainSwift.modulemap\ -fmodule-map-file\=/Users/andrejvysny/Library/Developer/Xcode/DerivedData/Swiftfin-fgghtvigwpcaqzejbcbexicnucjq/Build/Intermediates.noindex/GeneratedModuleMaps-iphonesimulator/Files.modulemap\ -fmodule-map-file\=/Users/andrejvysny/Library/Developer/Xcode/DerivedData/Swiftfin-fgghtvigwpcaqzejbcbexicnucjq/Build/Intermediates.noindex/GeneratedModuleMaps-iphonesimulator/Mantis.modulemap\ -fmodule-map-file\=/Users/andrejvysny/Library/Developer/Xcode/DerivedData/Swiftfin-fgghtvigwpcaqzejbcbexicnucjq/Build/Intermediates.noindex/GeneratedModuleMaps-iphonesimulator/IdentifiedCollections.modulemap\ -fmodule-map-file\=/Users/andrejvysny/Library/Developer/Xcode/DerivedData/Swiftfin-fgghtvigwpcaqzejbcbexicnucjq/Build/Intermediates.noindex/GeneratedModuleMaps-iphonesimulator/BlurHashKit.modulemap\ -fmodule-map-file\=/Users/andrejvysny/Library/Developer/Xcode/DerivedData/Swiftfin-fgghtvigwpcaqzejbcbexicnucjq/Build/Intermediates.noindex/GeneratedModuleMaps-iphonesimulator/UDPBroadcast.modulemap\ -fmodule-map-file\=/Users/andrejvysny/Library/Developer/Xcode/DerivedData/Swiftfin-fgghtvigwpcaqzejbcbexicnucjq/Build/Intermediates.noindex/GeneratedModuleMaps-iphonesimulator/CocoaLumberjack.modulemap\ -fmodule-map-file\=/Users/andrejvysny/Library/Developer/Xcode/DerivedData/Swiftfin-fgghtvigwpcaqzejbcbexicnucjq/Build/Intermediates.noindex/GeneratedModuleMaps-iphonesimulator/SVGKit.modulemap\ -fmodule-map-file\=/Users/andrejvysny/Library/Developer/Xcode/DerivedData/Swiftfin-fgghtvigwpcaqzejbcbexicnucjq/Build/Intermediates.noindex/GeneratedModuleMaps-iphonesimulator/VLCUI.modulemap\ -fmodule-map-file\=/Users/andrejvysny/Library/Developer/Xcode/DerivedData/Swiftfin-fgghtvigwpcaqzejbcbexicnucjq/Build/Intermediates.noindex/GeneratedModuleMaps-iphonesimulator/CoreStore.modulemap\ -fmodule-map-file\=/Users/andrejvysny/Library/Developer/Xcode/DerivedData/Swiftfin-fgghtvigwpcaqzejbcbexicnucjq/Build/Intermediates.noindex/GeneratedModuleMaps-iphonesimulator/SwiftUIIntrospect.modulemap\ -fmodule-map-file\=/Users/andrejvysny/Library/Developer/Xcode/DerivedData/Swiftfin-fgghtvigwpcaqzejbcbexicnucjq/Build/Intermediates.noindex/GeneratedModuleMaps-iphonesimulator/PreferencesView.modulemap\ -fmodule-map-file\=/Users/andrejvysny/Library/Developer/Xcode/DerivedData/Swiftfin-fgghtvigwpcaqzejbcbexicnucjq/Build/Intermediates.noindex/GeneratedModuleMaps-iphonesimulator/Nuke.modulemap\ -fmodule-map-file\=/Users/andrejvysny/Library/Developer/Xcode/DerivedData/Swiftfin-fgghtvigwpcaqzejbcbexicnucjq/Build/Intermediates.noindex/GeneratedModuleMaps-iphonesimulator/NukeUI.modulemap\ -fmodule-map-file\=/Users/andrejvysny/Library/Developer/Xcode/DerivedData/Swiftfin-fgghtvigwpcaqzejbcbexicnucjq/Build/Intermediates.noindex/GeneratedModuleMaps-iphonesimulator/SwizzleSwift.modulemap\ 
    export OTHER_CPLUSPLUSFLAGS\=-fmodule-map-file\=/Users/andrejvysny/Library/Developer/Xcode/DerivedData/Swiftfin-fgghtvigwpcaqzejbcbexicnucjq/Build/Intermediates.noindex/GeneratedModuleMaps-iphonesimulator/Defaults.modulemap\ -fmodule-map-file\=/Users/andrejvysny/Library/Developer/Xcode/DerivedData/Swiftfin-fgghtvigwpcaqzejbcbexicnucjq/Build/Intermediates.noindex/GeneratedModuleMaps-iphonesimulator/RealModule.modulemap\ -fmodule-map-file\=/Users/andrejvysny/Library/Developer/Xcode/DerivedData/Swiftfin-fgghtvigwpcaqzejbcbexicnucjq/Build/Intermediates.noindex/GeneratedModuleMaps-iphonesimulator/Algorithms.modulemap\ -fmodule-map-file\=/Users/andrejvysny/Library/Developer/Xcode/DerivedData/Swiftfin-fgghtvigwpcaqzejbcbexicnucjq/Build/Intermediates.noindex/GeneratedModuleMaps-iphonesimulator/CollectionVGrid.modulemap\ -fmodule-map-file\=/Users/andrejvysny/Library/Developer/Xcode/DerivedData/Swiftfin-fgghtvigwpcaqzejbcbexicnucjq/Build/Intermediates.noindex/GeneratedModuleMaps-iphonesimulator/Pulse.modulemap\ -fmodule-map-file\=/Users/andrejvysny/Library/Developer/Xcode/DerivedData/Swiftfin-fgghtvigwpcaqzejbcbexicnucjq/Build/Intermediates.noindex/GeneratedModuleMaps-iphonesimulator/PulseUI.modulemap\ -fmodule-map-file\=/Users/andrejvysny/Library/Developer/Xcode/DerivedData/Swiftfin-fgghtvigwpcaqzejbcbexicnucjq/Build/Intermediates.noindex/GeneratedModuleMaps-iphonesimulator/Logging.modulemap\ -fmodule-map-file\=/Users/andrejvysny/Library/Developer/Xcode/DerivedData/Swiftfin-fgghtvigwpcaqzejbcbexicnucjq/Build/Intermediates.noindex/GeneratedModuleMaps-iphonesimulator/PulseLogHandler.modulemap\ -fmodule-map-file\=/Users/andrejvysny/Library/Developer/Xcode/DerivedData/Swiftfin-fgghtvigwpcaqzejbcbexicnucjq/Build/Intermediates.noindex/GeneratedModuleMaps-iphonesimulator/OrderedCollections.modulemap\ -fmodule-map-file\=/Users/andrejvysny/Library/Developer/Xcode/DerivedData/Swiftfin-fgghtvigwpcaqzejbcbexicnucjq/Build/Intermediates.noindex/GeneratedModuleMaps-iphonesimulator/Factory.modulemap\ -fmodule-map-file\=/Users/andrejvysny/Library/Developer/Xcode/DerivedData/Swiftfin-fgghtvigwpcaqzejbcbexicnucjq/Build/Intermediates.noindex/GeneratedModuleMaps-iphonesimulator/Get.modulemap\ -fmodule-map-file\=/Users/andrejvysny/Library/Developer/Xcode/DerivedData/Swiftfin-fgghtvigwpcaqzejbcbexicnucjq/Build/Intermediates.noindex/GeneratedModuleMaps-iphonesimulator/URLQueryEncoder.modulemap\ -fmodule-map-file\=/Users/andrejvysny/Library/Developer/Xcode/DerivedData/Swiftfin-fgghtvigwpcaqzejbcbexicnucjq/Build/Intermediates.noindex/GeneratedModuleMaps-iphonesimulator/JellyfinAPI.modulemap\ -fmodule-map-file\=/Users/andrejvysny/Library/Developer/Xcode/DerivedData/Swiftfin-fgghtvigwpcaqzejbcbexicnucjq/Build/Intermediates.noindex/GeneratedModuleMaps-iphonesimulator/DifferenceKit.modulemap\ -fmodule-map-file\=/Users/andrejvysny/Library/Developer/Xcode/DerivedData/Swiftfin-fgghtvigwpcaqzejbcbexicnucjq/Build/Intermediates.noindex/GeneratedModuleMaps-iphonesimulator/CollectionHStack.modulemap\ -fmodule-map-file\=/Users/andrejvysny/Library/Developer/Xcode/DerivedData/Swiftfin-fgghtvigwpcaqzejbcbexicnucjq/Build/Intermediates.noindex/GeneratedModuleMaps-iphonesimulator/KeychainSwift.modulemap\ -fmodule-map-file\=/Users/andrejvysny/Library/Developer/Xcode/DerivedData/Swiftfin-fgghtvigwpcaqzejbcbexicnucjq/Build/Intermediates.noindex/GeneratedModuleMaps-iphonesimulator/Files.modulemap\ -fmodule-map-file\=/Users/andrejvysny/Library/Developer/Xcode/DerivedData/Swiftfin-fgghtvigwpcaqzejbcbexicnucjq/Build/Intermediates.noindex/GeneratedModuleMaps-iphonesimulator/Mantis.modulemap\ -fmodule-map-file\=/Users/andrejvysny/Library/Developer/Xcode/DerivedData/Swiftfin-fgghtvigwpcaqzejbcbexicnucjq/Build/Intermediates.noindex/GeneratedModuleMaps-iphonesimulator/IdentifiedCollections.modulemap\ -fmodule-map-file\=/Users/andrejvysny/Library/Developer/Xcode/DerivedData/Swiftfin-fgghtvigwpcaqzejbcbexicnucjq/Build/Intermediates.noindex/GeneratedModuleMaps-iphonesimulator/BlurHashKit.modulemap\ -fmodule-map-file\=/Users/andrejvysny/Library/Developer/Xcode/DerivedData/Swiftfin-fgghtvigwpcaqzejbcbexicnucjq/Build/Intermediates.noindex/GeneratedModuleMaps-iphonesimulator/UDPBroadcast.modulemap\ -fmodule-map-file\=/Users/andrejvysny/Library/Developer/Xcode/DerivedData/Swiftfin-fgghtvigwpcaqzejbcbexicnucjq/Build/Intermediates.noindex/GeneratedModuleMaps-iphonesimulator/CocoaLumberjack.modulemap\ -fmodule-map-file\=/Users/andrejvysny/Library/Developer/Xcode/DerivedData/Swiftfin-fgghtvigwpcaqzejbcbexicnucjq/Build/Intermediates.noindex/GeneratedModuleMaps-iphonesimulator/SVGKit.modulemap\ -fmodule-map-file\=/Users/andrejvysny/Library/Developer/Xcode/DerivedData/Swiftfin-fgghtvigwpcaqzejbcbexicnucjq/Build/Intermediates.noindex/GeneratedModuleMaps-iphonesimulator/VLCUI.modulemap\ -fmodule-map-file\=/Users/andrejvysny/Library/Developer/Xcode/DerivedData/Swiftfin-fgghtvigwpcaqzejbcbexicnucjq/Build/Intermediates.noindex/GeneratedModuleMaps-iphonesimulator/CoreStore.modulemap\ -fmodule-map-file\=/Users/andrejvysny/Library/Developer/Xcode/DerivedData/Swiftfin-fgghtvigwpcaqzejbcbexicnucjq/Build/Intermediates.noindex/GeneratedModuleMaps-iphonesimulator/SwiftUIIntrospect.modulemap\ -fmodule-map-file\=/Users/andrejvysny/Library/Developer/Xcode/DerivedData/Swiftfin-fgghtvigwpcaqzejbcbexicnucjq/Build/Intermediates.noindex/GeneratedModuleMaps-iphonesimulator/PreferencesView.modulemap\ -fmodule-map-file\=/Users/andrejvysny/Library/Developer/Xcode/DerivedData/Swiftfin-fgghtvigwpcaqzejbcbexicnucjq/Build/Intermediates.noindex/GeneratedModuleMaps-iphonesimulator/Nuke.modulemap\ -fmodule-map-file\=/Users/andrejvysny/Library/Developer/Xcode/DerivedData/Swiftfin-fgghtvigwpcaqzejbcbexicnucjq/Build/Intermediates.noindex/GeneratedModuleMaps-iphonesimulator/NukeUI.modulemap\ -fmodule-map-file\=/Users/andrejvysny/Library/Developer/Xcode/DerivedData/Swiftfin-fgghtvigwpcaqzejbcbexicnucjq/Build/Intermediates.noindex/GeneratedModuleMaps-iphonesimulator/SwizzleSwift.modulemap\ 
    export OTHER_LDFLAGS\=-Wl,-no_warn_duplicate_libraries\ -Wl,-no_warn_duplicate_libraries\ -Wl,-no_warn_duplicate_libraries\ -Wl,-no_warn_duplicate_libraries\ -Wl,-no_warn_duplicate_libraries\ -Wl,-no_warn_duplicate_libraries\ -Wl,-no_warn_duplicate_libraries\ -Wl,-no_warn_duplicate_libraries\ -Wl,-no_warn_duplicate_libraries\ -Wl,-no_warn_duplicate_libraries\ -Wl,-no_warn_duplicate_libraries\ -Wl,-no_warn_duplicate_libraries\ -Wl,-no_warn_duplicate_libraries\ -Wl,-no_warn_duplicate_libraries\ -Wl,-no_warn_duplicate_libraries\ -Wl,-no_warn_duplicate_libraries\ -Wl,-no_warn_duplicate_libraries\ -Wl,-no_warn_duplicate_libraries\ -Wl,-no_warn_duplicate_libraries\ -Wl,-no_warn_duplicate_libraries\ -Wl,-no_warn_duplicate_libraries\ -Wl,-no_warn_duplicate_libraries\ -Wl,-no_warn_duplicate_libraries\ -Wl,-no_warn_duplicate_libraries\ -Wl,-no_warn_duplicate_libraries\ -Wl,-no_warn_duplicate_libraries\ -Wl,-no_warn_duplicate_libraries\ -Wl,-no_warn_duplicate_libraries\ -Wl,-no_warn_duplicate_libraries\ -Wl,-no_warn_duplicate_libraries\ -Wl,-no_warn_duplicate_libraries\ 
    export OTHER_SWIFT_FLAGS\=-Xcc\ -fmodule-map-file\=/Users/andrejvysny/Library/Developer/Xcode/DerivedData/Swiftfin-fgghtvigwpcaqzejbcbexicnucjq/Build/Intermediates.noindex/GeneratedModuleMaps-iphonesimulator/CocoaLumberjack.modulemap\ -Xcc\ -fmodule-map-file\=/Users/andrejvysny/Library/Developer/Xcode/DerivedData/Swiftfin-fgghtvigwpcaqzejbcbexicnucjq/Build/Intermediates.noindex/GeneratedModuleMaps-iphonesimulator/SVGKit.modulemap\ -Xfrontend\ -warn-long-expression-type-checking\=200
    export PACKAGE_TYPE\=com.apple.package-type.wrapper.application
    export PASCAL_STRINGS\=YES
    export PATH\=/Applications/Xcode.app/Contents/SharedFrameworks/SwiftBuild.framework/Versions/A/PlugIns/SWBBuildService.bundle/Contents/PlugIns/SWBUniversalPlatformPlugin.bundle/Contents/Frameworks/SWBUniversalPlatform.framework/Resources:/Applications/Xcode.app/Contents/Developer/Toolchains/XcodeDefault.xctoolchain/usr/bin:/Applications/Xcode.app/Contents/Developer/Toolchains/XcodeDefault.xctoolchain/usr/local/bin:/Applications/Xcode.app/Contents/Developer/Toolchains/XcodeDefault.xctoolchain/usr/libexec:/Applications/Xcode.app/Contents/Developer/Platforms/iPhoneSimulator.platform/usr/bin:/Applications/Xcode.app/Contents/Developer/Platforms/iPhoneSimulator.platform/usr/local/bin:/Applications/Xcode.app/Contents/Developer/Platforms/iPhoneSimulator.platform/Developer/usr/bin:/Applications/Xcode.app/Contents/Developer/Platforms/iPhoneSimulator.platform/Developer/usr/local/bin:/Applications/Xcode.app/Contents/Developer/usr/bin:/Applications/Xcode.app/Contents/Developer/usr/local/bin:/opt/homebrew/opt/node@22/bin:/opt/homebrew/bin:/usr/local/bin:/System/Cryptexes/App/usr/bin:/usr/bin:/bin:/usr/sbin:/sbin:/var/run/com.apple.security.cryptexd/codex.system/bootstrap/usr/local/bin:/var/run/com.apple.security.cryptexd/codex.system/bootstrap/usr/bin:/var/run/com.apple.security.cryptexd/codex.system/bootstrap/usr/appleinternal/bin:/opt/X11/bin:/Library/Apple/usr/bin:/Users/andrejvysny/Library/Application\ Support/JetBrains/Toolbox/scripts:/Users/andrejvysny/.orbstack/bin:/usr/local/bin/code:/Applications/Visual\ Studio\ Code.app/Contents/Resources/app/bin:/Users/andrejvysny/.lmstudio/bin:/Users/andrejvysny/Library/Application\ Support/Code/User/globalStorage/github.copilot-chat/debugCommand
    export PATH_PREFIXES_EXCLUDED_FROM_HEADER_DEPENDENCIES\=/usr/include\ /usr/local/include\ /System/Library/Frameworks\ /System/Library/PrivateFrameworks\ /Applications/Xcode.app/Contents/Developer/Headers\ /Applications/Xcode.app/Contents/Developer/SDKs\ /Applications/Xcode.app/Contents/Developer/Platforms
    export PBDEVELOPMENTPLIST_PATH\=Swiftfin\ iOS.app/pbdevelopment.plist
    export PER_ARCH_MODULE_FILE_DIR\=/Users/andrejvysny/Library/Developer/Xcode/DerivedData/Swiftfin-fgghtvigwpcaqzejbcbexicnucjq/Build/Intermediates.noindex/Swiftfin.build/Debug-iphonesimulator/Swiftfin\ iOS.build/Objects-normal/undefined_arch
    export PER_ARCH_OBJECT_FILE_DIR\=/Users/andrejvysny/Library/Developer/Xcode/DerivedData/Swiftfin-fgghtvigwpcaqzejbcbexicnucjq/Build/Intermediates.noindex/Swiftfin.build/Debug-iphonesimulator/Swiftfin\ iOS.build/Objects-normal/undefined_arch
    export PER_VARIANT_OBJECT_FILE_DIR\=/Users/andrejvysny/Library/Developer/Xcode/DerivedData/Swiftfin-fgghtvigwpcaqzejbcbexicnucjq/Build/Intermediates.noindex/Swiftfin.build/Debug-iphonesimulator/Swiftfin\ iOS.build/Objects-normal
    export PKGINFO_FILE_PATH\=/Users/andrejvysny/Library/Developer/Xcode/DerivedData/Swiftfin-fgghtvigwpcaqzejbcbexicnucjq/Build/Intermediates.noindex/Swiftfin.build/Debug-iphonesimulator/Swiftfin\ iOS.build/PkgInfo
    export PKGINFO_PATH\=Swiftfin\ iOS.app/PkgInfo
    export PLATFORM_DEVELOPER_APPLICATIONS_DIR\=/Applications/Xcode.app/Contents/Developer/Platforms/iPhoneSimulator.platform/Developer/Applications
    export PLATFORM_DEVELOPER_BIN_DIR\=/Applications/Xcode.app/Contents/Developer/Platforms/iPhoneSimulator.platform/Developer/usr/bin
    export PLATFORM_DEVELOPER_LIBRARY_DIR\=/Applications/Xcode.app/Contents/Developer/Platforms/iPhoneSimulator.platform/Developer/Library
    export PLATFORM_DEVELOPER_SDK_DIR\=/Applications/Xcode.app/Contents/Developer/Platforms/iPhoneSimulator.platform/Developer/SDKs
    export PLATFORM_DEVELOPER_TOOLS_DIR\=/Applications/Xcode.app/Contents/Developer/Platforms/iPhoneSimulator.platform/Developer/Tools
    export PLATFORM_DEVELOPER_USR_DIR\=/Applications/Xcode.app/Contents/Developer/Platforms/iPhoneSimulator.platform/Developer/usr
    export PLATFORM_DIR\=/Applications/Xcode.app/Contents/Developer/Platforms/iPhoneSimulator.platform
    export PLATFORM_DISPLAY_NAME\=iOS\ Simulator
    export PLATFORM_FAMILY_NAME\=iOS
    export PLATFORM_NAME\=iphonesimulator
    export PLATFORM_PREFERRED_ARCH\=x86_64
    export PLATFORM_PRODUCT_BUILD_VERSION\=22F76
    export PLATFORM_REQUIRES_SWIFT_AUTOLINK_EXTRACT\=NO
    export PLATFORM_REQUIRES_SWIFT_MODULEWRAP\=NO
    export PLIST_FILE_OUTPUT_FORMAT\=binary
    export PLUGINS_FOLDER_PATH\=Swiftfin\ iOS.app/PlugIns
    export PRECOMPS_INCLUDE_HEADERS_FROM_BUILT_PRODUCTS_DIR\=YES
    export PRECOMP_DESTINATION_DIR\=/Users/andrejvysny/Library/Developer/Xcode/DerivedData/Swiftfin-fgghtvigwpcaqzejbcbexicnucjq/Build/Intermediates.noindex/Swiftfin.build/Debug-iphonesimulator/Swiftfin\ iOS.build/PrefixHeaders
    export PRIVATE_HEADERS_FOLDER_PATH\=Swiftfin\ iOS.app/PrivateHeaders
    export PROCESSED_INFOPLIST_PATH\=/Users/andrejvysny/Library/Developer/Xcode/DerivedData/Swiftfin-fgghtvigwpcaqzejbcbexicnucjq/Build/Intermediates.noindex/Swiftfin.build/Debug-iphonesimulator/Swiftfin\ iOS.build/Objects-normal/undefined_arch/Processed-Info.plist
    export PRODUCT_BUNDLE_IDENTIFIER\=org.jellyfin.swiftfin
    export PRODUCT_BUNDLE_PACKAGE_TYPE\=APPL
    export PRODUCT_MODULE_NAME\=Swiftfin_iOS
    export PRODUCT_NAME\=Swiftfin\ iOS
    export PRODUCT_SETTINGS_PATH\=/Users/andrejvysny/andrejvysny/Swiftfin/Swiftfin/Resources/Info.plist
    export PRODUCT_TYPE\=com.apple.product-type.application
    export PROFILING_CODE\=NO
    export PROJECT\=Swiftfin
    export PROJECT_DERIVED_FILE_DIR\=/Users/andrejvysny/Library/Developer/Xcode/DerivedData/Swiftfin-fgghtvigwpcaqzejbcbexicnucjq/Build/Intermediates.noindex/Swiftfin.build/DerivedSources
    export PROJECT_DIR\=/Users/andrejvysny/andrejvysny/Swiftfin
    export PROJECT_FILE_PATH\=/Users/andrejvysny/andrejvysny/Swiftfin/Swiftfin.xcodeproj
    export PROJECT_GUID\=d54b7e8652d2f308a8f9faa5ac442b3e
    export PROJECT_NAME\=Swiftfin
    export PROJECT_TEMP_DIR\=/Users/andrejvysny/Library/Developer/Xcode/DerivedData/Swiftfin-fgghtvigwpcaqzejbcbexicnucjq/Build/Intermediates.noindex/Swiftfin.build
    export PROJECT_TEMP_ROOT\=/Users/andrejvysny/Library/Developer/Xcode/DerivedData/Swiftfin-fgghtvigwpcaqzejbcbexicnucjq/Build/Intermediates.noindex
    export PROVISIONING_PROFILE_REQUIRED\=NO
    export PROVISIONING_PROFILE_REQUIRED_YES_YES\=YES
    export PROVISIONING_PROFILE_SUPPORTED\=YES
    export PUBLIC_HEADERS_FOLDER_PATH\=Swiftfin\ iOS.app/Headers
    export RECOMMENDED_IPHONEOS_DEPLOYMENT_TARGET\=15.0
    export RECURSIVE_SEARCH_PATHS_FOLLOW_SYMLINKS\=YES
    export REMOVE_CVS_FROM_RESOURCES\=YES
    export REMOVE_GIT_FROM_RESOURCES\=YES
    export REMOVE_HEADERS_FROM_EMBEDDED_BUNDLES\=YES
    export REMOVE_HG_FROM_RESOURCES\=YES
    export REMOVE_STATIC_EXECUTABLES_FROM_EMBEDDED_BUNDLES\=YES
    export REMOVE_SVN_FROM_RESOURCES\=YES
    export RESCHEDULE_INDEPENDENT_HEADERS_PHASES\=YES
    export REZ_COLLECTOR_DIR\=/Users/andrejvysny/Library/Developer/Xcode/DerivedData/Swiftfin-fgghtvigwpcaqzejbcbexicnucjq/Build/Intermediates.noindex/Swiftfin.build/Debug-iphonesimulator/Swiftfin\ iOS.build/ResourceManagerResources
    export REZ_OBJECTS_DIR\=/Users/andrejvysny/Library/Developer/Xcode/DerivedData/Swiftfin-fgghtvigwpcaqzejbcbexicnucjq/Build/Intermediates.noindex/Swiftfin.build/Debug-iphonesimulator/Swiftfin\ iOS.build/ResourceManagerResources/Objects
    export REZ_SEARCH_PATHS\=/Users/andrejvysny/Library/Developer/Xcode/DerivedData/Swiftfin-fgghtvigwpcaqzejbcbexicnucjq/Build/Products/Debug-iphonesimulator\ 
    export SCAN_ALL_SOURCE_FILES_FOR_INCLUDES\=NO
    export SCRIPTS_FOLDER_PATH\=Swiftfin\ iOS.app/Scripts
    export SCRIPT_INPUT_FILE_COUNT\=0
    export SCRIPT_INPUT_FILE_LIST_COUNT\=0
    export SCRIPT_OUTPUT_FILE_COUNT\=0
    export SCRIPT_OUTPUT_FILE_LIST_COUNT\=0
    export SDKROOT\=/Applications/Xcode.app/Contents/Developer/Platforms/iPhoneSimulator.platform/Developer/SDKs/iPhoneSimulator18.5.sdk
    export SDK_DIR\=/Applications/Xcode.app/Contents/Developer/Platforms/iPhoneSimulator.platform/Developer/SDKs/iPhoneSimulator18.5.sdk
    export SDK_DIR_iphonesimulator\=/Applications/Xcode.app/Contents/Developer/Platforms/iPhoneSimulator.platform/Developer/SDKs/iPhoneSimulator18.5.sdk
    export SDK_DIR_iphonesimulator18_5\=/Applications/Xcode.app/Contents/Developer/Platforms/iPhoneSimulator.platform/Developer/SDKs/iPhoneSimulator18.5.sdk
    export SDK_NAME\=iphonesimulator18.5
    export SDK_NAMES\=iphonesimulator18.5
    export SDK_PRODUCT_BUILD_VERSION\=22F76
    export SDK_STAT_CACHE_DIR\=/Users/andrejvysny/Library/Developer/Xcode/DerivedData
    export SDK_STAT_CACHE_ENABLE\=YES
    export SDK_STAT_CACHE_PATH\=/Users/andrejvysny/Library/Developer/Xcode/DerivedData/SDKStatCaches.noindex/iphonesimulator18.5-22F76-d5fc8ad4295d2ef488fb7d0f804ce0c4.sdkstatcache
    export SDK_VERSION\=18.5
    export SDK_VERSION_ACTUAL\=180500
    export SDK_VERSION_MAJOR\=180000
    export SDK_VERSION_MINOR\=180500
    export SED\=/usr/bin/sed
    export SEPARATE_STRIP\=NO
    export SEPARATE_SYMBOL_EDIT\=NO
    export SET_DIR_MODE_OWNER_GROUP\=YES
    export SET_FILE_MODE_OWNER_GROUP\=NO
    export SHALLOW_BUNDLE\=YES
    export SHALLOW_BUNDLE_TRIPLE\=ios-simulator
    export SHALLOW_BUNDLE_ios_macabi\=NO
    export SHALLOW_BUNDLE_macos\=NO
    export SHARED_DERIVED_FILE_DIR\=/Users/andrejvysny/Library/Developer/Xcode/DerivedData/Swiftfin-fgghtvigwpcaqzejbcbexicnucjq/Build/Products/Debug-iphonesimulator/DerivedSources
    export SHARED_FRAMEWORKS_FOLDER_PATH\=Swiftfin\ iOS.app/SharedFrameworks
    export SHARED_PRECOMPS_DIR\=/Users/andrejvysny/Library/Developer/Xcode/DerivedData/Swiftfin-fgghtvigwpcaqzejbcbexicnucjq/Build/Intermediates.noindex/PrecompiledHeaders
    export SHARED_SUPPORT_FOLDER_PATH\=Swiftfin\ iOS.app/SharedSupport
    export SKIP_INSTALL\=NO
    export SOURCE_ROOT\=/Users/andrejvysny/andrejvysny/Swiftfin
    export SRCROOT\=/Users/andrejvysny/andrejvysny/Swiftfin
    export STRINGSDATA_DIR\=/Users/andrejvysny/Library/Developer/Xcode/DerivedData/Swiftfin-fgghtvigwpcaqzejbcbexicnucjq/Build/Intermediates.noindex/Swiftfin.build/Debug-iphonesimulator/Swiftfin\ iOS.build/Objects-normal/undefined_arch
    export STRINGSDATA_ROOT\=/Users/andrejvysny/Library/Developer/Xcode/DerivedData/Swiftfin-fgghtvigwpcaqzejbcbexicnucjq/Build/Intermediates.noindex/Swiftfin.build/Debug-iphonesimulator/Swiftfin\ iOS.build
    export STRINGS_FILE_INFOPLIST_RENAME\=YES
    export STRINGS_FILE_OUTPUT_ENCODING\=binary
    export STRIP_BITCODE_FROM_COPIED_FILES\=NO
    export STRIP_INSTALLED_PRODUCT\=NO
    export STRIP_STYLE\=all
    export STRIP_SWIFT_SYMBOLS\=YES
    export SUPPORTED_DEVICE_FAMILIES\=1,2
    export SUPPORTED_PLATFORMS\=iphoneos\ iphonesimulator
    export SUPPORTS_MACCATALYST\=NO
    export SUPPORTS_MAC_DESIGNED_FOR_IPHONE_IPAD\=NO
    export SUPPORTS_ON_DEMAND_RESOURCES\=YES
    export SUPPORTS_TEXT_BASED_API\=NO
    export SUPPRESS_WARNINGS\=NO
    export SWIFT_ACTIVE_COMPILATION_CONDITIONS\=DEBUG
    export SWIFT_EMIT_LOC_STRINGS\=YES
    export SWIFT_OPTIMIZATION_LEVEL\=-Onone
    export SWIFT_PLATFORM_TARGET_PREFIX\=ios
    export SWIFT_RESPONSE_FILE_PATH_normal_arm64\=/Users/andrejvysny/Library/Developer/Xcode/DerivedData/Swiftfin-fgghtvigwpcaqzejbcbexicnucjq/Build/Intermediates.noindex/Swiftfin.build/Debug-iphonesimulator/Swiftfin\ iOS.build/Objects-normal/arm64/Swiftfin\ iOS.SwiftFileList
    export SWIFT_VERSION\=5.0
    export SYMROOT\=/Users/andrejvysny/Library/Developer/Xcode/DerivedData/Swiftfin-fgghtvigwpcaqzejbcbexicnucjq/Build/Products
    export SYSTEM_ADMIN_APPS_DIR\=/Applications/Utilities
    export SYSTEM_APPS_DIR\=/Applications
    export SYSTEM_CORE_SERVICES_DIR\=/System/Library/CoreServices
    export SYSTEM_DEMOS_DIR\=/Applications/Extras
    export SYSTEM_DEVELOPER_APPS_DIR\=/Applications/Xcode.app/Contents/Developer/Applications
    export SYSTEM_DEVELOPER_BIN_DIR\=/Applications/Xcode.app/Contents/Developer/usr/bin
    export SYSTEM_DEVELOPER_DEMOS_DIR\=/Applications/Xcode.app/Contents/Developer/Applications/Utilities/Built\ Examples
    export SYSTEM_DEVELOPER_DIR\=/Applications/Xcode.app/Contents/Developer
    export SYSTEM_DEVELOPER_DOC_DIR\=/Applications/Xcode.app/Contents/Developer/ADC\ Reference\ Library
    export SYSTEM_DEVELOPER_GRAPHICS_TOOLS_DIR\=/Applications/Xcode.app/Contents/Developer/Applications/Graphics\ Tools
    export SYSTEM_DEVELOPER_JAVA_TOOLS_DIR\=/Applications/Xcode.app/Contents/Developer/Applications/Java\ Tools
    export SYSTEM_DEVELOPER_PERFORMANCE_TOOLS_DIR\=/Applications/Xcode.app/Contents/Developer/Applications/Performance\ Tools
    export SYSTEM_DEVELOPER_RELEASENOTES_DIR\=/Applications/Xcode.app/Contents/Developer/ADC\ Reference\ Library/releasenotes
    export SYSTEM_DEVELOPER_TOOLS\=/Applications/Xcode.app/Contents/Developer/Tools
    export SYSTEM_DEVELOPER_TOOLS_DOC_DIR\=/Applications/Xcode.app/Contents/Developer/ADC\ Reference\ Library/documentation/DeveloperTools
    export SYSTEM_DEVELOPER_TOOLS_RELEASENOTES_DIR\=/Applications/Xcode.app/Contents/Developer/ADC\ Reference\ Library/releasenotes/DeveloperTools
    export SYSTEM_DEVELOPER_USR_DIR\=/Applications/Xcode.app/Contents/Developer/usr
    export SYSTEM_DEVELOPER_UTILITIES_DIR\=/Applications/Xcode.app/Contents/Developer/Applications/Utilities
    export SYSTEM_DEXT_INSTALL_PATH\=/System/Library/DriverExtensions
    export SYSTEM_DOCUMENTATION_DIR\=/Library/Documentation
    export SYSTEM_EXTENSIONS_FOLDER_PATH\=Swiftfin\ iOS.app/SystemExtensions
    export SYSTEM_EXTENSIONS_FOLDER_PATH_SHALLOW_BUNDLE_NO\=Swiftfin\ iOS.app/Library/SystemExtensions
    export SYSTEM_EXTENSIONS_FOLDER_PATH_SHALLOW_BUNDLE_YES\=Swiftfin\ iOS.app/SystemExtensions
    export SYSTEM_KEXT_INSTALL_PATH\=/System/Library/Extensions
    export SYSTEM_LIBRARY_DIR\=/System/Library
    export TAPI_DEMANGLE\=YES
    export TAPI_ENABLE_PROJECT_HEADERS\=NO
    export TAPI_LANGUAGE\=objective-c
    export TAPI_LANGUAGE_STANDARD\=compiler-default
    export TAPI_USE_SRCROOT\=YES
    export TAPI_VERIFY_MODE\=Pedantic
    export TARGETED_DEVICE_FAMILY\=1,2
    export TARGETNAME\=Swiftfin\ iOS
    export TARGET_BUILD_DIR\=/Users/andrejvysny/Library/Developer/Xcode/DerivedData/Swiftfin-fgghtvigwpcaqzejbcbexicnucjq/Build/Products/Debug-iphonesimulator
    export TARGET_DEVICE_IDENTIFIER\=28FD40EC-2647-4865-BA0E-6F352F533A2F
    export TARGET_DEVICE_MODEL\=iPhone17,3
    export TARGET_DEVICE_OS_VERSION\=18.5
    export TARGET_DEVICE_PLATFORM_NAME\=iphonesimulator
    export TARGET_NAME\=Swiftfin\ iOS
    export TARGET_TEMP_DIR\=/Users/andrejvysny/Library/Developer/Xcode/DerivedData/Swiftfin-fgghtvigwpcaqzejbcbexicnucjq/Build/Intermediates.noindex/Swiftfin.build/Debug-iphonesimulator/Swiftfin\ iOS.build
    export TEMP_DIR\=/Users/andrejvysny/Library/Developer/Xcode/DerivedData/Swiftfin-fgghtvigwpcaqzejbcbexicnucjq/Build/Intermediates.noindex/Swiftfin.build/Debug-iphonesimulator/Swiftfin\ iOS.build
    export TEMP_FILES_DIR\=/Users/andrejvysny/Library/Developer/Xcode/DerivedData/Swiftfin-fgghtvigwpcaqzejbcbexicnucjq/Build/Intermediates.noindex/Swiftfin.build/Debug-iphonesimulator/Swiftfin\ iOS.build
    export TEMP_FILE_DIR\=/Users/andrejvysny/Library/Developer/Xcode/DerivedData/Swiftfin-fgghtvigwpcaqzejbcbexicnucjq/Build/Intermediates.noindex/Swiftfin.build/Debug-iphonesimulator/Swiftfin\ iOS.build
    export TEMP_ROOT\=/Users/andrejvysny/Library/Developer/Xcode/DerivedData/Swiftfin-fgghtvigwpcaqzejbcbexicnucjq/Build/Intermediates.noindex
    export TEMP_SANDBOX_DIR\=/Users/andrejvysny/Library/Developer/Xcode/DerivedData/Swiftfin-fgghtvigwpcaqzejbcbexicnucjq/Build/Intermediates.noindex/TemporaryTaskSandboxes
    export TEST_FRAMEWORK_SEARCH_PATHS\=\ /Applications/Xcode.app/Contents/Developer/Platforms/iPhoneSimulator.platform/Developer/Library/Frameworks\ /Applications/Xcode.app/Contents/Developer/Platforms/iPhoneSimulator.platform/Developer/SDKs/iPhoneSimulator18.5.sdk/Developer/Library/Frameworks
    export TEST_LIBRARY_SEARCH_PATHS\=\ /Applications/Xcode.app/Contents/Developer/Platforms/iPhoneSimulator.platform/Developer/usr/lib
    export TOOLCHAINS\=com.apple.dt.toolchain.XcodeDefault
    export TOOLCHAIN_DIR\=/Applications/Xcode.app/Contents/Developer/Toolchains/XcodeDefault.xctoolchain
    export TREAT_MISSING_BASELINES_AS_TEST_FAILURES\=NO
    export TREAT_MISSING_SCRIPT_PHASE_OUTPUTS_AS_ERRORS\=NO
    export TeamIdentifierPrefix\=\"\".
    export UID\=501
    export UNINSTALLED_PRODUCTS_DIR\=/Users/andrejvysny/Library/Developer/Xcode/DerivedData/Swiftfin-fgghtvigwpcaqzejbcbexicnucjq/Build/Intermediates.noindex/UninstalledProducts
    export UNLOCALIZED_RESOURCES_FOLDER_PATH\=Swiftfin\ iOS.app
    export UNLOCALIZED_RESOURCES_FOLDER_PATH_SHALLOW_BUNDLE_NO\=Swiftfin\ iOS.app/Resources
    export UNLOCALIZED_RESOURCES_FOLDER_PATH_SHALLOW_BUNDLE_YES\=Swiftfin\ iOS.app
    export UNSTRIPPED_PRODUCT\=NO
    export USER\=andrejvysny
    export USER_APPS_DIR\=/Users/andrejvysny/Applications
    export USER_LIBRARY_DIR\=/Users/andrejvysny/Library
    export USE_DYNAMIC_NO_PIC\=YES
    export USE_HEADERMAP\=YES
    export USE_HEADER_SYMLINKS\=NO
    export VALIDATE_DEVELOPMENT_ASSET_PATHS\=YES_ERROR
    export VALIDATE_PRODUCT\=NO
    export VALID_ARCHS\=arm64\ arm64e\ x86_64
    export VERBOSE_PBXCP\=NO
    export VERSIONPLIST_PATH\=Swiftfin\ iOS.app/version.plist
    export VERSION_INFO_BUILDER\=andrejvysny
    export VERSION_INFO_FILE\=Swiftfin\ iOS_vers.c
    export VERSION_INFO_STRING\=\"@\(\#\)PROGRAM:Swiftfin\ iOS\ \ PROJECT:Swiftfin-78\"
    export WORKSPACE_DIR\=/Users/andrejvysny/andrejvysny/Swiftfin/Swiftfin.xcodeproj
    export WRAPPER_EXTENSION\=app
    export WRAPPER_NAME\=Swiftfin\ iOS.app
    export WRAPPER_SUFFIX\=.app
    export WRAP_ASSET_PACKS_IN_SEPARATE_DIRECTORIES\=NO
    export XCODE_APP_SUPPORT_DIR\=/Applications/Xcode.app/Contents/Developer/Library/Xcode
    export XCODE_PRODUCT_BUILD_VERSION\=16F6
    export XCODE_VERSION_ACTUAL\=1640
    export XCODE_VERSION_MAJOR\=1600
    export XCODE_VERSION_MINOR\=1640
    export XPCSERVICES_FOLDER_PATH\=Swiftfin\ iOS.app/XPCServices
    export YACC\=yacc
    export _DISCOVER_COMMAND_LINE_LINKER_INPUTS\=YES
    export _DISCOVER_COMMAND_LINE_LINKER_INPUTS_INCLUDE_WL\=YES
    export _WRAPPER_CONTENTS_DIR_SHALLOW_BUNDLE_NO\=/Contents
    export _WRAPPER_PARENT_PATH_SHALLOW_BUNDLE_NO\=/..
    export _WRAPPER_RESOURCES_DIR_SHALLOW_BUNDLE_NO\=/Resources
    export __DIAGNOSE_DEPRECATED_ARCHS\=YES
    export __IS_NOT_MACOS\=YES
    export __IS_NOT_MACOS_macosx\=NO
    export __IS_NOT_SIMULATOR\=NO
    export __IS_NOT_SIMULATOR_simulator\=NO
    export arch\=undefined_arch
    export variant\=normal
    /bin/sh -c /Users/andrejvysny/Library/Developer/Xcode/DerivedData/Swiftfin-fgghtvigwpcaqzejbcbexicnucjq/Build/Intermediates.noindex/Swiftfin.build/Debug-iphonesimulator/Swiftfin\\\ iOS.build/Script-BD0BA2282AD64BB200306A8D.sh
Running SwiftFormat...
Reading config file at /Users/andrejvysny/andrejvysny/Swiftfin/.swiftformat
SwiftFormat completed in 0.26s.
0/787 files formatted, 8 files skipped.

CopyStringsFile /Users/andrejvysny/Library/Developer/Xcode/DerivedData/Swiftfin-fgghtvigwpcaqzejbcbexicnucjq/Build/Products/Debug-iphonesimulator/Swiftfin\ iOS.app/en.lproj/Localizable.strings /Users/andrejvysny/andrejvysny/Swiftfin/Translations/en.lproj/Localizable.strings (in target 'Swiftfin iOS' from project 'Swiftfin')
    cd /Users/andrejvysny/andrejvysny/Swiftfin
    builtin-copyStrings --validate --outputencoding binary --outfilename Localizable.strings --outdir /Users/andrejvysny/Library/Developer/Xcode/DerivedData/Swiftfin-fgghtvigwpcaqzejbcbexicnucjq/Build/Products/Debug-iphonesimulator/Swiftfin\ iOS.app/en.lproj -- /Users/andrejvysny/andrejvysny/Swiftfin/Translations/en.lproj/Localizable.strings
/Users/andrejvysny/andrejvysny/Swiftfin/Translations/en.lproj/Localizable.strings:1:1: note: detected encoding of input file as Unicode (UTF-16) (in target 'Swiftfin iOS' from project 'Swiftfin')

SwiftDriver Swiftfin\ iOS normal arm64 com.apple.xcode.tools.swift.compiler (in target 'Swiftfin iOS' from project 'Swiftfin')
    cd /Users/andrejvysny/andrejvysny/Swiftfin
    builtin-SwiftDriver -- /Applications/Xcode.app/Contents/Developer/Toolchains/XcodeDefault.xctoolchain/usr/bin/swiftc -module-name Swiftfin_iOS -Onone -enforce-exclusivity\=checked @/Users/andrejvysny/Library/Developer/Xcode/DerivedData/Swiftfin-fgghtvigwpcaqzejbcbexicnucjq/Build/Intermediates.noindex/Swiftfin.build/Debug-iphonesimulator/Swiftfin\ iOS.build/Objects-normal/arm64/Swiftfin\ iOS.SwiftFileList -DDEBUG -Xcc -fmodule-map-file\=/Users/andrejvysny/Library/Developer/Xcode/DerivedData/Swiftfin-fgghtvigwpcaqzejbcbexicnucjq/Build/Intermediates.noindex/GeneratedModuleMaps-iphonesimulator/CocoaLumberjack.modulemap -Xcc -fmodule-map-file\=/Users/andrejvysny/Library/Developer/Xcode/DerivedData/Swiftfin-fgghtvigwpcaqzejbcbexicnucjq/Build/Intermediates.noindex/GeneratedModuleMaps-iphonesimulator/SVGKit.modulemap -Xfrontend -warn-long-expression-type-checking\=200 -enable-bare-slash-regex -enable-experimental-feature DebugDescriptionMacro -sdk /Applications/Xcode.app/Contents/Developer/Platforms/iPhoneSimulator.platform/Developer/SDKs/iPhoneSimulator18.5.sdk -target arm64-apple-ios16.6-simulator -g -module-cache-path /Users/andrejvysny/Library/Developer/Xcode/DerivedData/ModuleCache.noindex -Xfrontend -serialize-debugging-options -enable-testing -index-store-path /Users/andrejvysny/Library/Developer/Xcode/DerivedData/Swiftfin-fgghtvigwpcaqzejbcbexicnucjq/Index.noindex/DataStore -swift-version 5 -I /Users/andrejvysny/Library/Developer/Xcode/DerivedData/Swiftfin-fgghtvigwpcaqzejbcbexicnucjq/Build/Products/Debug-iphonesimulator -F /Users/andrejvysny/Library/Developer/Xcode/DerivedData/Swiftfin-fgghtvigwpcaqzejbcbexicnucjq/Build/Products/Debug-iphonesimulator/PackageFrameworks -F /Users/andrejvysny/Library/Developer/Xcode/DerivedData/Swiftfin-fgghtvigwpcaqzejbcbexicnucjq/Build/Products/Debug-iphonesimulator/PackageFrameworks -F /Users/andrejvysny/Library/Developer/Xcode/DerivedData/Swiftfin-fgghtvigwpcaqzejbcbexicnucjq/Build/Products/Debug-iphonesimulator/PackageFrameworks -F /Users/andrejvysny/Library/Developer/Xcode/DerivedData/Swiftfin-fgghtvigwpcaqzejbcbexicnucjq/Build/Products/Debug-iphonesimulator/PackageFrameworks -F /Users/andrejvysny/Library/Developer/Xcode/DerivedData/Swiftfin-fgghtvigwpcaqzejbcbexicnucjq/Build/Products/Debug-iphonesimulator/PackageFrameworks -F /Users/andrejvysny/Library/Developer/Xcode/DerivedData/Swiftfin-fgghtvigwpcaqzejbcbexicnucjq/Build/Products/Debug-iphonesimulator/PackageFrameworks -F /Users/andrejvysny/Library/Developer/Xcode/DerivedData/Swiftfin-fgghtvigwpcaqzejbcbexicnucjq/Build/Products/Debug-iphonesimulator/PackageFrameworks -F /Users/andrejvysny/Library/Developer/Xcode/DerivedData/Swiftfin-fgghtvigwpcaqzejbcbexicnucjq/Build/Products/Debug-iphonesimulator/PackageFrameworks -F /Users/andrejvysny/Library/Developer/Xcode/DerivedData/Swiftfin-fgghtvigwpcaqzejbcbexicnucjq/Build/Products/Debug-iphonesimulator/PackageFrameworks -F /Users/andrejvysny/Library/Developer/Xcode/DerivedData/Swiftfin-fgghtvigwpcaqzejbcbexicnucjq/Build/Products/Debug-iphonesimulator/PackageFrameworks -F /Users/andrejvysny/Library/Developer/Xcode/DerivedData/Swiftfin-fgghtvigwpcaqzejbcbexicnucjq/Build/Products/Debug-iphonesimulator/PackageFrameworks -F /Users/andrejvysny/Library/Developer/Xcode/DerivedData/Swiftfin-fgghtvigwpcaqzejbcbexicnucjq/Build/Products/Debug-iphonesimulator/PackageFrameworks -F /Users/andrejvysny/Library/Developer/Xcode/DerivedData/Swiftfin-fgghtvigwpcaqzejbcbexicnucjq/Build/Products/Debug-iphonesimulator/PackageFrameworks -F /Users/andrejvysny/Library/Developer/Xcode/DerivedData/Swiftfin-fgghtvigwpcaqzejbcbexicnucjq/Build/Products/Debug-iphonesimulator/PackageFrameworks -F /Users/andrejvysny/Library/Developer/Xcode/DerivedData/Swiftfin-fgghtvigwpcaqzejbcbexicnucjq/Build/Products/Debug-iphonesimulator/PackageFrameworks -F /Users/andrejvysny/Library/Developer/Xcode/DerivedData/Swiftfin-fgghtvigwpcaqzejbcbexicnucjq/Build/Products/Debug-iphonesimulator/PackageFrameworks -F /Users/andrejvysny/Library/Developer/Xcode/DerivedData/Swiftfin-fgghtvigwpcaqzejbcbexicnucjq/Build/Products/Debug-iphonesimulator/PackageFrameworks -F /Users/andrejvysny/Library/Developer/Xcode/DerivedData/Swiftfin-fgghtvigwpcaqzejbcbexicnucjq/Build/Products/Debug-iphonesimulator/PackageFrameworks -F /Users/andrejvysny/Library/Developer/Xcode/DerivedData/Swiftfin-fgghtvigwpcaqzejbcbexicnucjq/Build/Products/Debug-iphonesimulator/PackageFrameworks -F /Users/andrejvysny/Library/Developer/Xcode/DerivedData/Swiftfin-fgghtvigwpcaqzejbcbexicnucjq/Build/Products/Debug-iphonesimulator/PackageFrameworks -F /Users/andrejvysny/Library/Developer/Xcode/DerivedData/Swiftfin-fgghtvigwpcaqzejbcbexicnucjq/Build/Products/Debug-iphonesimulator/PackageFrameworks -F /Users/andrejvysny/Library/Developer/Xcode/DerivedData/Swiftfin-fgghtvigwpcaqzejbcbexicnucjq/Build/Products/Debug-iphonesimulator/PackageFrameworks -F /Users/andrejvysny/Library/Developer/Xcode/DerivedData/Swiftfin-fgghtvigwpcaqzejbcbexicnucjq/Build/Products/Debug-iphonesimulator/PackageFrameworks -F /Users/andrejvysny/Library/Developer/Xcode/DerivedData/Swiftfin-fgghtvigwpcaqzejbcbexicnucjq/Build/Products/Debug-iphonesimulator/PackageFrameworks -F /Users/andrejvysny/Library/Developer/Xcode/DerivedData/Swiftfin-fgghtvigwpcaqzejbcbexicnucjq/Build/Products/Debug-iphonesimulator/PackageFrameworks -F /Users/andrejvysny/Library/Developer/Xcode/DerivedData/Swiftfin-fgghtvigwpcaqzejbcbexicnucjq/Build/Products/Debug-iphonesimulator/PackageFrameworks -F /Users/andrejvysny/Library/Developer/Xcode/DerivedData/Swiftfin-fgghtvigwpcaqzejbcbexicnucjq/Build/Products/Debug-iphonesimulator/PackageFrameworks -F /Users/andrejvysny/Library/Developer/Xcode/DerivedData/Swiftfin-fgghtvigwpcaqzejbcbexicnucjq/Build/Products/Debug-iphonesimulator/PackageFrameworks -F /Users/andrejvysny/Library/Developer/Xcode/DerivedData/Swiftfin-fgghtvigwpcaqzejbcbexicnucjq/Build/Products/Debug-iphonesimulator/PackageFrameworks -F /Users/andrejvysny/Library/Developer/Xcode/DerivedData/Swiftfin-fgghtvigwpcaqzejbcbexicnucjq/Build/Products/Debug-iphonesimulator/PackageFrameworks -F /Users/andrejvysny/Library/Developer/Xcode/DerivedData/Swiftfin-fgghtvigwpcaqzejbcbexicnucjq/Build/Products/Debug-iphonesimulator/PackageFrameworks -F /Users/andrejvysny/Library/Developer/Xcode/DerivedData/Swiftfin-fgghtvigwpcaqzejbcbexicnucjq/Build/Products/Debug-iphonesimulator -emit-localized-strings -emit-localized-strings-path /Users/andrejvysny/Library/Developer/Xcode/DerivedData/Swiftfin-fgghtvigwpcaqzejbcbexicnucjq/Build/Intermediates.noindex/Swiftfin.build/Debug-iphonesimulator/Swiftfin\ iOS.build/Objects-normal/arm64 -c -j14 -enable-batch-mode -incremental -Xcc -ivfsstatcache -Xcc /Users/andrejvysny/Library/Developer/Xcode/DerivedData/SDKStatCaches.noindex/iphonesimulator18.5-22F76-d5fc8ad4295d2ef488fb7d0f804ce0c4.sdkstatcache -output-file-map /Users/andrejvysny/Library/Developer/Xcode/DerivedData/Swiftfin-fgghtvigwpcaqzejbcbexicnucjq/Build/Intermediates.noindex/Swiftfin.build/Debug-iphonesimulator/Swiftfin\ iOS.build/Objects-normal/arm64/Swiftfin\ iOS-OutputFileMap.json -use-frontend-parseable-output -save-temps -no-color-diagnostics -serialize-diagnostics -emit-dependencies -emit-module -emit-module-path /Users/andrejvysny/Library/Developer/Xcode/DerivedData/Swiftfin-fgghtvigwpcaqzejbcbexicnucjq/Build/Intermediates.noindex/Swiftfin.build/Debug-iphonesimulator/Swiftfin\ iOS.build/Objects-normal/arm64/Swiftfin_iOS.swiftmodule -validate-clang-modules-once -clang-build-session-file /Users/andrejvysny/Library/Developer/Xcode/DerivedData/ModuleCache.noindex/Session.modulevalidation -Xcc -I/Users/andrejvysny/Library/Developer/Xcode/DerivedData/Swiftfin-fgghtvigwpcaqzejbcbexicnucjq/Build/Intermediates.noindex/Swiftfin.build/Debug-iphonesimulator/Swiftfin\ iOS.build/swift-overrides.hmap -emit-const-values -Xfrontend -const-gather-protocols-file -Xfrontend /Users/andrejvysny/Library/Developer/Xcode/DerivedData/Swiftfin-fgghtvigwpcaqzejbcbexicnucjq/Build/Intermediates.noindex/Swiftfin.build/Debug-iphonesimulator/Swiftfin\ iOS.build/Objects-normal/arm64/Swiftfin\ iOS_const_extract_protocols.json -Xcc -iquote -Xcc /Users/andrejvysny/Library/Developer/Xcode/DerivedData/Swiftfin-fgghtvigwpcaqzejbcbexicnucjq/Build/Intermediates.noindex/Swiftfin.build/Debug-iphonesimulator/Swiftfin\ iOS.build/Swiftfin\ iOS-generated-files.hmap -Xcc -I/Users/andrejvysny/Library/Developer/Xcode/DerivedData/Swiftfin-fgghtvigwpcaqzejbcbexicnucjq/Build/Intermediates.noindex/Swiftfin.build/Debug-iphonesimulator/Swiftfin\ iOS.build/Swiftfin\ iOS-own-target-headers.hmap -Xcc -I/Users/andrejvysny/Library/Developer/Xcode/DerivedData/Swiftfin-fgghtvigwpcaqzejbcbexicnucjq/Build/Intermediates.noindex/Swiftfin.build/Debug-iphonesimulator/Swiftfin\ iOS.build/Swiftfin\ iOS-all-non-framework-target-headers.hmap -Xcc -ivfsoverlay -Xcc /Users/andrejvysny/Library/Developer/Xcode/DerivedData/Swiftfin-fgghtvigwpcaqzejbcbexicnucjq/Build/Intermediates.noindex/Swiftfin.build/Debug-iphonesimulator/Swiftfin-d54b7e8652d2f308a8f9faa5ac442b3e-VFS-iphonesimulator/all-product-headers.yaml -Xcc -iquote -Xcc /Users/andrejvysny/Library/Developer/Xcode/DerivedData/Swiftfin-fgghtvigwpcaqzejbcbexicnucjq/Build/Intermediates.noindex/Swiftfin.build/Debug-iphonesimulator/Swiftfin\ iOS.build/Swiftfin\ iOS-project-headers.hmap -Xcc -I/Users/andrejvysny/Library/Developer/Xcode/DerivedData/Swiftfin-fgghtvigwpcaqzejbcbexicnucjq/SourcePackages/checkouts/swift-numerics/Sources/_NumericsShims/include -Xcc -I/Users/andrejvysny/Library/Developer/Xcode/DerivedData/Swiftfin-fgghtvigwpcaqzejbcbexicnucjq/SourcePackages/checkouts/CocoaLumberjack/Sources/CocoaLumberjack/include -Xcc -I/Users/andrejvysny/Library/Developer/Xcode/DerivedData/Swiftfin-fgghtvigwpcaqzejbcbexicnucjq/SourcePackages/checkouts/SVGKit/Source/include -Xcc -I/Users/andrejvysny/Library/Developer/Xcode/DerivedData/Swiftfin-fgghtvigwpcaqzejbcbexicnucjq/Build/Products/Debug-iphonesimulator/include -Xcc -I/Users/andrejvysny/Library/Developer/Xcode/DerivedData/Swiftfin-fgghtvigwpcaqzejbcbexicnucjq/Build/Intermediates.noindex/Swiftfin.build/Debug-iphonesimulator/Swiftfin\ iOS.build/DerivedSources-normal/arm64 -Xcc -I/Users/andrejvysny/Library/Developer/Xcode/DerivedData/Swiftfin-fgghtvigwpcaqzejbcbexicnucjq/Build/Intermediates.noindex/Swiftfin.build/Debug-iphonesimulator/Swiftfin\ iOS.build/DerivedSources/arm64 -Xcc -I/Users/andrejvysny/Library/Developer/Xcode/DerivedData/Swiftfin-fgghtvigwpcaqzejbcbexicnucjq/Build/Intermediates.noindex/Swiftfin.build/Debug-iphonesimulator/Swiftfin\ iOS.build/DerivedSources -Xcc -DDEBUG\=1 -emit-objc-header -emit-objc-header-path /Users/andrejvysny/Library/Developer/Xcode/DerivedData/Swiftfin-fgghtvigwpcaqzejbcbexicnucjq/Build/Intermediates.noindex/Swiftfin.build/Debug-iphonesimulator/Swiftfin\ iOS.build/Objects-normal/arm64/Swiftfin_iOS-Swift.h -working-directory /Users/andrejvysny/andrejvysny/Swiftfin -experimental-emit-module-separately -disable-cmo

CompileAssetCatalogVariant thinned /Users/andrejvysny/Library/Developer/Xcode/DerivedData/Swiftfin-fgghtvigwpcaqzejbcbexicnucjq/Build/Products/Debug-iphonesimulator/Swiftfin\ iOS.app /Users/andrejvysny/andrejvysny/Swiftfin/Swiftfin/Resources/Assets.xcassets (in target 'Swiftfin iOS' from project 'Swiftfin')
    cd /Users/andrejvysny/andrejvysny/Swiftfin
    /Applications/Xcode.app/Contents/Developer/usr/bin/actool /Users/andrejvysny/andrejvysny/Swiftfin/Swiftfin/Resources/Assets.xcassets --compile /Users/andrejvysny/Library/Developer/Xcode/DerivedData/Swiftfin-fgghtvigwpcaqzejbcbexicnucjq/Build/Intermediates.noindex/Swiftfin.build/Debug-iphonesimulator/Swiftfin\ iOS.build/assetcatalog_output/thinned --output-format human-readable-text --notices --warnings --export-dependency-info /Users/andrejvysny/Library/Developer/Xcode/DerivedData/Swiftfin-fgghtvigwpcaqzejbcbexicnucjq/Build/Intermediates.noindex/Swiftfin.build/Debug-iphonesimulator/Swiftfin\ iOS.build/assetcatalog_dependencies_thinned --output-partial-info-plist /Users/andrejvysny/Library/Developer/Xcode/DerivedData/Swiftfin-fgghtvigwpcaqzejbcbexicnucjq/Build/Intermediates.noindex/Swiftfin.build/Debug-iphonesimulator/Swiftfin\ iOS.build/assetcatalog_generated_info.plist_thinned --app-icon AppIcon-primary-primary --include-all-app-icons --compress-pngs --enable-on-demand-resources YES --filter-for-thinning-device-configuration iPhone17,3 --filter-for-device-os-version 18.5 --development-region en --target-device iphone --target-device ipad --minimum-deployment-target 16.6 --platform iphonesimulator
/* com.apple.actool.compilation-results */
/Users/andrejvysny/Library/Developer/Xcode/DerivedData/Swiftfin-fgghtvigwpcaqzejbcbexicnucjq/Build/Intermediates.noindex/Swiftfin.build/Debug-iphonesimulator/Swiftfin iOS.build/assetcatalog_generated_info.plist_thinned
/Users/andrejvysny/Library/Developer/Xcode/DerivedData/Swiftfin-fgghtvigwpcaqzejbcbexicnucjq/Build/Intermediates.noindex/Swiftfin.build/Debug-iphonesimulator/Swiftfin iOS.build/assetcatalog_output/thinned/AppIcon-primary-primary60x60@2x.png
/Users/andrejvysny/Library/Developer/Xcode/DerivedData/Swiftfin-fgghtvigwpcaqzejbcbexicnucjq/Build/Intermediates.noindex/Swiftfin.build/Debug-iphonesimulator/Swiftfin iOS.build/assetcatalog_output/thinned/AppIcon-primary-primary76x76@2x~ipad.png
/Users/andrejvysny/Library/Developer/Xcode/DerivedData/Swiftfin-fgghtvigwpcaqzejbcbexicnucjq/Build/Intermediates.noindex/Swiftfin.build/Debug-iphonesimulator/Swiftfin iOS.build/assetcatalog_output/thinned/Assets.car


SwiftCompile normal arm64 Compiling\ ItemDownloadListView.swift /Users/andrejvysny/andrejvysny/Swiftfin/Swiftfin/Views/ItemDownloadListView.swift (in target 'Swiftfin iOS' from project 'Swiftfin')

SwiftCompile normal arm64 /Users/andrejvysny/andrejvysny/Swiftfin/Swiftfin/Views/ItemDownloadListView.swift (in target 'Swiftfin iOS' from project 'Swiftfin')
    cd /Users/andrejvysny/andrejvysny/Swiftfin
    
/Users/andrejvysny/andrejvysny/Swiftfin/Shared/ViewModels/ViewModel.swift:22:17: warning: 'logService' is deprecated: Use `Logger.swiftfin()` instances instead
    @Injected(\.logService)
                ^

SwiftEmitModule normal arm64 Emitting\ module\ for\ Swiftfin_iOS (in target 'Swiftfin iOS' from project 'Swiftfin')

EmitSwiftModule normal arm64 (in target 'Swiftfin iOS' from project 'Swiftfin')
    cd /Users/andrejvysny/andrejvysny/Swiftfin
    
/Users/andrejvysny/andrejvysny/Swiftfin/Swiftfin/Views/ItemView/Components/ActionButtonHStack/Components/TrailerMenu.swift:17:21: warning: 'logService' is deprecated: Use `Logger.swiftfin()` instances instead
        @Injected(\.logService)
                    ^
/Users/andrejvysny/andrejvysny/Swiftfin/Shared/ServerDiscovery/ServerDiscovery.swift:16:17: warning: 'logService' is deprecated: Use `Logger.swiftfin()` instances instead
    @Injected(\.logService)
                ^
/Users/andrejvysny/andrejvysny/Swiftfin/Shared/ViewModels/ViewModel.swift:22:17: warning: 'logService' is deprecated: Use `Logger.swiftfin()` instances instead
    @Injected(\.logService)
                ^
/Users/andrejvysny/andrejvysny/Swiftfin/Shared/ViewModels/AdminDashboard/ActiveSessionsViewModel.swift:54:9: warning: main actor-isolated property 'backgroundStates' cannot be used to satisfy nonisolated requirement from protocol 'Stateful'; this is an error in the Swift 6 language mode
    var backgroundStates: Set<BackgroundState> = []
        ^
/Users/andrejvysny/andrejvysny/Swiftfin/Shared/ViewModels/AdminDashboard/ActiveSessionsViewModel.swift:16:49: note: add '@preconcurrency' to the 'Stateful' conformance to defer isolation checking to run time
final class ActiveSessionsViewModel: ViewModel, Stateful {
                                                ^
                                                @preconcurrency 
/Users/andrejvysny/andrejvysny/Swiftfin/Shared/Objects/Stateful.swift:24:9: note: requirement 'backgroundStates' declared here
    var backgroundStates: Set<BackgroundState> { get set }
        ^
/Users/andrejvysny/andrejvysny/Swiftfin/Shared/ViewModels/AdminDashboard/ActiveSessionsViewModel.swift:58:9: warning: main actor-isolated property 'state' cannot be used to satisfy nonisolated requirement from protocol 'Stateful'; this is an error in the Swift 6 language mode
    var state: State = .initial
        ^
/Users/andrejvysny/andrejvysny/Swiftfin/Shared/Objects/Stateful.swift:26:9: note: requirement 'state' declared here
    var state: State { get set }
        ^

SwiftDriverJobDiscovery normal arm64 Compiling ItemDownloadListView.swift (in target 'Swiftfin iOS' from project 'Swiftfin')

SwiftDriverJobDiscovery normal arm64 Emitting module for Swiftfin_iOS (in target 'Swiftfin iOS' from project 'Swiftfin')

SwiftDriver\ Compilation\ Requirements Swiftfin\ iOS normal arm64 com.apple.xcode.tools.swift.compiler (in target 'Swiftfin iOS' from project 'Swiftfin')
    cd /Users/andrejvysny/andrejvysny/Swiftfin
    builtin-Swift-Compilation-Requirements -- /Applications/Xcode.app/Contents/Developer/Toolchains/XcodeDefault.xctoolchain/usr/bin/swiftc -module-name Swiftfin_iOS -Onone -enforce-exclusivity\=checked @/Users/andrejvysny/Library/Developer/Xcode/DerivedData/Swiftfin-fgghtvigwpcaqzejbcbexicnucjq/Build/Intermediates.noindex/Swiftfin.build/Debug-iphonesimulator/Swiftfin\ iOS.build/Objects-normal/arm64/Swiftfin\ iOS.SwiftFileList -DDEBUG -Xcc -fmodule-map-file\=/Users/andrejvysny/Library/Developer/Xcode/DerivedData/Swiftfin-fgghtvigwpcaqzejbcbexicnucjq/Build/Intermediates.noindex/GeneratedModuleMaps-iphonesimulator/CocoaLumberjack.modulemap -Xcc -fmodule-map-file\=/Users/andrejvysny/Library/Developer/Xcode/DerivedData/Swiftfin-fgghtvigwpcaqzejbcbexicnucjq/Build/Intermediates.noindex/GeneratedModuleMaps-iphonesimulator/SVGKit.modulemap -Xfrontend -warn-long-expression-type-checking\=200 -enable-bare-slash-regex -enable-experimental-feature DebugDescriptionMacro -sdk /Applications/Xcode.app/Contents/Developer/Platforms/iPhoneSimulator.platform/Developer/SDKs/iPhoneSimulator18.5.sdk -target arm64-apple-ios16.6-simulator -g -module-cache-path /Users/andrejvysny/Library/Developer/Xcode/DerivedData/ModuleCache.noindex -Xfrontend -serialize-debugging-options -enable-testing -index-store-path /Users/andrejvysny/Library/Developer/Xcode/DerivedData/Swiftfin-fgghtvigwpcaqzejbcbexicnucjq/Index.noindex/DataStore -swift-version 5 -I /Users/andrejvysny/Library/Developer/Xcode/DerivedData/Swiftfin-fgghtvigwpcaqzejbcbexicnucjq/Build/Products/Debug-iphonesimulator -F /Users/andrejvysny/Library/Developer/Xcode/DerivedData/Swiftfin-fgghtvigwpcaqzejbcbexicnucjq/Build/Products/Debug-iphonesimulator/PackageFrameworks -F /Users/andrejvysny/Library/Developer/Xcode/DerivedData/Swiftfin-fgghtvigwpcaqzejbcbexicnucjq/Build/Products/Debug-iphonesimulator/PackageFrameworks -F /Users/andrejvysny/Library/Developer/Xcode/DerivedData/Swiftfin-fgghtvigwpcaqzejbcbexicnucjq/Build/Products/Debug-iphonesimulator/PackageFrameworks -F /Users/andrejvysny/Library/Developer/Xcode/DerivedData/Swiftfin-fgghtvigwpcaqzejbcbexicnucjq/Build/Products/Debug-iphonesimulator/PackageFrameworks -F /Users/andrejvysny/Library/Developer/Xcode/DerivedData/Swiftfin-fgghtvigwpcaqzejbcbexicnucjq/Build/Products/Debug-iphonesimulator/PackageFrameworks -F /Users/andrejvysny/Library/Developer/Xcode/DerivedData/Swiftfin-fgghtvigwpcaqzejbcbexicnucjq/Build/Products/Debug-iphonesimulator/PackageFrameworks -F /Users/andrejvysny/Library/Developer/Xcode/DerivedData/Swiftfin-fgghtvigwpcaqzejbcbexicnucjq/Build/Products/Debug-iphonesimulator/PackageFrameworks -F /Users/andrejvysny/Library/Developer/Xcode/DerivedData/Swiftfin-fgghtvigwpcaqzejbcbexicnucjq/Build/Products/Debug-iphonesimulator/PackageFrameworks -F /Users/andrejvysny/Library/Developer/Xcode/DerivedData/Swiftfin-fgghtvigwpcaqzejbcbexicnucjq/Build/Products/Debug-iphonesimulator/PackageFrameworks -F /Users/andrejvysny/Library/Developer/Xcode/DerivedData/Swiftfin-fgghtvigwpcaqzejbcbexicnucjq/Build/Products/Debug-iphonesimulator/PackageFrameworks -F /Users/andrejvysny/Library/Developer/Xcode/DerivedData/Swiftfin-fgghtvigwpcaqzejbcbexicnucjq/Build/Products/Debug-iphonesimulator/PackageFrameworks -F /Users/andrejvysny/Library/Developer/Xcode/DerivedData/Swiftfin-fgghtvigwpcaqzejbcbexicnucjq/Build/Products/Debug-iphonesimulator/PackageFrameworks -F /Users/andrejvysny/Library/Developer/Xcode/DerivedData/Swiftfin-fgghtvigwpcaqzejbcbexicnucjq/Build/Products/Debug-iphonesimulator/PackageFrameworks -F /Users/andrejvysny/Library/Developer/Xcode/DerivedData/Swiftfin-fgghtvigwpcaqzejbcbexicnucjq/Build/Products/Debug-iphonesimulator/PackageFrameworks -F /Users/andrejvysny/Library/Developer/Xcode/DerivedData/Swiftfin-fgghtvigwpcaqzejbcbexicnucjq/Build/Products/Debug-iphonesimulator/PackageFrameworks -F /Users/andrejvysny/Library/Developer/Xcode/DerivedData/Swiftfin-fgghtvigwpcaqzejbcbexicnucjq/Build/Products/Debug-iphonesimulator/PackageFrameworks -F /Users/andrejvysny/Library/Developer/Xcode/DerivedData/Swiftfin-fgghtvigwpcaqzejbcbexicnucjq/Build/Products/Debug-iphonesimulator/PackageFrameworks -F /Users/andrejvysny/Library/Developer/Xcode/DerivedData/Swiftfin-fgghtvigwpcaqzejbcbexicnucjq/Build/Products/Debug-iphonesimulator/PackageFrameworks -F /Users/andrejvysny/Library/Developer/Xcode/DerivedData/Swiftfin-fgghtvigwpcaqzejbcbexicnucjq/Build/Products/Debug-iphonesimulator/PackageFrameworks -F /Users/andrejvysny/Library/Developer/Xcode/DerivedData/Swiftfin-fgghtvigwpcaqzejbcbexicnucjq/Build/Products/Debug-iphonesimulator/PackageFrameworks -F /Users/andrejvysny/Library/Developer/Xcode/DerivedData/Swiftfin-fgghtvigwpcaqzejbcbexicnucjq/Build/Products/Debug-iphonesimulator/PackageFrameworks -F /Users/andrejvysny/Library/Developer/Xcode/DerivedData/Swiftfin-fgghtvigwpcaqzejbcbexicnucjq/Build/Products/Debug-iphonesimulator/PackageFrameworks -F /Users/andrejvysny/Library/Developer/Xcode/DerivedData/Swiftfin-fgghtvigwpcaqzejbcbexicnucjq/Build/Products/Debug-iphonesimulator/PackageFrameworks -F /Users/andrejvysny/Library/Developer/Xcode/DerivedData/Swiftfin-fgghtvigwpcaqzejbcbexicnucjq/Build/Products/Debug-iphonesimulator/PackageFrameworks -F /Users/andrejvysny/Library/Developer/Xcode/DerivedData/Swiftfin-fgghtvigwpcaqzejbcbexicnucjq/Build/Products/Debug-iphonesimulator/PackageFrameworks -F /Users/andrejvysny/Library/Developer/Xcode/DerivedData/Swiftfin-fgghtvigwpcaqzejbcbexicnucjq/Build/Products/Debug-iphonesimulator/PackageFrameworks -F /Users/andrejvysny/Library/Developer/Xcode/DerivedData/Swiftfin-fgghtvigwpcaqzejbcbexicnucjq/Build/Products/Debug-iphonesimulator/PackageFrameworks -F /Users/andrejvysny/Library/Developer/Xcode/DerivedData/Swiftfin-fgghtvigwpcaqzejbcbexicnucjq/Build/Products/Debug-iphonesimulator/PackageFrameworks -F /Users/andrejvysny/Library/Developer/Xcode/DerivedData/Swiftfin-fgghtvigwpcaqzejbcbexicnucjq/Build/Products/Debug-iphonesimulator/PackageFrameworks -F /Users/andrejvysny/Library/Developer/Xcode/DerivedData/Swiftfin-fgghtvigwpcaqzejbcbexicnucjq/Build/Products/Debug-iphonesimulator/PackageFrameworks -F /Users/andrejvysny/Library/Developer/Xcode/DerivedData/Swiftfin-fgghtvigwpcaqzejbcbexicnucjq/Build/Products/Debug-iphonesimulator/PackageFrameworks -F /Users/andrejvysny/Library/Developer/Xcode/DerivedData/Swiftfin-fgghtvigwpcaqzejbcbexicnucjq/Build/Products/Debug-iphonesimulator -emit-localized-strings -emit-localized-strings-path /Users/andrejvysny/Library/Developer/Xcode/DerivedData/Swiftfin-fgghtvigwpcaqzejbcbexicnucjq/Build/Intermediates.noindex/Swiftfin.build/Debug-iphonesimulator/Swiftfin\ iOS.build/Objects-normal/arm64 -c -j14 -enable-batch-mode -incremental -Xcc -ivfsstatcache -Xcc /Users/andrejvysny/Library/Developer/Xcode/DerivedData/SDKStatCaches.noindex/iphonesimulator18.5-22F76-d5fc8ad4295d2ef488fb7d0f804ce0c4.sdkstatcache -output-file-map /Users/andrejvysny/Library/Developer/Xcode/DerivedData/Swiftfin-fgghtvigwpcaqzejbcbexicnucjq/Build/Intermediates.noindex/Swiftfin.build/Debug-iphonesimulator/Swiftfin\ iOS.build/Objects-normal/arm64/Swiftfin\ iOS-OutputFileMap.json -use-frontend-parseable-output -save-temps -no-color-diagnostics -serialize-diagnostics -emit-dependencies -emit-module -emit-module-path /Users/andrejvysny/Library/Developer/Xcode/DerivedData/Swiftfin-fgghtvigwpcaqzejbcbexicnucjq/Build/Intermediates.noindex/Swiftfin.build/Debug-iphonesimulator/Swiftfin\ iOS.build/Objects-normal/arm64/Swiftfin_iOS.swiftmodule -validate-clang-modules-once -clang-build-session-file /Users/andrejvysny/Library/Developer/Xcode/DerivedData/ModuleCache.noindex/Session.modulevalidation -Xcc -I/Users/andrejvysny/Library/Developer/Xcode/DerivedData/Swiftfin-fgghtvigwpcaqzejbcbexicnucjq/Build/Intermediates.noindex/Swiftfin.build/Debug-iphonesimulator/Swiftfin\ iOS.build/swift-overrides.hmap -emit-const-values -Xfrontend -const-gather-protocols-file -Xfrontend /Users/andrejvysny/Library/Developer/Xcode/DerivedData/Swiftfin-fgghtvigwpcaqzejbcbexicnucjq/Build/Intermediates.noindex/Swiftfin.build/Debug-iphonesimulator/Swiftfin\ iOS.build/Objects-normal/arm64/Swiftfin\ iOS_const_extract_protocols.json -Xcc -iquote -Xcc /Users/andrejvysny/Library/Developer/Xcode/DerivedData/Swiftfin-fgghtvigwpcaqzejbcbexicnucjq/Build/Intermediates.noindex/Swiftfin.build/Debug-iphonesimulator/Swiftfin\ iOS.build/Swiftfin\ iOS-generated-files.hmap -Xcc -I/Users/andrejvysny/Library/Developer/Xcode/DerivedData/Swiftfin-fgghtvigwpcaqzejbcbexicnucjq/Build/Intermediates.noindex/Swiftfin.build/Debug-iphonesimulator/Swiftfin\ iOS.build/Swiftfin\ iOS-own-target-headers.hmap -Xcc -I/Users/andrejvysny/Library/Developer/Xcode/DerivedData/Swiftfin-fgghtvigwpcaqzejbcbexicnucjq/Build/Intermediates.noindex/Swiftfin.build/Debug-iphonesimulator/Swiftfin\ iOS.build/Swiftfin\ iOS-all-non-framework-target-headers.hmap -Xcc -ivfsoverlay -Xcc /Users/andrejvysny/Library/Developer/Xcode/DerivedData/Swiftfin-fgghtvigwpcaqzejbcbexicnucjq/Build/Intermediates.noindex/Swiftfin.build/Debug-iphonesimulator/Swiftfin-d54b7e8652d2f308a8f9faa5ac442b3e-VFS-iphonesimulator/all-product-headers.yaml -Xcc -iquote -Xcc /Users/andrejvysny/Library/Developer/Xcode/DerivedData/Swiftfin-fgghtvigwpcaqzejbcbexicnucjq/Build/Intermediates.noindex/Swiftfin.build/Debug-iphonesimulator/Swiftfin\ iOS.build/Swiftfin\ iOS-project-headers.hmap -Xcc -I/Users/andrejvysny/Library/Developer/Xcode/DerivedData/Swiftfin-fgghtvigwpcaqzejbcbexicnucjq/SourcePackages/checkouts/swift-numerics/Sources/_NumericsShims/include -Xcc -I/Users/andrejvysny/Library/Developer/Xcode/DerivedData/Swiftfin-fgghtvigwpcaqzejbcbexicnucjq/SourcePackages/checkouts/CocoaLumberjack/Sources/CocoaLumberjack/include -Xcc -I/Users/andrejvysny/Library/Developer/Xcode/DerivedData/Swiftfin-fgghtvigwpcaqzejbcbexicnucjq/SourcePackages/checkouts/SVGKit/Source/include -Xcc -I/Users/andrejvysny/Library/Developer/Xcode/DerivedData/Swiftfin-fgghtvigwpcaqzejbcbexicnucjq/Build/Products/Debug-iphonesimulator/include -Xcc -I/Users/andrejvysny/Library/Developer/Xcode/DerivedData/Swiftfin-fgghtvigwpcaqzejbcbexicnucjq/Build/Intermediates.noindex/Swiftfin.build/Debug-iphonesimulator/Swiftfin\ iOS.build/DerivedSources-normal/arm64 -Xcc -I/Users/andrejvysny/Library/Developer/Xcode/DerivedData/Swiftfin-fgghtvigwpcaqzejbcbexicnucjq/Build/Intermediates.noindex/Swiftfin.build/Debug-iphonesimulator/Swiftfin\ iOS.build/DerivedSources/arm64 -Xcc -I/Users/andrejvysny/Library/Developer/Xcode/DerivedData/Swiftfin-fgghtvigwpcaqzejbcbexicnucjq/Build/Intermediates.noindex/Swiftfin.build/Debug-iphonesimulator/Swiftfin\ iOS.build/DerivedSources -Xcc -DDEBUG\=1 -emit-objc-header -emit-objc-header-path /Users/andrejvysny/Library/Developer/Xcode/DerivedData/Swiftfin-fgghtvigwpcaqzejbcbexicnucjq/Build/Intermediates.noindex/Swiftfin.build/Debug-iphonesimulator/Swiftfin\ iOS.build/Objects-normal/arm64/Swiftfin_iOS-Swift.h -working-directory /Users/andrejvysny/andrejvysny/Swiftfin -experimental-emit-module-separately -disable-cmo

SwiftDriver\ Compilation Swiftfin\ iOS normal arm64 com.apple.xcode.tools.swift.compiler (in target 'Swiftfin iOS' from project 'Swiftfin')
    cd /Users/andrejvysny/andrejvysny/Swiftfin
    builtin-Swift-Compilation -- /Applications/Xcode.app/Contents/Developer/Toolchains/XcodeDefault.xctoolchain/usr/bin/swiftc -module-name Swiftfin_iOS -Onone -enforce-exclusivity\=checked @/Users/andrejvysny/Library/Developer/Xcode/DerivedData/Swiftfin-fgghtvigwpcaqzejbcbexicnucjq/Build/Intermediates.noindex/Swiftfin.build/Debug-iphonesimulator/Swiftfin\ iOS.build/Objects-normal/arm64/Swiftfin\ iOS.SwiftFileList -DDEBUG -Xcc -fmodule-map-file\=/Users/andrejvysny/Library/Developer/Xcode/DerivedData/Swiftfin-fgghtvigwpcaqzejbcbexicnucjq/Build/Intermediates.noindex/GeneratedModuleMaps-iphonesimulator/CocoaLumberjack.modulemap -Xcc -fmodule-map-file\=/Users/andrejvysny/Library/Developer/Xcode/DerivedData/Swiftfin-fgghtvigwpcaqzejbcbexicnucjq/Build/Intermediates.noindex/GeneratedModuleMaps-iphonesimulator/SVGKit.modulemap -Xfrontend -warn-long-expression-type-checking\=200 -enable-bare-slash-regex -enable-experimental-feature DebugDescriptionMacro -sdk /Applications/Xcode.app/Contents/Developer/Platforms/iPhoneSimulator.platform/Developer/SDKs/iPhoneSimulator18.5.sdk -target arm64-apple-ios16.6-simulator -g -module-cache-path /Users/andrejvysny/Library/Developer/Xcode/DerivedData/ModuleCache.noindex -Xfrontend -serialize-debugging-options -enable-testing -index-store-path /Users/andrejvysny/Library/Developer/Xcode/DerivedData/Swiftfin-fgghtvigwpcaqzejbcbexicnucjq/Index.noindex/DataStore -swift-version 5 -I /Users/andrejvysny/Library/Developer/Xcode/DerivedData/Swiftfin-fgghtvigwpcaqzejbcbexicnucjq/Build/Products/Debug-iphonesimulator -F /Users/andrejvysny/Library/Developer/Xcode/DerivedData/Swiftfin-fgghtvigwpcaqzejbcbexicnucjq/Build/Products/Debug-iphonesimulator/PackageFrameworks -F /Users/andrejvysny/Library/Developer/Xcode/DerivedData/Swiftfin-fgghtvigwpcaqzejbcbexicnucjq/Build/Products/Debug-iphonesimulator/PackageFrameworks -F /Users/andrejvysny/Library/Developer/Xcode/DerivedData/Swiftfin-fgghtvigwpcaqzejbcbexicnucjq/Build/Products/Debug-iphonesimulator/PackageFrameworks -F /Users/andrejvysny/Library/Developer/Xcode/DerivedData/Swiftfin-fgghtvigwpcaqzejbcbexicnucjq/Build/Products/Debug-iphonesimulator/PackageFrameworks -F /Users/andrejvysny/Library/Developer/Xcode/DerivedData/Swiftfin-fgghtvigwpcaqzejbcbexicnucjq/Build/Products/Debug-iphonesimulator/PackageFrameworks -F /Users/andrejvysny/Library/Developer/Xcode/DerivedData/Swiftfin-fgghtvigwpcaqzejbcbexicnucjq/Build/Products/Debug-iphonesimulator/PackageFrameworks -F /Users/andrejvysny/Library/Developer/Xcode/DerivedData/Swiftfin-fgghtvigwpcaqzejbcbexicnucjq/Build/Products/Debug-iphonesimulator/PackageFrameworks -F /Users/andrejvysny/Library/Developer/Xcode/DerivedData/Swiftfin-fgghtvigwpcaqzejbcbexicnucjq/Build/Products/Debug-iphonesimulator/PackageFrameworks -F /Users/andrejvysny/Library/Developer/Xcode/DerivedData/Swiftfin-fgghtvigwpcaqzejbcbexicnucjq/Build/Products/Debug-iphonesimulator/PackageFrameworks -F /Users/andrejvysny/Library/Developer/Xcode/DerivedData/Swiftfin-fgghtvigwpcaqzejbcbexicnucjq/Build/Products/Debug-iphonesimulator/PackageFrameworks -F /Users/andrejvysny/Library/Developer/Xcode/DerivedData/Swiftfin-fgghtvigwpcaqzejbcbexicnucjq/Build/Products/Debug-iphonesimulator/PackageFrameworks -F /Users/andrejvysny/Library/Developer/Xcode/DerivedData/Swiftfin-fgghtvigwpcaqzejbcbexicnucjq/Build/Products/Debug-iphonesimulator/PackageFrameworks -F /Users/andrejvysny/Library/Developer/Xcode/DerivedData/Swiftfin-fgghtvigwpcaqzejbcbexicnucjq/Build/Products/Debug-iphonesimulator/PackageFrameworks -F /Users/andrejvysny/Library/Developer/Xcode/DerivedData/Swiftfin-fgghtvigwpcaqzejbcbexicnucjq/Build/Products/Debug-iphonesimulator/PackageFrameworks -F /Users/andrejvysny/Library/Developer/Xcode/DerivedData/Swiftfin-fgghtvigwpcaqzejbcbexicnucjq/Build/Products/Debug-iphonesimulator/PackageFrameworks -F /Users/andrejvysny/Library/Developer/Xcode/DerivedData/Swiftfin-fgghtvigwpcaqzejbcbexicnucjq/Build/Products/Debug-iphonesimulator/PackageFrameworks -F /Users/andrejvysny/Library/Developer/Xcode/DerivedData/Swiftfin-fgghtvigwpcaqzejbcbexicnucjq/Build/Products/Debug-iphonesimulator/PackageFrameworks -F /Users/andrejvysny/Library/Developer/Xcode/DerivedData/Swiftfin-fgghtvigwpcaqzejbcbexicnucjq/Build/Products/Debug-iphonesimulator/PackageFrameworks -F /Users/andrejvysny/Library/Developer/Xcode/DerivedData/Swiftfin-fgghtvigwpcaqzejbcbexicnucjq/Build/Products/Debug-iphonesimulator/PackageFrameworks -F /Users/andrejvysny/Library/Developer/Xcode/DerivedData/Swiftfin-fgghtvigwpcaqzejbcbexicnucjq/Build/Products/Debug-iphonesimulator/PackageFrameworks -F /Users/andrejvysny/Library/Developer/Xcode/DerivedData/Swiftfin-fgghtvigwpcaqzejbcbexicnucjq/Build/Products/Debug-iphonesimulator/PackageFrameworks -F /Users/andrejvysny/Library/Developer/Xcode/DerivedData/Swiftfin-fgghtvigwpcaqzejbcbexicnucjq/Build/Products/Debug-iphonesimulator/PackageFrameworks -F /Users/andrejvysny/Library/Developer/Xcode/DerivedData/Swiftfin-fgghtvigwpcaqzejbcbexicnucjq/Build/Products/Debug-iphonesimulator/PackageFrameworks -F /Users/andrejvysny/Library/Developer/Xcode/DerivedData/Swiftfin-fgghtvigwpcaqzejbcbexicnucjq/Build/Products/Debug-iphonesimulator/PackageFrameworks -F /Users/andrejvysny/Library/Developer/Xcode/DerivedData/Swiftfin-fgghtvigwpcaqzejbcbexicnucjq/Build/Products/Debug-iphonesimulator/PackageFrameworks -F /Users/andrejvysny/Library/Developer/Xcode/DerivedData/Swiftfin-fgghtvigwpcaqzejbcbexicnucjq/Build/Products/Debug-iphonesimulator/PackageFrameworks -F /Users/andrejvysny/Library/Developer/Xcode/DerivedData/Swiftfin-fgghtvigwpcaqzejbcbexicnucjq/Build/Products/Debug-iphonesimulator/PackageFrameworks -F /Users/andrejvysny/Library/Developer/Xcode/DerivedData/Swiftfin-fgghtvigwpcaqzejbcbexicnucjq/Build/Products/Debug-iphonesimulator/PackageFrameworks -F /Users/andrejvysny/Library/Developer/Xcode/DerivedData/Swiftfin-fgghtvigwpcaqzejbcbexicnucjq/Build/Products/Debug-iphonesimulator/PackageFrameworks -F /Users/andrejvysny/Library/Developer/Xcode/DerivedData/Swiftfin-fgghtvigwpcaqzejbcbexicnucjq/Build/Products/Debug-iphonesimulator/PackageFrameworks -F /Users/andrejvysny/Library/Developer/Xcode/DerivedData/Swiftfin-fgghtvigwpcaqzejbcbexicnucjq/Build/Products/Debug-iphonesimulator/PackageFrameworks -F /Users/andrejvysny/Library/Developer/Xcode/DerivedData/Swiftfin-fgghtvigwpcaqzejbcbexicnucjq/Build/Products/Debug-iphonesimulator -emit-localized-strings -emit-localized-strings-path /Users/andrejvysny/Library/Developer/Xcode/DerivedData/Swiftfin-fgghtvigwpcaqzejbcbexicnucjq/Build/Intermediates.noindex/Swiftfin.build/Debug-iphonesimulator/Swiftfin\ iOS.build/Objects-normal/arm64 -c -j14 -enable-batch-mode -incremental -Xcc -ivfsstatcache -Xcc /Users/andrejvysny/Library/Developer/Xcode/DerivedData/SDKStatCaches.noindex/iphonesimulator18.5-22F76-d5fc8ad4295d2ef488fb7d0f804ce0c4.sdkstatcache -output-file-map /Users/andrejvysny/Library/Developer/Xcode/DerivedData/Swiftfin-fgghtvigwpcaqzejbcbexicnucjq/Build/Intermediates.noindex/Swiftfin.build/Debug-iphonesimulator/Swiftfin\ iOS.build/Objects-normal/arm64/Swiftfin\ iOS-OutputFileMap.json -use-frontend-parseable-output -save-temps -no-color-diagnostics -serialize-diagnostics -emit-dependencies -emit-module -emit-module-path /Users/andrejvysny/Library/Developer/Xcode/DerivedData/Swiftfin-fgghtvigwpcaqzejbcbexicnucjq/Build/Intermediates.noindex/Swiftfin.build/Debug-iphonesimulator/Swiftfin\ iOS.build/Objects-normal/arm64/Swiftfin_iOS.swiftmodule -validate-clang-modules-once -clang-build-session-file /Users/andrejvysny/Library/Developer/Xcode/DerivedData/ModuleCache.noindex/Session.modulevalidation -Xcc -I/Users/andrejvysny/Library/Developer/Xcode/DerivedData/Swiftfin-fgghtvigwpcaqzejbcbexicnucjq/Build/Intermediates.noindex/Swiftfin.build/Debug-iphonesimulator/Swiftfin\ iOS.build/swift-overrides.hmap -emit-const-values -Xfrontend -const-gather-protocols-file -Xfrontend /Users/andrejvysny/Library/Developer/Xcode/DerivedData/Swiftfin-fgghtvigwpcaqzejbcbexicnucjq/Build/Intermediates.noindex/Swiftfin.build/Debug-iphonesimulator/Swiftfin\ iOS.build/Objects-normal/arm64/Swiftfin\ iOS_const_extract_protocols.json -Xcc -iquote -Xcc /Users/andrejvysny/Library/Developer/Xcode/DerivedData/Swiftfin-fgghtvigwpcaqzejbcbexicnucjq/Build/Intermediates.noindex/Swiftfin.build/Debug-iphonesimulator/Swiftfin\ iOS.build/Swiftfin\ iOS-generated-files.hmap -Xcc -I/Users/andrejvysny/Library/Developer/Xcode/DerivedData/Swiftfin-fgghtvigwpcaqzejbcbexicnucjq/Build/Intermediates.noindex/Swiftfin.build/Debug-iphonesimulator/Swiftfin\ iOS.build/Swiftfin\ iOS-own-target-headers.hmap -Xcc -I/Users/andrejvysny/Library/Developer/Xcode/DerivedData/Swiftfin-fgghtvigwpcaqzejbcbexicnucjq/Build/Intermediates.noindex/Swiftfin.build/Debug-iphonesimulator/Swiftfin\ iOS.build/Swiftfin\ iOS-all-non-framework-target-headers.hmap -Xcc -ivfsoverlay -Xcc /Users/andrejvysny/Library/Developer/Xcode/DerivedData/Swiftfin-fgghtvigwpcaqzejbcbexicnucjq/Build/Intermediates.noindex/Swiftfin.build/Debug-iphonesimulator/Swiftfin-d54b7e8652d2f308a8f9faa5ac442b3e-VFS-iphonesimulator/all-product-headers.yaml -Xcc -iquote -Xcc /Users/andrejvysny/Library/Developer/Xcode/DerivedData/Swiftfin-fgghtvigwpcaqzejbcbexicnucjq/Build/Intermediates.noindex/Swiftfin.build/Debug-iphonesimulator/Swiftfin\ iOS.build/Swiftfin\ iOS-project-headers.hmap -Xcc -I/Users/andrejvysny/Library/Developer/Xcode/DerivedData/Swiftfin-fgghtvigwpcaqzejbcbexicnucjq/SourcePackages/checkouts/swift-numerics/Sources/_NumericsShims/include -Xcc -I/Users/andrejvysny/Library/Developer/Xcode/DerivedData/Swiftfin-fgghtvigwpcaqzejbcbexicnucjq/SourcePackages/checkouts/CocoaLumberjack/Sources/CocoaLumberjack/include -Xcc -I/Users/andrejvysny/Library/Developer/Xcode/DerivedData/Swiftfin-fgghtvigwpcaqzejbcbexicnucjq/SourcePackages/checkouts/SVGKit/Source/include -Xcc -I/Users/andrejvysny/Library/Developer/Xcode/DerivedData/Swiftfin-fgghtvigwpcaqzejbcbexicnucjq/Build/Products/Debug-iphonesimulator/include -Xcc -I/Users/andrejvysny/Library/Developer/Xcode/DerivedData/Swiftfin-fgghtvigwpcaqzejbcbexicnucjq/Build/Intermediates.noindex/Swiftfin.build/Debug-iphonesimulator/Swiftfin\ iOS.build/DerivedSources-normal/arm64 -Xcc -I/Users/andrejvysny/Library/Developer/Xcode/DerivedData/Swiftfin-fgghtvigwpcaqzejbcbexicnucjq/Build/Intermediates.noindex/Swiftfin.build/Debug-iphonesimulator/Swiftfin\ iOS.build/DerivedSources/arm64 -Xcc -I/Users/andrejvysny/Library/Developer/Xcode/DerivedData/Swiftfin-fgghtvigwpcaqzejbcbexicnucjq/Build/Intermediates.noindex/Swiftfin.build/Debug-iphonesimulator/Swiftfin\ iOS.build/DerivedSources -Xcc -DDEBUG\=1 -emit-objc-header -emit-objc-header-path /Users/andrejvysny/Library/Developer/Xcode/DerivedData/Swiftfin-fgghtvigwpcaqzejbcbexicnucjq/Build/Intermediates.noindex/Swiftfin.build/Debug-iphonesimulator/Swiftfin\ iOS.build/Objects-normal/arm64/Swiftfin_iOS-Swift.h -working-directory /Users/andrejvysny/andrejvysny/Swiftfin -experimental-emit-module-separately -disable-cmo

Copy /Users/andrejvysny/Library/Developer/Xcode/DerivedData/Swiftfin-fgghtvigwpcaqzejbcbexicnucjq/Build/Products/Debug-iphonesimulator/Swiftfin_iOS.swiftmodule/arm64-apple-ios-simulator.swiftmodule /Users/andrejvysny/Library/Developer/Xcode/DerivedData/Swiftfin-fgghtvigwpcaqzejbcbexicnucjq/Build/Intermediates.noindex/Swiftfin.build/Debug-iphonesimulator/Swiftfin\ iOS.build/Objects-normal/arm64/Swiftfin_iOS.swiftmodule (in target 'Swiftfin iOS' from project 'Swiftfin')
    cd /Users/andrejvysny/andrejvysny/Swiftfin
    builtin-copy -exclude .DS_Store -exclude CVS -exclude .svn -exclude .git -exclude .hg -resolve-src-symlinks -rename /Users/andrejvysny/Library/Developer/Xcode/DerivedData/Swiftfin-fgghtvigwpcaqzejbcbexicnucjq/Build/Intermediates.noindex/Swiftfin.build/Debug-iphonesimulator/Swiftfin\ iOS.build/Objects-normal/arm64/Swiftfin_iOS.swiftmodule /Users/andrejvysny/Library/Developer/Xcode/DerivedData/Swiftfin-fgghtvigwpcaqzejbcbexicnucjq/Build/Products/Debug-iphonesimulator/Swiftfin_iOS.swiftmodule/arm64-apple-ios-simulator.swiftmodule

Copy /Users/andrejvysny/Library/Developer/Xcode/DerivedData/Swiftfin-fgghtvigwpcaqzejbcbexicnucjq/Build/Products/Debug-iphonesimulator/Swiftfin_iOS.swiftmodule/arm64-apple-ios-simulator.swiftdoc /Users/andrejvysny/Library/Developer/Xcode/DerivedData/Swiftfin-fgghtvigwpcaqzejbcbexicnucjq/Build/Intermediates.noindex/Swiftfin.build/Debug-iphonesimulator/Swiftfin\ iOS.build/Objects-normal/arm64/Swiftfin_iOS.swiftdoc (in target 'Swiftfin iOS' from project 'Swiftfin')
    cd /Users/andrejvysny/andrejvysny/Swiftfin
    builtin-copy -exclude .DS_Store -exclude CVS -exclude .svn -exclude .git -exclude .hg -resolve-src-symlinks -rename /Users/andrejvysny/Library/Developer/Xcode/DerivedData/Swiftfin-fgghtvigwpcaqzejbcbexicnucjq/Build/Intermediates.noindex/Swiftfin.build/Debug-iphonesimulator/Swiftfin\ iOS.build/Objects-normal/arm64/Swiftfin_iOS.swiftdoc /Users/andrejvysny/Library/Developer/Xcode/DerivedData/Swiftfin-fgghtvigwpcaqzejbcbexicnucjq/Build/Products/Debug-iphonesimulator/Swiftfin_iOS.swiftmodule/arm64-apple-ios-simulator.swiftdoc

Copy /Users/andrejvysny/Library/Developer/Xcode/DerivedData/Swiftfin-fgghtvigwpcaqzejbcbexicnucjq/Build/Products/Debug-iphonesimulator/Swiftfin_iOS.swiftmodule/arm64-apple-ios-simulator.abi.json /Users/andrejvysny/Library/Developer/Xcode/DerivedData/Swiftfin-fgghtvigwpcaqzejbcbexicnucjq/Build/Intermediates.noindex/Swiftfin.build/Debug-iphonesimulator/Swiftfin\ iOS.build/Objects-normal/arm64/Swiftfin_iOS.abi.json (in target 'Swiftfin iOS' from project 'Swiftfin')
    cd /Users/andrejvysny/andrejvysny/Swiftfin
    builtin-copy -exclude .DS_Store -exclude CVS -exclude .svn -exclude .git -exclude .hg -resolve-src-symlinks -rename /Users/andrejvysny/Library/Developer/Xcode/DerivedData/Swiftfin-fgghtvigwpcaqzejbcbexicnucjq/Build/Intermediates.noindex/Swiftfin.build/Debug-iphonesimulator/Swiftfin\ iOS.build/Objects-normal/arm64/Swiftfin_iOS.abi.json /Users/andrejvysny/Library/Developer/Xcode/DerivedData/Swiftfin-fgghtvigwpcaqzejbcbexicnucjq/Build/Products/Debug-iphonesimulator/Swiftfin_iOS.swiftmodule/arm64-apple-ios-simulator.abi.json

Copy /Users/andrejvysny/Library/Developer/Xcode/DerivedData/Swiftfin-fgghtvigwpcaqzejbcbexicnucjq/Build/Products/Debug-iphonesimulator/Swiftfin_iOS.swiftmodule/Project/arm64-apple-ios-simulator.swiftsourceinfo /Users/andrejvysny/Library/Developer/Xcode/DerivedData/Swiftfin-fgghtvigwpcaqzejbcbexicnucjq/Build/Intermediates.noindex/Swiftfin.build/Debug-iphonesimulator/Swiftfin\ iOS.build/Objects-normal/arm64/Swiftfin_iOS.swiftsourceinfo (in target 'Swiftfin iOS' from project 'Swiftfin')
    cd /Users/andrejvysny/andrejvysny/Swiftfin
    builtin-copy -exclude .DS_Store -exclude CVS -exclude .svn -exclude .git -exclude .hg -resolve-src-symlinks -rename /Users/andrejvysny/Library/Developer/Xcode/DerivedData/Swiftfin-fgghtvigwpcaqzejbcbexicnucjq/Build/Intermediates.noindex/Swiftfin.build/Debug-iphonesimulator/Swiftfin\ iOS.build/Objects-normal/arm64/Swiftfin_iOS.swiftsourceinfo /Users/andrejvysny/Library/Developer/Xcode/DerivedData/Swiftfin-fgghtvigwpcaqzejbcbexicnucjq/Build/Products/Debug-iphonesimulator/Swiftfin_iOS.swiftmodule/Project/arm64-apple-ios-simulator.swiftsourceinfo

Ld /Users/andrejvysny/Library/Developer/Xcode/DerivedData/Swiftfin-fgghtvigwpcaqzejbcbexicnucjq/Build/Products/Debug-iphonesimulator/Swiftfin\ iOS.app/Swiftfin\ iOS.debug.dylib normal (in target 'Swiftfin iOS' from project 'Swiftfin')
    cd /Users/andrejvysny/andrejvysny/Swiftfin
    /Applications/Xcode.app/Contents/Developer/Toolchains/XcodeDefault.xctoolchain/usr/bin/clang -Xlinker -reproducible -target arm64-apple-ios16.6-simulator -dynamiclib -isysroot /Applications/Xcode.app/Contents/Developer/Platforms/iPhoneSimulator.platform/Developer/SDKs/iPhoneSimulator18.5.sdk -O0 -L/Users/andrejvysny/Library/Developer/Xcode/DerivedData/Swiftfin-fgghtvigwpcaqzejbcbexicnucjq/Build/Intermediates.noindex/EagerLinkingTBDs/Debug-iphonesimulator -L/Users/andrejvysny/Library/Developer/Xcode/DerivedData/Swiftfin-fgghtvigwpcaqzejbcbexicnucjq/Build/Products/Debug-iphonesimulator -F/Users/andrejvysny/Library/Developer/Xcode/DerivedData/Swiftfin-fgghtvigwpcaqzejbcbexicnucjq/Build/Intermediates.noindex/EagerLinkingTBDs/Debug-iphonesimulator -F/Users/andrejvysny/Library/Developer/Xcode/DerivedData/Swiftfin-fgghtvigwpcaqzejbcbexicnucjq/Build/Products/Debug-iphonesimulator/PackageFrameworks -F/Users/andrejvysny/Library/Developer/Xcode/DerivedData/Swiftfin-fgghtvigwpcaqzejbcbexicnucjq/Build/Products/Debug-iphonesimulator/PackageFrameworks -F/Users/andrejvysny/Library/Developer/Xcode/DerivedData/Swiftfin-fgghtvigwpcaqzejbcbexicnucjq/Build/Products/Debug-iphonesimulator/PackageFrameworks -F/Users/andrejvysny/Library/Developer/Xcode/DerivedData/Swiftfin-fgghtvigwpcaqzejbcbexicnucjq/Build/Products/Debug-iphonesimulator/PackageFrameworks -F/Users/andrejvysny/Library/Developer/Xcode/DerivedData/Swiftfin-fgghtvigwpcaqzejbcbexicnucjq/Build/Products/Debug-iphonesimulator/PackageFrameworks -F/Users/andrejvysny/Library/Developer/Xcode/DerivedData/Swiftfin-fgghtvigwpcaqzejbcbexicnucjq/Build/Products/Debug-iphonesimulator/PackageFrameworks -F/Users/andrejvysny/Library/Developer/Xcode/DerivedData/Swiftfin-fgghtvigwpcaqzejbcbexicnucjq/Build/Products/Debug-iphonesimulator/PackageFrameworks -F/Users/andrejvysny/Library/Developer/Xcode/DerivedData/Swiftfin-fgghtvigwpcaqzejbcbexicnucjq/Build/Products/Debug-iphonesimulator/PackageFrameworks -F/Users/andrejvysny/Library/Developer/Xcode/DerivedData/Swiftfin-fgghtvigwpcaqzejbcbexicnucjq/Build/Products/Debug-iphonesimulator/PackageFrameworks -F/Users/andrejvysny/Library/Developer/Xcode/DerivedData/Swiftfin-fgghtvigwpcaqzejbcbexicnucjq/Build/Products/Debug-iphonesimulator/PackageFrameworks -F/Users/andrejvysny/Library/Developer/Xcode/DerivedData/Swiftfin-fgghtvigwpcaqzejbcbexicnucjq/Build/Products/Debug-iphonesimulator/PackageFrameworks -F/Users/andrejvysny/Library/Developer/Xcode/DerivedData/Swiftfin-fgghtvigwpcaqzejbcbexicnucjq/Build/Products/Debug-iphonesimulator/PackageFrameworks -F/Users/andrejvysny/Library/Developer/Xcode/DerivedData/Swiftfin-fgghtvigwpcaqzejbcbexicnucjq/Build/Products/Debug-iphonesimulator/PackageFrameworks -F/Users/andrejvysny/Library/Developer/Xcode/DerivedData/Swiftfin-fgghtvigwpcaqzejbcbexicnucjq/Build/Products/Debug-iphonesimulator/PackageFrameworks -F/Users/andrejvysny/Library/Developer/Xcode/DerivedData/Swiftfin-fgghtvigwpcaqzejbcbexicnucjq/Build/Products/Debug-iphonesimulator/PackageFrameworks -F/Users/andrejvysny/Library/Developer/Xcode/DerivedData/Swiftfin-fgghtvigwpcaqzejbcbexicnucjq/Build/Products/Debug-iphonesimulator/PackageFrameworks -F/Users/andrejvysny/Library/Developer/Xcode/DerivedData/Swiftfin-fgghtvigwpcaqzejbcbexicnucjq/Build/Products/Debug-iphonesimulator/PackageFrameworks -F/Users/andrejvysny/Library/Developer/Xcode/DerivedData/Swiftfin-fgghtvigwpcaqzejbcbexicnucjq/Build/Products/Debug-iphonesimulator/PackageFrameworks -F/Users/andrejvysny/Library/Developer/Xcode/DerivedData/Swiftfin-fgghtvigwpcaqzejbcbexicnucjq/Build/Products/Debug-iphonesimulator/PackageFrameworks -F/Users/andrejvysny/Library/Developer/Xcode/DerivedData/Swiftfin-fgghtvigwpcaqzejbcbexicnucjq/Build/Products/Debug-iphonesimulator/PackageFrameworks -F/Users/andrejvysny/Library/Developer/Xcode/DerivedData/Swiftfin-fgghtvigwpcaqzejbcbexicnucjq/Build/Products/Debug-iphonesimulator/PackageFrameworks -F/Users/andrejvysny/Library/Developer/Xcode/DerivedData/Swiftfin-fgghtvigwpcaqzejbcbexicnucjq/Build/Products/Debug-iphonesimulator/PackageFrameworks -F/Users/andrejvysny/Library/Developer/Xcode/DerivedData/Swiftfin-fgghtvigwpcaqzejbcbexicnucjq/Build/Products/Debug-iphonesimulator/PackageFrameworks -F/Users/andrejvysny/Library/Developer/Xcode/DerivedData/Swiftfin-fgghtvigwpcaqzejbcbexicnucjq/Build/Products/Debug-iphonesimulator/PackageFrameworks -F/Users/andrejvysny/Library/Developer/Xcode/DerivedData/Swiftfin-fgghtvigwpcaqzejbcbexicnucjq/Build/Products/Debug-iphonesimulator/PackageFrameworks -F/Users/andrejvysny/Library/Developer/Xcode/DerivedData/Swiftfin-fgghtvigwpcaqzejbcbexicnucjq/Build/Products/Debug-iphonesimulator/PackageFrameworks -F/Users/andrejvysny/Library/Developer/Xcode/DerivedData/Swiftfin-fgghtvigwpcaqzejbcbexicnucjq/Build/Products/Debug-iphonesimulator/PackageFrameworks -F/Users/andrejvysny/Library/Developer/Xcode/DerivedData/Swiftfin-fgghtvigwpcaqzejbcbexicnucjq/Build/Products/Debug-iphonesimulator/PackageFrameworks -F/Users/andrejvysny/Library/Developer/Xcode/DerivedData/Swiftfin-fgghtvigwpcaqzejbcbexicnucjq/Build/Products/Debug-iphonesimulator/PackageFrameworks -F/Users/andrejvysny/Library/Developer/Xcode/DerivedData/Swiftfin-fgghtvigwpcaqzejbcbexicnucjq/Build/Products/Debug-iphonesimulator/PackageFrameworks -F/Users/andrejvysny/Library/Developer/Xcode/DerivedData/Swiftfin-fgghtvigwpcaqzejbcbexicnucjq/Build/Products/Debug-iphonesimulator/PackageFrameworks -F/Users/andrejvysny/Library/Developer/Xcode/DerivedData/Swiftfin-fgghtvigwpcaqzejbcbexicnucjq/Build/Products/Debug-iphonesimulator -filelist /Users/andrejvysny/Library/Developer/Xcode/DerivedData/Swiftfin-fgghtvigwpcaqzejbcbexicnucjq/Build/Intermediates.noindex/Swiftfin.build/Debug-iphonesimulator/Swiftfin\ iOS.build/Objects-normal/arm64/Swiftfin\ iOS.LinkFileList -install_name @rpath/Swiftfin\ iOS.debug.dylib -Xlinker -rpath -Xlinker /Users/andrejvysny/Library/Developer/Xcode/DerivedData/Swiftfin-fgghtvigwpcaqzejbcbexicnucjq/Build/Products/Debug-iphonesimulator/PackageFrameworks -Xlinker -rpath -Xlinker @executable_path/Frameworks -dead_strip -Xlinker -object_path_lto -Xlinker /Users/andrejvysny/Library/Developer/Xcode/DerivedData/Swiftfin-fgghtvigwpcaqzejbcbexicnucjq/Build/Intermediates.noindex/Swiftfin.build/Debug-iphonesimulator/Swiftfin\ iOS.build/Objects-normal/arm64/Swiftfin\ iOS_lto.o -rdynamic -Xlinker -no_deduplicate -Xlinker -objc_abi_version -Xlinker 2 -Xlinker -dependency_info -Xlinker /Users/andrejvysny/Library/Developer/Xcode/DerivedData/Swiftfin-fgghtvigwpcaqzejbcbexicnucjq/Build/Intermediates.noindex/Swiftfin.build/Debug-iphonesimulator/Swiftfin\ iOS.build/Objects-normal/arm64/Swiftfin\ iOS_dependency_info.dat -fobjc-link-runtime -L/Applications/Xcode.app/Contents/Developer/Toolchains/XcodeDefault.xctoolchain/usr/lib/swift/iphonesimulator -L/usr/lib/swift -Xlinker -add_ast_path -Xlinker /Users/andrejvysny/Library/Developer/Xcode/DerivedData/Swiftfin-fgghtvigwpcaqzejbcbexicnucjq/Build/Intermediates.noindex/Swiftfin.build/Debug-iphonesimulator/Swiftfin\ iOS.build/Objects-normal/arm64/Swiftfin_iOS.swiftmodule -Wl,-no_warn_duplicate_libraries -Wl,-no_warn_duplicate_libraries -Wl,-no_warn_duplicate_libraries -Wl,-no_warn_duplicate_libraries -Wl,-no_warn_duplicate_libraries -Wl,-no_warn_duplicate_libraries -Wl,-no_warn_duplicate_libraries -Wl,-no_warn_duplicate_libraries -Wl,-no_warn_duplicate_libraries -Wl,-no_warn_duplicate_libraries -Wl,-no_warn_duplicate_libraries -Wl,-no_warn_duplicate_libraries -Wl,-no_warn_duplicate_libraries -Wl,-no_warn_duplicate_libraries -Wl,-no_warn_duplicate_libraries -Wl,-no_warn_duplicate_libraries -Wl,-no_warn_duplicate_libraries -Wl,-no_warn_duplicate_libraries -Wl,-no_warn_duplicate_libraries -Wl,-no_warn_duplicate_libraries -Wl,-no_warn_duplicate_libraries -Wl,-no_warn_duplicate_libraries -Wl,-no_warn_duplicate_libraries -Wl,-no_warn_duplicate_libraries -Wl,-no_warn_duplicate_libraries -Wl,-no_warn_duplicate_libraries -Wl,-no_warn_duplicate_libraries -Wl,-no_warn_duplicate_libraries -Wl,-no_warn_duplicate_libraries -Wl,-no_warn_duplicate_libraries -Wl,-no_warn_duplicate_libraries -Xlinker -alias -Xlinker _main -Xlinker ___debug_main_executable_dylib_entry_point -framework MediaAccessibility -framework CFNetwork -framework UIKit -framework MobileVLCKit -framework CoreMedia -framework CoreVideo -framework CoreGraphics -framework VideoToolbox -framework OpenGLES -framework CoreFoundation -framework Foundation -framework CoreText -framework Security -framework AVFoundation -framework AudioToolbox -framework QuartzCore -framework SystemConfiguration -Xlinker -no_adhoc_codesign -o /Users/andrejvysny/Library/Developer/Xcode/DerivedData/Swiftfin-fgghtvigwpcaqzejbcbexicnucjq/Build/Products/Debug-iphonesimulator/Swiftfin\ iOS.app/Swiftfin\ iOS.debug.dylib -Xlinker -add_ast_path -Xlinker /Users/andrejvysny/Library/Developer/Xcode/DerivedData/Swiftfin-fgghtvigwpcaqzejbcbexicnucjq/Build/Intermediates.noindex/Pulse.build/Debug-iphonesimulator/Pulse.build/Objects-normal/arm64/Pulse.swiftmodule -Xlinker -add_ast_path -Xlinker /Users/andrejvysny/Library/Developer/Xcode/DerivedData/Swiftfin-fgghtvigwpcaqzejbcbexicnucjq/Build/Intermediates.noindex/Defaults.build/Debug-iphonesimulator/Defaults.build/Objects-normal/arm64/Defaults.swiftmodule -Xlinker -add_ast_path -Xlinker /Users/andrejvysny/Library/Developer/Xcode/DerivedData/Swiftfin-fgghtvigwpcaqzejbcbexicnucjq/Build/Intermediates.noindex/swift-algorithms.build/Debug-iphonesimulator/Algorithms.build/Objects-normal/arm64/Algorithms.swiftmodule -Xlinker -add_ast_path -Xlinker /Users/andrejvysny/Library/Developer/Xcode/DerivedData/Swiftfin-fgghtvigwpcaqzejbcbexicnucjq/Build/Intermediates.noindex/swift-numerics.build/Debug-iphonesimulator/RealModule.build/Objects-normal/arm64/RealModule.swiftmodule -Xlinker -add_ast_path -Xlinker /Users/andrejvysny/Library/Developer/Xcode/DerivedData/Swiftfin-fgghtvigwpcaqzejbcbexicnucjq/Build/Intermediates.noindex/CollectionVGrid.build/Debug-iphonesimulator/CollectionVGrid.build/Objects-normal/arm64/CollectionVGrid.swiftmodule -Xlinker -add_ast_path -Xlinker /Users/andrejvysny/Library/Developer/Xcode/DerivedData/Swiftfin-fgghtvigwpcaqzejbcbexicnucjq/Build/Intermediates.noindex/DifferenceKit.build/Debug-iphonesimulator/DifferenceKit.build/Objects-normal/arm64/DifferenceKit.swiftmodule -Xlinker -add_ast_path -Xlinker /Users/andrejvysny/Library/Developer/Xcode/DerivedData/Swiftfin-fgghtvigwpcaqzejbcbexicnucjq/Build/Intermediates.noindex/Pulse.build/Debug-iphonesimulator/PulseUI.build/Objects-normal/arm64/PulseUI.swiftmodule -Xlinker -add_ast_path -Xlinker /Users/andrejvysny/Library/Developer/Xcode/DerivedData/Swiftfin-fgghtvigwpcaqzejbcbexicnucjq/Build/Intermediates.noindex/PulseLogHandler.build/Debug-iphonesimulator/PulseLogHandler.build/Objects-normal/arm64/PulseLogHandler.swiftmodule -Xlinker -add_ast_path -Xlinker /Users/andrejvysny/Library/Developer/Xcode/DerivedData/Swiftfin-fgghtvigwpcaqzejbcbexicnucjq/Build/Intermediates.noindex/swift-log.build/Debug-iphonesimulator/Logging.build/Objects-normal/arm64/Logging.swiftmodule -Xlinker -add_ast_path -Xlinker /Users/andrejvysny/Library/Developer/Xcode/DerivedData/Swiftfin-fgghtvigwpcaqzejbcbexicnucjq/Build/Intermediates.noindex/swift-collections.build/Debug-iphonesimulator/OrderedCollections.build/Objects-normal/arm64/OrderedCollections.swiftmodule -Xlinker -add_ast_path -Xlinker /Users/andrejvysny/Library/Developer/Xcode/DerivedData/Swiftfin-fgghtvigwpcaqzejbcbexicnucjq/Build/Intermediates.noindex/Factory.build/Debug-iphonesimulator/Factory.build/Objects-normal/arm64/Factory.swiftmodule -Xlinker -add_ast_path -Xlinker /Users/andrejvysny/Library/Developer/Xcode/DerivedData/Swiftfin-fgghtvigwpcaqzejbcbexicnucjq/Build/Intermediates.noindex/JellyfinAPI.build/Debug-iphonesimulator/JellyfinAPI.build/Objects-normal/arm64/JellyfinAPI.swiftmodule -Xlinker -add_ast_path -Xlinker /Users/andrejvysny/Library/Developer/Xcode/DerivedData/Swiftfin-fgghtvigwpcaqzejbcbexicnucjq/Build/Intermediates.noindex/Get.build/Debug-iphonesimulator/Get.build/Objects-normal/arm64/Get.swiftmodule -Xlinker -add_ast_path -Xlinker /Users/andrejvysny/Library/Developer/Xcode/DerivedData/Swiftfin-fgghtvigwpcaqzejbcbexicnucjq/Build/Intermediates.noindex/URLQueryEncoder.build/Debug-iphonesimulator/URLQueryEncoder.build/Objects-normal/arm64/URLQueryEncoder.swiftmodule -Xlinker -add_ast_path -Xlinker /Users/andrejvysny/Library/Developer/Xcode/DerivedData/Swiftfin-fgghtvigwpcaqzejbcbexicnucjq/Build/Intermediates.noindex/CollectionHStack.build/Debug-iphonesimulator/CollectionHStack.build/Objects-normal/arm64/CollectionHStack.swiftmodule -Xlinker -add_ast_path -Xlinker /Users/andrejvysny/Library/Developer/Xcode/DerivedData/Swiftfin-fgghtvigwpcaqzejbcbexicnucjq/Build/Intermediates.noindex/KeychainSwift.build/Debug-iphonesimulator/KeychainSwift.build/Objects-normal/arm64/KeychainSwift.swiftmodule -Xlinker -add_ast_path -Xlinker /Users/andrejvysny/Library/Developer/Xcode/DerivedData/Swiftfin-fgghtvigwpcaqzejbcbexicnucjq/Build/Intermediates.noindex/Files.build/Debug-iphonesimulator/Files.build/Objects-normal/arm64/Files.swiftmodule -Xlinker -add_ast_path -Xlinker /Users/andrejvysny/Library/Developer/Xcode/DerivedData/Swiftfin-fgghtvigwpcaqzejbcbexicnucjq/Build/Intermediates.noindex/Mantis.build/Debug-iphonesimulator/Mantis.build/Objects-normal/arm64/Mantis.swiftmodule -Xlinker -add_ast_path -Xlinker /Users/andrejvysny/Library/Developer/Xcode/DerivedData/Swiftfin-fgghtvigwpcaqzejbcbexicnucjq/Build/Intermediates.noindex/swift-identified-collections.build/Debug-iphonesimulator/IdentifiedCollections.build/Objects-normal/arm64/IdentifiedCollections.swiftmodule -Xlinker -add_ast_path -Xlinker /Users/andrejvysny/Library/Developer/Xcode/DerivedData/Swiftfin-fgghtvigwpcaqzejbcbexicnucjq/Build/Intermediates.noindex/BlurHashKit.build/Debug-iphonesimulator/BlurHashKit.build/Objects-normal/arm64/BlurHashKit.swiftmodule -Xlinker -add_ast_path -Xlinker /Users/andrejvysny/Library/Developer/Xcode/DerivedData/Swiftfin-fgghtvigwpcaqzejbcbexicnucjq/Build/Intermediates.noindex/UDPBroadcast.build/Debug-iphonesimulator/UDPBroadcast.build/Objects-normal/arm64/UDPBroadcast.swiftmodule -Xlinker -add_ast_path -Xlinker /Users/andrejvysny/Library/Developer/Xcode/DerivedData/Swiftfin-fgghtvigwpcaqzejbcbexicnucjq/Build/Intermediates.noindex/VLCUI.build/Debug-iphonesimulator/VLCUI.build/Objects-normal/arm64/VLCUI.swiftmodule -Xlinker -add_ast_path -Xlinker /Users/andrejvysny/Library/Developer/Xcode/DerivedData/Swiftfin-fgghtvigwpcaqzejbcbexicnucjq/Build/Intermediates.noindex/CoreStore.build/Debug-iphonesimulator/CoreStore.build/Objects-normal/arm64/CoreStore.swiftmodule -Xlinker -add_ast_path -Xlinker /Users/andrejvysny/Library/Developer/Xcode/DerivedData/Swiftfin-fgghtvigwpcaqzejbcbexicnucjq/Build/Intermediates.noindex/swiftui-introspect.build/Debug-iphonesimulator/SwiftUIIntrospect.build/Objects-normal/arm64/SwiftUIIntrospect.swiftmodule -Xlinker -add_ast_path -Xlinker /Users/andrejvysny/Library/Developer/Xcode/DerivedData/Swiftfin-fgghtvigwpcaqzejbcbexicnucjq/Build/Intermediates.noindex/Nuke.build/Debug-iphonesimulator/Nuke.build/Objects-normal/arm64/Nuke.swiftmodule -Xlinker -add_ast_path -Xlinker /Users/andrejvysny/Library/Developer/Xcode/DerivedData/Swiftfin-fgghtvigwpcaqzejbcbexicnucjq/Build/Intermediates.noindex/PreferencesView.build/Debug-iphonesimulator/PreferencesView.build/Objects-normal/arm64/PreferencesView.swiftmodule -Xlinker -add_ast_path -Xlinker /Users/andrejvysny/Library/Developer/Xcode/DerivedData/Swiftfin-fgghtvigwpcaqzejbcbexicnucjq/Build/Intermediates.noindex/SwizzleSwift.build/Debug-iphonesimulator/SwizzleSwift.build/Objects-normal/arm64/SwizzleSwift.swiftmodule -Xlinker -add_ast_path -Xlinker /Users/andrejvysny/Library/Developer/Xcode/DerivedData/Swiftfin-fgghtvigwpcaqzejbcbexicnucjq/Build/Intermediates.noindex/Nuke.build/Debug-iphonesimulator/NukeUI.build/Objects-normal/arm64/NukeUI.swiftmodule

ConstructStubExecutorLinkFileList /Users/andrejvysny/Library/Developer/Xcode/DerivedData/Swiftfin-fgghtvigwpcaqzejbcbexicnucjq/Build/Intermediates.noindex/Swiftfin.build/Debug-iphonesimulator/Swiftfin\ iOS.build/Swiftfin\ iOS-ExecutorLinkFileList-normal-arm64.txt (in target 'Swiftfin iOS' from project 'Swiftfin')
    cd /Users/andrejvysny/andrejvysny/Swiftfin
    construct-stub-executor-link-file-list /Users/andrejvysny/Library/Developer/Xcode/DerivedData/Swiftfin-fgghtvigwpcaqzejbcbexicnucjq/Build/Products/Debug-iphonesimulator/Swiftfin\ iOS.app/Swiftfin\ iOS.debug.dylib /Applications/Xcode.app/Contents/Developer/Platforms/iPhoneSimulator.platform/Developer/usr/lib/libPreviewsJITStubExecutor_no_swift_entry_point.a /Applications/Xcode.app/Contents/Developer/Platforms/iPhoneSimulator.platform/Developer/usr/lib/libPreviewsJITStubExecutor.a --output /Users/andrejvysny/Library/Developer/Xcode/DerivedData/Swiftfin-fgghtvigwpcaqzejbcbexicnucjq/Build/Intermediates.noindex/Swiftfin.build/Debug-iphonesimulator/Swiftfin\ iOS.build/Swiftfin\ iOS-ExecutorLinkFileList-normal-arm64.txt
note: Using stub executor library with Swift entry point. (in target 'Swiftfin iOS' from project 'Swiftfin')

Ld /Users/andrejvysny/Library/Developer/Xcode/DerivedData/Swiftfin-fgghtvigwpcaqzejbcbexicnucjq/Build/Products/Debug-iphonesimulator/Swiftfin\ iOS.app/Swiftfin\ iOS normal (in target 'Swiftfin iOS' from project 'Swiftfin')
    cd /Users/andrejvysny/andrejvysny/Swiftfin
    /Applications/Xcode.app/Contents/Developer/Toolchains/XcodeDefault.xctoolchain/usr/bin/clang -Xlinker -reproducible -target arm64-apple-ios16.6-simulator -isysroot /Applications/Xcode.app/Contents/Developer/Platforms/iPhoneSimulator.platform/Developer/SDKs/iPhoneSimulator18.5.sdk -O0 -L/Users/andrejvysny/Library/Developer/Xcode/DerivedData/Swiftfin-fgghtvigwpcaqzejbcbexicnucjq/Build/Products/Debug-iphonesimulator -F/Users/andrejvysny/Library/Developer/Xcode/DerivedData/Swiftfin-fgghtvigwpcaqzejbcbexicnucjq/Build/Products/Debug-iphonesimulator/PackageFrameworks -F/Users/andrejvysny/Library/Developer/Xcode/DerivedData/Swiftfin-fgghtvigwpcaqzejbcbexicnucjq/Build/Products/Debug-iphonesimulator/PackageFrameworks -F/Users/andrejvysny/Library/Developer/Xcode/DerivedData/Swiftfin-fgghtvigwpcaqzejbcbexicnucjq/Build/Products/Debug-iphonesimulator/PackageFrameworks -F/Users/andrejvysny/Library/Developer/Xcode/DerivedData/Swiftfin-fgghtvigwpcaqzejbcbexicnucjq/Build/Products/Debug-iphonesimulator/PackageFrameworks -F/Users/andrejvysny/Library/Developer/Xcode/DerivedData/Swiftfin-fgghtvigwpcaqzejbcbexicnucjq/Build/Products/Debug-iphonesimulator/PackageFrameworks -F/Users/andrejvysny/Library/Developer/Xcode/DerivedData/Swiftfin-fgghtvigwpcaqzejbcbexicnucjq/Build/Products/Debug-iphonesimulator/PackageFrameworks -F/Users/andrejvysny/Library/Developer/Xcode/DerivedData/Swiftfin-fgghtvigwpcaqzejbcbexicnucjq/Build/Products/Debug-iphonesimulator/PackageFrameworks -F/Users/andrejvysny/Library/Developer/Xcode/DerivedData/Swiftfin-fgghtvigwpcaqzejbcbexicnucjq/Build/Products/Debug-iphonesimulator/PackageFrameworks -F/Users/andrejvysny/Library/Developer/Xcode/DerivedData/Swiftfin-fgghtvigwpcaqzejbcbexicnucjq/Build/Products/Debug-iphonesimulator/PackageFrameworks -F/Users/andrejvysny/Library/Developer/Xcode/DerivedData/Swiftfin-fgghtvigwpcaqzejbcbexicnucjq/Build/Products/Debug-iphonesimulator/PackageFrameworks -F/Users/andrejvysny/Library/Developer/Xcode/DerivedData/Swiftfin-fgghtvigwpcaqzejbcbexicnucjq/Build/Products/Debug-iphonesimulator/PackageFrameworks -F/Users/andrejvysny/Library/Developer/Xcode/DerivedData/Swiftfin-fgghtvigwpcaqzejbcbexicnucjq/Build/Products/Debug-iphonesimulator/PackageFrameworks -F/Users/andrejvysny/Library/Developer/Xcode/DerivedData/Swiftfin-fgghtvigwpcaqzejbcbexicnucjq/Build/Products/Debug-iphonesimulator/PackageFrameworks -F/Users/andrejvysny/Library/Developer/Xcode/DerivedData/Swiftfin-fgghtvigwpcaqzejbcbexicnucjq/Build/Products/Debug-iphonesimulator/PackageFrameworks -F/Users/andrejvysny/Library/Developer/Xcode/DerivedData/Swiftfin-fgghtvigwpcaqzejbcbexicnucjq/Build/Products/Debug-iphonesimulator/PackageFrameworks -F/Users/andrejvysny/Library/Developer/Xcode/DerivedData/Swiftfin-fgghtvigwpcaqzejbcbexicnucjq/Build/Products/Debug-iphonesimulator/PackageFrameworks -F/Users/andrejvysny/Library/Developer/Xcode/DerivedData/Swiftfin-fgghtvigwpcaqzejbcbexicnucjq/Build/Products/Debug-iphonesimulator/PackageFrameworks -F/Users/andrejvysny/Library/Developer/Xcode/DerivedData/Swiftfin-fgghtvigwpcaqzejbcbexicnucjq/Build/Products/Debug-iphonesimulator/PackageFrameworks -F/Users/andrejvysny/Library/Developer/Xcode/DerivedData/Swiftfin-fgghtvigwpcaqzejbcbexicnucjq/Build/Products/Debug-iphonesimulator/PackageFrameworks -F/Users/andrejvysny/Library/Developer/Xcode/DerivedData/Swiftfin-fgghtvigwpcaqzejbcbexicnucjq/Build/Products/Debug-iphonesimulator/PackageFrameworks -F/Users/andrejvysny/Library/Developer/Xcode/DerivedData/Swiftfin-fgghtvigwpcaqzejbcbexicnucjq/Build/Products/Debug-iphonesimulator/PackageFrameworks -F/Users/andrejvysny/Library/Developer/Xcode/DerivedData/Swiftfin-fgghtvigwpcaqzejbcbexicnucjq/Build/Products/Debug-iphonesimulator/PackageFrameworks -F/Users/andrejvysny/Library/Developer/Xcode/DerivedData/Swiftfin-fgghtvigwpcaqzejbcbexicnucjq/Build/Products/Debug-iphonesimulator/PackageFrameworks -F/Users/andrejvysny/Library/Developer/Xcode/DerivedData/Swiftfin-fgghtvigwpcaqzejbcbexicnucjq/Build/Products/Debug-iphonesimulator/PackageFrameworks -F/Users/andrejvysny/Library/Developer/Xcode/DerivedData/Swiftfin-fgghtvigwpcaqzejbcbexicnucjq/Build/Products/Debug-iphonesimulator/PackageFrameworks -F/Users/andrejvysny/Library/Developer/Xcode/DerivedData/Swiftfin-fgghtvigwpcaqzejbcbexicnucjq/Build/Products/Debug-iphonesimulator/PackageFrameworks -F/Users/andrejvysny/Library/Developer/Xcode/DerivedData/Swiftfin-fgghtvigwpcaqzejbcbexicnucjq/Build/Products/Debug-iphonesimulator/PackageFrameworks -F/Users/andrejvysny/Library/Developer/Xcode/DerivedData/Swiftfin-fgghtvigwpcaqzejbcbexicnucjq/Build/Products/Debug-iphonesimulator/PackageFrameworks -F/Users/andrejvysny/Library/Developer/Xcode/DerivedData/Swiftfin-fgghtvigwpcaqzejbcbexicnucjq/Build/Products/Debug-iphonesimulator/PackageFrameworks -F/Users/andrejvysny/Library/Developer/Xcode/DerivedData/Swiftfin-fgghtvigwpcaqzejbcbexicnucjq/Build/Products/Debug-iphonesimulator/PackageFrameworks -F/Users/andrejvysny/Library/Developer/Xcode/DerivedData/Swiftfin-fgghtvigwpcaqzejbcbexicnucjq/Build/Products/Debug-iphonesimulator/PackageFrameworks -F/Users/andrejvysny/Library/Developer/Xcode/DerivedData/Swiftfin-fgghtvigwpcaqzejbcbexicnucjq/Build/Products/Debug-iphonesimulator -Xlinker -rpath -Xlinker @executable_path -Xlinker -rpath -Xlinker /Users/andrejvysny/Library/Developer/Xcode/DerivedData/Swiftfin-fgghtvigwpcaqzejbcbexicnucjq/Build/Products/Debug-iphonesimulator/PackageFrameworks -Xlinker -rpath -Xlinker @executable_path/Frameworks -rdynamic -Xlinker -no_deduplicate -Xlinker -objc_abi_version -Xlinker 2 -e ___debug_blank_executor_main -Xlinker -sectcreate -Xlinker __TEXT -Xlinker __debug_dylib -Xlinker /Users/andrejvysny/Library/Developer/Xcode/DerivedData/Swiftfin-fgghtvigwpcaqzejbcbexicnucjq/Build/Intermediates.noindex/Swiftfin.build/Debug-iphonesimulator/Swiftfin\ iOS.build/Swiftfin\ iOS-DebugDylibPath-normal-arm64.txt -Xlinker -sectcreate -Xlinker __TEXT -Xlinker __debug_instlnm -Xlinker /Users/andrejvysny/Library/Developer/Xcode/DerivedData/Swiftfin-fgghtvigwpcaqzejbcbexicnucjq/Build/Intermediates.noindex/Swiftfin.build/Debug-iphonesimulator/Swiftfin\ iOS.build/Swiftfin\ iOS-DebugDylibInstallName-normal-arm64.txt -Xlinker -filelist -Xlinker /Users/andrejvysny/Library/Developer/Xcode/DerivedData/Swiftfin-fgghtvigwpcaqzejbcbexicnucjq/Build/Intermediates.noindex/Swiftfin.build/Debug-iphonesimulator/Swiftfin\ iOS.build/Swiftfin\ iOS-ExecutorLinkFileList-normal-arm64.txt -Xlinker -sectcreate -Xlinker __TEXT -Xlinker __entitlements -Xlinker /Users/andrejvysny/Library/Developer/Xcode/DerivedData/Swiftfin-fgghtvigwpcaqzejbcbexicnucjq/Build/Intermediates.noindex/Swiftfin.build/Debug-iphonesimulator/Swiftfin\ iOS.build/Swiftfin\ iOS.app-Simulated.xcent -Xlinker -sectcreate -Xlinker __TEXT -Xlinker __ents_der -Xlinker /Users/andrejvysny/Library/Developer/Xcode/DerivedData/Swiftfin-fgghtvigwpcaqzejbcbexicnucjq/Build/Intermediates.noindex/Swiftfin.build/Debug-iphonesimulator/Swiftfin\ iOS.build/Swiftfin\ iOS.app-Simulated.xcent.der /Users/andrejvysny/Library/Developer/Xcode/DerivedData/Swiftfin-fgghtvigwpcaqzejbcbexicnucjq/Build/Products/Debug-iphonesimulator/Swiftfin\ iOS.app/Swiftfin\ iOS.debug.dylib -Xlinker -no_adhoc_codesign -o /Users/andrejvysny/Library/Developer/Xcode/DerivedData/Swiftfin-fgghtvigwpcaqzejbcbexicnucjq/Build/Products/Debug-iphonesimulator/Swiftfin\ iOS.app/Swiftfin\ iOS

LinkAssetCatalog /Users/andrejvysny/andrejvysny/Swiftfin/Swiftfin/Resources/Assets.xcassets (in target 'Swiftfin iOS' from project 'Swiftfin')
    cd /Users/andrejvysny/andrejvysny/Swiftfin
    builtin-linkAssetCatalog --thinned /Users/andrejvysny/Library/Developer/Xcode/DerivedData/Swiftfin-fgghtvigwpcaqzejbcbexicnucjq/Build/Intermediates.noindex/Swiftfin.build/Debug-iphonesimulator/Swiftfin\ iOS.build/assetcatalog_output/thinned --thinned-dependencies /Users/andrejvysny/Library/Developer/Xcode/DerivedData/Swiftfin-fgghtvigwpcaqzejbcbexicnucjq/Build/Intermediates.noindex/Swiftfin.build/Debug-iphonesimulator/Swiftfin\ iOS.build/assetcatalog_dependencies_thinned --thinned-info-plist-content /Users/andrejvysny/Library/Developer/Xcode/DerivedData/Swiftfin-fgghtvigwpcaqzejbcbexicnucjq/Build/Intermediates.noindex/Swiftfin.build/Debug-iphonesimulator/Swiftfin\ iOS.build/assetcatalog_generated_info.plist_thinned --unthinned /Users/andrejvysny/Library/Developer/Xcode/DerivedData/Swiftfin-fgghtvigwpcaqzejbcbexicnucjq/Build/Intermediates.noindex/Swiftfin.build/Debug-iphonesimulator/Swiftfin\ iOS.build/assetcatalog_output/unthinned --unthinned-dependencies /Users/andrejvysny/Library/Developer/Xcode/DerivedData/Swiftfin-fgghtvigwpcaqzejbcbexicnucjq/Build/Intermediates.noindex/Swiftfin.build/Debug-iphonesimulator/Swiftfin\ iOS.build/assetcatalog_dependencies_unthinned --unthinned-info-plist-content /Users/andrejvysny/Library/Developer/Xcode/DerivedData/Swiftfin-fgghtvigwpcaqzejbcbexicnucjq/Build/Intermediates.noindex/Swiftfin.build/Debug-iphonesimulator/Swiftfin\ iOS.build/assetcatalog_generated_info.plist_unthinned --output /Users/andrejvysny/Library/Developer/Xcode/DerivedData/Swiftfin-fgghtvigwpcaqzejbcbexicnucjq/Build/Products/Debug-iphonesimulator/Swiftfin\ iOS.app --plist-output /Users/andrejvysny/Library/Developer/Xcode/DerivedData/Swiftfin-fgghtvigwpcaqzejbcbexicnucjq/Build/Intermediates.noindex/Swiftfin.build/Debug-iphonesimulator/Swiftfin\ iOS.build/assetcatalog_generated_info.plist
note: Emplaced /Users/andrejvysny/Library/Developer/Xcode/DerivedData/Swiftfin-fgghtvigwpcaqzejbcbexicnucjq/Build/Products/Debug-iphonesimulator/Swiftfin iOS.app/AppIcon-primary-primary60x60@2x.png (in target 'Swiftfin iOS' from project 'Swiftfin')
note: Emplaced /Users/andrejvysny/Library/Developer/Xcode/DerivedData/Swiftfin-fgghtvigwpcaqzejbcbexicnucjq/Build/Products/Debug-iphonesimulator/Swiftfin iOS.app/AppIcon-primary-primary76x76@2x~ipad.png (in target 'Swiftfin iOS' from project 'Swiftfin')
note: Emplaced /Users/andrejvysny/Library/Developer/Xcode/DerivedData/Swiftfin-fgghtvigwpcaqzejbcbexicnucjq/Build/Products/Debug-iphonesimulator/Swiftfin iOS.app/Assets.car (in target 'Swiftfin iOS' from project 'Swiftfin')

ProcessInfoPlistFile /Users/andrejvysny/Library/Developer/Xcode/DerivedData/Swiftfin-fgghtvigwpcaqzejbcbexicnucjq/Build/Products/Debug-iphonesimulator/Swiftfin\ iOS.app/Info.plist /Users/andrejvysny/andrejvysny/Swiftfin/Swiftfin/Resources/Info.plist (in target 'Swiftfin iOS' from project 'Swiftfin')
    cd /Users/andrejvysny/andrejvysny/Swiftfin
    builtin-infoPlistUtility /Users/andrejvysny/andrejvysny/Swiftfin/Swiftfin/Resources/Info.plist -producttype com.apple.product-type.application -genpkginfo /Users/andrejvysny/Library/Developer/Xcode/DerivedData/Swiftfin-fgghtvigwpcaqzejbcbexicnucjq/Build/Products/Debug-iphonesimulator/Swiftfin\ iOS.app/PkgInfo -expandbuildsettings -format binary -platform iphonesimulator -additionalcontentfile /Users/andrejvysny/Library/Developer/Xcode/DerivedData/Swiftfin-fgghtvigwpcaqzejbcbexicnucjq/Build/Intermediates.noindex/Swiftfin.build/Debug-iphonesimulator/Swiftfin\ iOS.build/assetcatalog_generated_info.plist -scanforprivacyfile /Users/andrejvysny/Library/Developer/Xcode/DerivedData/Swiftfin-fgghtvigwpcaqzejbcbexicnucjq/Build/Products/Debug-iphonesimulator/Swiftfin\ iOS.app/CocoaLumberjack_CocoaLumberjack.bundle -scanforprivacyfile /Users/andrejvysny/Library/Developer/Xcode/DerivedData/Swiftfin-fgghtvigwpcaqzejbcbexicnucjq/Build/Products/Debug-iphonesimulator/Swiftfin\ iOS.app/Defaults_Defaults.bundle -scanforprivacyfile /Users/andrejvysny/Library/Developer/Xcode/DerivedData/Swiftfin-fgghtvigwpcaqzejbcbexicnucjq/Build/Products/Debug-iphonesimulator/Swiftfin\ iOS.app/Factory_Factory.bundle -scanforprivacyfile /Users/andrejvysny/Library/Developer/Xcode/DerivedData/Swiftfin-fgghtvigwpcaqzejbcbexicnucjq/Build/Products/Debug-iphonesimulator/Swiftfin\ iOS.app/Frameworks/MobileVLCKit.framework -scanforprivacyfile /Users/andrejvysny/Library/Developer/Xcode/DerivedData/Swiftfin-fgghtvigwpcaqzejbcbexicnucjq/Build/Products/Debug-iphonesimulator/Swiftfin\ iOS.app/Mantis_Mantis.bundle -o /Users/andrejvysny/Library/Developer/Xcode/DerivedData/Swiftfin-fgghtvigwpcaqzejbcbexicnucjq/Build/Products/Debug-iphonesimulator/Swiftfin\ iOS.app/Info.plist

ExtractAppIntentsMetadata (in target 'Swiftfin iOS' from project 'Swiftfin')
    cd /Users/andrejvysny/andrejvysny/Swiftfin
    /Applications/Xcode.app/Contents/Developer/Toolchains/XcodeDefault.xctoolchain/usr/bin/appintentsmetadataprocessor --toolchain-dir /Applications/Xcode.app/Contents/Developer/Toolchains/XcodeDefault.xctoolchain --module-name Swiftfin_iOS --sdk-root /Applications/Xcode.app/Contents/Developer/Platforms/iPhoneSimulator.platform/Developer/SDKs/iPhoneSimulator18.5.sdk --xcode-version 16F6 --platform-family iOS --deployment-target 16.6 --bundle-identifier org.jellyfin.swiftfin --output /Users/andrejvysny/Library/Developer/Xcode/DerivedData/Swiftfin-fgghtvigwpcaqzejbcbexicnucjq/Build/Products/Debug-iphonesimulator/Swiftfin\ iOS.app --target-triple arm64-apple-ios16.6-simulator --binary-file /Users/andrejvysny/Library/Developer/Xcode/DerivedData/Swiftfin-fgghtvigwpcaqzejbcbexicnucjq/Build/Products/Debug-iphonesimulator/Swiftfin\ iOS.app/Swiftfin\ iOS --dependency-file /Users/andrejvysny/Library/Developer/Xcode/DerivedData/Swiftfin-fgghtvigwpcaqzejbcbexicnucjq/Build/Intermediates.noindex/Swiftfin.build/Debug-iphonesimulator/Swiftfin\ iOS.build/Objects-normal/arm64/Swiftfin\ iOS_dependency_info.dat --stringsdata-file /Users/andrejvysny/Library/Developer/Xcode/DerivedData/Swiftfin-fgghtvigwpcaqzejbcbexicnucjq/Build/Intermediates.noindex/Swiftfin.build/Debug-iphonesimulator/Swiftfin\ iOS.build/Objects-normal/arm64/ExtractedAppShortcutsMetadata.stringsdata --source-file-list /Users/andrejvysny/Library/Developer/Xcode/DerivedData/Swiftfin-fgghtvigwpcaqzejbcbexicnucjq/Build/Intermediates.noindex/Swiftfin.build/Debug-iphonesimulator/Swiftfin\ iOS.build/Objects-normal/arm64/Swiftfin\ iOS.SwiftFileList --metadata-file-list /Users/andrejvysny/Library/Developer/Xcode/DerivedData/Swiftfin-fgghtvigwpcaqzejbcbexicnucjq/Build/Intermediates.noindex/Swiftfin.build/Debug-iphonesimulator/Swiftfin\ iOS.build/Swiftfin\ iOS.DependencyMetadataFileList --static-metadata-file-list /Users/andrejvysny/Library/Developer/Xcode/DerivedData/Swiftfin-fgghtvigwpcaqzejbcbexicnucjq/Build/Intermediates.noindex/Swiftfin.build/Debug-iphonesimulator/Swiftfin\ iOS.build/Swiftfin\ iOS.DependencyStaticMetadataFileList --swift-const-vals-list /Users/andrejvysny/Library/Developer/Xcode/DerivedData/Swiftfin-fgghtvigwpcaqzejbcbexicnucjq/Build/Intermediates.noindex/Swiftfin.build/Debug-iphonesimulator/Swiftfin\ iOS.build/Objects-normal/arm64/Swiftfin\ iOS.SwiftConstValuesFileList --compile-time-extraction --deployment-aware-processing --validate-assistant-intents --no-app-shortcuts-localization
2025-09-25 10:37:09.646 appintentsmetadataprocessor[45083:5897522] Starting appintentsmetadataprocessor export
2025-09-25 10:37:09.648 appintentsmetadataprocessor[45083:5897522] warning: Metadata extraction skipped. No AppIntents.framework dependency found.

CopySwiftLibs /Users/andrejvysny/Library/Developer/Xcode/DerivedData/Swiftfin-fgghtvigwpcaqzejbcbexicnucjq/Build/Products/Debug-iphonesimulator/Swiftfin\ iOS.app (in target 'Swiftfin iOS' from project 'Swiftfin')
    cd /Users/andrejvysny/andrejvysny/Swiftfin
    builtin-swiftStdLibTool --copy --verbose --sign - --scan-executable /Users/andrejvysny/Library/Developer/Xcode/DerivedData/Swiftfin-fgghtvigwpcaqzejbcbexicnucjq/Build/Products/Debug-iphonesimulator/Swiftfin\ iOS.app/Swiftfin\ iOS.debug.dylib --scan-folder /Users/andrejvysny/Library/Developer/Xcode/DerivedData/Swiftfin-fgghtvigwpcaqzejbcbexicnucjq/Build/Products/Debug-iphonesimulator/Swiftfin\ iOS.app/Frameworks --scan-folder /Users/andrejvysny/Library/Developer/Xcode/DerivedData/Swiftfin-fgghtvigwpcaqzejbcbexicnucjq/Build/Products/Debug-iphonesimulator/Swiftfin\ iOS.app/PlugIns --scan-folder /Users/andrejvysny/Library/Developer/Xcode/DerivedData/Swiftfin-fgghtvigwpcaqzejbcbexicnucjq/Build/Products/Debug-iphonesimulator/Swiftfin\ iOS.app/SystemExtensions --scan-folder /Users/andrejvysny/Library/Developer/Xcode/DerivedData/Swiftfin-fgghtvigwpcaqzejbcbexicnucjq/Build/Products/Debug-iphonesimulator/Swiftfin\ iOS.app/Extensions --scan-folder /Applications/Xcode.app/Contents/Developer/Platforms/iPhoneSimulator.platform/Developer/SDKs/iPhoneSimulator18.5.sdk/System/Library/Frameworks/MediaAccessibility.framework --scan-folder /Applications/Xcode.app/Contents/Developer/Platforms/iPhoneSimulator.platform/Developer/SDKs/iPhoneSimulator18.5.sdk/System/Library/Frameworks/CFNetwork.framework --scan-folder /Applications/Xcode.app/Contents/Developer/Platforms/iPhoneSimulator.platform/Developer/SDKs/iPhoneSimulator18.5.sdk/System/Library/Frameworks/UIKit.framework --scan-folder /Applications/Xcode.app/Contents/Developer/Platforms/iPhoneSimulator.platform/Developer/SDKs/iPhoneSimulator18.5.sdk/System/Library/Frameworks/CoreMedia.framework --scan-folder /Applications/Xcode.app/Contents/Developer/Platforms/iPhoneSimulator.platform/Developer/SDKs/iPhoneSimulator18.5.sdk/System/Library/Frameworks/CoreVideo.framework --scan-folder /Applications/Xcode.app/Contents/Developer/Platforms/iPhoneSimulator.platform/Developer/SDKs/iPhoneSimulator18.5.sdk/System/Library/Frameworks/CoreGraphics.framework --scan-folder /Applications/Xcode.app/Contents/Developer/Platforms/iPhoneSimulator.platform/Developer/SDKs/iPhoneSimulator18.5.sdk/System/Library/Frameworks/VideoToolbox.framework --scan-folder /Applications/Xcode.app/Contents/Developer/Platforms/iPhoneSimulator.platform/Developer/SDKs/iPhoneSimulator18.5.sdk/System/Library/Frameworks/OpenGLES.framework --scan-folder /Applications/Xcode.app/Contents/Developer/Platforms/iPhoneSimulator.platform/Developer/SDKs/iPhoneSimulator18.5.sdk/System/Library/Frameworks/CoreFoundation.framework --scan-folder /Applications/Xcode.app/Contents/Developer/Platforms/iPhoneSimulator.platform/Developer/SDKs/iPhoneSimulator18.5.sdk/System/Library/Frameworks/Foundation.framework --scan-folder /Applications/Xcode.app/Contents/Developer/Platforms/iPhoneSimulator.platform/Developer/SDKs/iPhoneSimulator18.5.sdk/System/Library/Frameworks/CoreText.framework --scan-folder /Applications/Xcode.app/Contents/Developer/Platforms/iPhoneSimulator.platform/Developer/SDKs/iPhoneSimulator18.5.sdk/System/Library/Frameworks/Security.framework --scan-folder /Applications/Xcode.app/Contents/Developer/Platforms/iPhoneSimulator.platform/Developer/SDKs/iPhoneSimulator18.5.sdk/System/Library/Frameworks/AVFoundation.framework --scan-folder /Applications/Xcode.app/Contents/Developer/Platforms/iPhoneSimulator.platform/Developer/SDKs/iPhoneSimulator18.5.sdk/System/Library/Frameworks/AudioToolbox.framework --scan-folder /Applications/Xcode.app/Contents/Developer/Platforms/iPhoneSimulator.platform/Developer/SDKs/iPhoneSimulator18.5.sdk/System/Library/Frameworks/QuartzCore.framework --scan-folder /Applications/Xcode.app/Contents/Developer/Platforms/iPhoneSimulator.platform/Developer/SDKs/iPhoneSimulator18.5.sdk/System/Library/Frameworks/SystemConfiguration.framework --platform iphonesimulator --toolchain /Applications/Xcode.app/Contents/Developer/Toolchains/XcodeDefault.xctoolchain --destination /Users/andrejvysny/Library/Developer/Xcode/DerivedData/Swiftfin-fgghtvigwpcaqzejbcbexicnucjq/Build/Products/Debug-iphonesimulator/Swiftfin\ iOS.app/Frameworks --strip-bitcode --strip-bitcode-tool /Applications/Xcode.app/Contents/Developer/Toolchains/XcodeDefault.xctoolchain/usr/bin/bitcode_strip --emit-dependency-info /Users/andrejvysny/Library/Developer/Xcode/DerivedData/Swiftfin-fgghtvigwpcaqzejbcbexicnucjq/Build/Intermediates.noindex/Swiftfin.build/Debug-iphonesimulator/Swiftfin\ iOS.build/SwiftStdLibToolInputDependencies.dep --filter-for-swift-os

CodeSign /Users/andrejvysny/Library/Developer/Xcode/DerivedData/Swiftfin-fgghtvigwpcaqzejbcbexicnucjq/Build/Products/Debug-iphonesimulator/Swiftfin\ iOS.app/Swiftfin\ iOS.debug.dylib (in target 'Swiftfin iOS' from project 'Swiftfin')
    cd /Users/andrejvysny/andrejvysny/Swiftfin
    
    Signing Identity:     "Sign to Run Locally"
    
    /usr/bin/codesign --force --sign - --timestamp\=none --generate-entitlement-der /Users/andrejvysny/Library/Developer/Xcode/DerivedData/Swiftfin-fgghtvigwpcaqzejbcbexicnucjq/Build/Products/Debug-iphonesimulator/Swiftfin\ iOS.app/Swiftfin\ iOS.debug.dylib

CodeSign /Users/andrejvysny/Library/Developer/Xcode/DerivedData/Swiftfin-fgghtvigwpcaqzejbcbexicnucjq/Build/Products/Debug-iphonesimulator/Swiftfin\ iOS.app/__preview.dylib (in target 'Swiftfin iOS' from project 'Swiftfin')
    cd /Users/andrejvysny/andrejvysny/Swiftfin
    
    Signing Identity:     "Sign to Run Locally"
    
    /usr/bin/codesign --force --sign - --timestamp\=none --generate-entitlement-der /Users/andrejvysny/Library/Developer/Xcode/DerivedData/Swiftfin-fgghtvigwpcaqzejbcbexicnucjq/Build/Products/Debug-iphonesimulator/Swiftfin\ iOS.app/__preview.dylib
/Users/andrejvysny/Library/Developer/Xcode/DerivedData/Swiftfin-fgghtvigwpcaqzejbcbexicnucjq/Build/Products/Debug-iphonesimulator/Swiftfin iOS.app/__preview.dylib: replacing existing signature

CodeSign /Users/andrejvysny/Library/Developer/Xcode/DerivedData/Swiftfin-fgghtvigwpcaqzejbcbexicnucjq/Build/Products/Debug-iphonesimulator/Swiftfin\ iOS.app (in target 'Swiftfin iOS' from project 'Swiftfin')
    cd /Users/andrejvysny/andrejvysny/Swiftfin
    
    Signing Identity:     "Sign to Run Locally"
    
    /usr/bin/codesign --force --sign - --entitlements /Users/andrejvysny/Library/Developer/Xcode/DerivedData/Swiftfin-fgghtvigwpcaqzejbcbexicnucjq/Build/Intermediates.noindex/Swiftfin.build/Debug-iphonesimulator/Swiftfin\ iOS.build/Swiftfin\ iOS.app.xcent --timestamp\=none --generate-entitlement-der /Users/andrejvysny/Library/Developer/Xcode/DerivedData/Swiftfin-fgghtvigwpcaqzejbcbexicnucjq/Build/Products/Debug-iphonesimulator/Swiftfin\ iOS.app

Validate /Users/andrejvysny/Library/Developer/Xcode/DerivedData/Swiftfin-fgghtvigwpcaqzejbcbexicnucjq/Build/Products/Debug-iphonesimulator/Swiftfin\ iOS.app (in target 'Swiftfin iOS' from project 'Swiftfin')
    cd /Users/andrejvysny/andrejvysny/Swiftfin
    builtin-validationUtility /Users/andrejvysny/Library/Developer/Xcode/DerivedData/Swiftfin-fgghtvigwpcaqzejbcbexicnucjq/Build/Products/Debug-iphonesimulator/Swiftfin\ iOS.app -infoplist-subpath Info.plist

note: Run script build phase 'Run Swiftgen.swift' will be run during every build because the option to run the script phase "Based on dependency analysis" is unchecked. (in target 'Swiftfin iOS' from project 'Swiftfin')
note: Run script build phase 'Run SwiftFormat' will be run during every build because the option to run the script phase "Based on dependency analysis" is unchecked. (in target 'Swiftfin iOS' from project 'Swiftfin')
** BUILD SUCCEEDED **

